<?xml version="1.0" encoding="utf-8"?>
<COLLADA xmlns="http://www.collada.org/2005/11/COLLADASchema" version="1.4.1" xmlns:xsi="http://www.w3.org/2001/XMLSchema-instance">
  <asset>
    <contributor>
      <author>Blender User</author>
      <authoring_tool>Blender 3.2.2 commit date:2022-08-02, commit time:18:15, hash:bcfdb14560e7</authoring_tool>
    </contributor>
    <created>2022-08-17T23:27:23</created>
    <modified>2022-08-17T23:27:23</modified>
    <unit name="meter" meter="1"/>
    <up_axis>Z_UP</up_axis>
  </asset>
  <library_cameras>
    <camera id="Camera-camera" name="Camera">
      <optics>
        <technique_common>
          <perspective>
            <xfov sid="xfov">39.59775</xfov>
            <aspect_ratio>1.777778</aspect_ratio>
            <znear sid="znear">0.1</znear>
            <zfar sid="zfar">100</zfar>
          </perspective>
        </technique_common>
      </optics>
      <extra>
        <technique profile="blender">
          <shiftx sid="shiftx" type="float">0</shiftx>
          <shifty sid="shifty" type="float">0</shifty>
          <dof_distance sid="dof_distance" type="float">10</dof_distance>
        </technique>
      </extra>
    </camera>
  </library_cameras>
  <library_lights>
    <light id="Light-light" name="Light">
      <technique_common>
        <point>
          <color sid="color">1000 1000 1000</color>
          <constant_attenuation>1</constant_attenuation>
          <linear_attenuation>0</linear_attenuation>
          <quadratic_attenuation>0.00111109</quadratic_attenuation>
        </point>
      </technique_common>
      <extra>
        <technique profile="blender">
          <type sid="type" type="int">0</type>
          <flag sid="flag" type="int">0</flag>
          <mode sid="mode" type="int">1</mode>
          <gamma sid="blender_gamma" type="float">1</gamma>
          <red sid="red" type="float">1</red>
          <green sid="green" type="float">1</green>
          <blue sid="blue" type="float">1</blue>
          <shadow_r sid="blender_shadow_r" type="float">0</shadow_r>
          <shadow_g sid="blender_shadow_g" type="float">0</shadow_g>
          <shadow_b sid="blender_shadow_b" type="float">0</shadow_b>
          <energy sid="blender_energy" type="float">1000</energy>
          <dist sid="blender_dist" type="float">29.99998</dist>
          <spotsize sid="spotsize" type="float">75</spotsize>
          <spotblend sid="spotblend" type="float">0.15</spotblend>
          <att1 sid="att1" type="float">0</att1>
          <att2 sid="att2" type="float">1</att2>
          <falloff_type sid="falloff_type" type="int">2</falloff_type>
          <clipsta sid="clipsta" type="float">0.04999995</clipsta>
          <clipend sid="clipend" type="float">30.002</clipend>
          <bias sid="bias" type="float">1</bias>
          <soft sid="soft" type="float">3</soft>
          <bufsize sid="bufsize" type="int">2880</bufsize>
          <samp sid="samp" type="int">3</samp>
          <buffers sid="buffers" type="int">1</buffers>
          <area_shape sid="area_shape" type="int">1</area_shape>
          <area_size sid="area_size" type="float">0.1</area_size>
          <area_sizey sid="area_sizey" type="float">0.1</area_sizey>
          <area_sizez sid="area_sizez" type="float">1</area_sizez>
        </technique>
      </extra>
    </light>
  </library_lights>
  <library_effects>
    <effect id="Tree_1Mat-effect">
      <profile_COMMON>
        <newparam sid="Tree_1Mat_baseColor_png-surface">
          <surface type="2D">
            <init_from>Tree_1Mat_baseColor_png</init_from>
          </surface>
        </newparam>
        <newparam sid="Tree_1Mat_baseColor_png-sampler">
          <sampler2D>
            <source>Tree_1Mat_baseColor_png-surface</source>
          </sampler2D>
        </newparam>
        <technique sid="common">
          <lambert>
            <emission>
              <color sid="emission">0 0 0 1</color>
            </emission>
            <diffuse>
              <texture texture="Tree_1Mat_baseColor_png-sampler" texcoord="UVMap"/>
            </diffuse>
            <index_of_refraction>
              <float sid="ior">1.45</float>
            </index_of_refraction>
          </lambert>
        </technique>
      </profile_COMMON>
    </effect>
    <effect id="Tree_0Mat-effect">
      <profile_COMMON>
        <newparam sid="Tree_0Mat_baseColor_png-surface">
          <surface type="2D">
            <init_from>Tree_0Mat_baseColor_png</init_from>
          </surface>
        </newparam>
        <newparam sid="Tree_0Mat_baseColor_png-sampler">
          <sampler2D>
            <source>Tree_0Mat_baseColor_png-surface</source>
          </sampler2D>
        </newparam>
        <technique sid="common">
          <lambert>
            <emission>
              <color sid="emission">0 0 0 1</color>
            </emission>
            <diffuse>
              <texture texture="Tree_0Mat_baseColor_png-sampler" texcoord="UVMap"/>
            </diffuse>
            <index_of_refraction>
              <float sid="ior">1.45</float>
            </index_of_refraction>
          </lambert>
        </technique>
      </profile_COMMON>
    </effect>
  </library_effects>
  <library_images>
    <image id="Tree_0Mat_baseColor_png" name="Tree_0Mat_baseColor_png">
      <init_from>Tree_0Mat_baseColor.png</init_from>
    </image>
    <image id="Tree_1Mat_baseColor_png" name="Tree_1Mat_baseColor_png">
      <init_from>Tree_1Mat_baseColor.png</init_from>
    </image>
  </library_images>
  <library_materials>
    <material id="Tree_1Mat-material" name="Tree_1Mat">
      <instance_effect url="#Tree_1Mat-effect"/>
    </material>
    <material id="Tree_0Mat-material" name="Tree_0Mat">
      <instance_effect url="#Tree_0Mat-effect"/>
    </material>
  </library_materials>
  <library_geometries>
    <geometry id="Tree_1_Tree_1Mat_0-mesh" name="Tree_1_Tree_1Mat_0">
      <mesh>
        <source id="Tree_1_Tree_1Mat_0-mesh-positions">
          <float_array id="Tree_1_Tree_1Mat_0-mesh-positions-array" count="7662">50.44117 -36.58735 178.0854 38.67128 -24.73228 170.1648 46.66399 -34.56666 181.443 39.7527 -34.29448 184.2807 33.64735 -36.41202 184.5117 60.80698 -52.84753 181.4711 54.77858 -49.58956 190.1423 40.98838 -49.40766 196.3893 28.58099 -53.20694 194.6036 62.28566 -63.09735 182.4625 57.54499 -64.02415 193.8909 42.57268 -65.05659 201.0962 28.69283 -65.27338 196.4884 61.34718 -74.26839 180.8479 57.99806 -80.5447 191.5037 43.15786 -84.21886 197.8756 29.57668 -80.92946 192.4504 57.16824 -85.86608 176.3534 55.74119 -93.49777 181.9644 45.22493 -97.77379 185.0756 35.76242 -93.10071 181.605 50.72655 -104.4731 167.8883 1.99179 -1.54739 217.6012 13.24023 -18.38885 206.0561 8.21727 -4.30176 220.3189 17.36817 -5.73089 221.5207 13.24023 -18.38885 206.0561 25.86097 -4.83608 220.2679 -7.44852 21.03807 225.5815 4.48663 15.67929 232.7188 22.99929 12.18085 234.8959 39.74133 12.86497 229.7554 -6.20935 37.8952 228.6686 6.82539 34.82511 238.4739 26.98632 29.68682 240.5737 43.80077 25.09056 231.9042 -1.1331 54.72897 226.0393 12.49306 56.10156 235.8829 32.62035 50.99587 237.8828 47.28475 41.34997 228.9219 10.32995 66.74382 217.5106 20.56916 70.82012 223.0527 34.99032 67.41545 224.2425 43.93796 57.37608 219.2467 31.78225 78.65322 204.6527 68.86481 39.06377 220.7972 40.59439 39.2191 212.9666 62.26862 32.92754 223.9293 54.79092 24.38233 225.6202 48.33477 15.29288 225.0765 101.332 31.26448 226.71 87.00212 20.02197 233.41 69.85649 4.33991 235.7802 54.49903 -11.97945 232.1499 120.6512 12.34737 228.3325 104.4169 0.76176 236.3594 82.64148 -12.93228 238.3395 61.27351 -24.69493 232.3088 133.5565 -10.03207 221.1108 118.1739 -22.85662 229.2235 95.3708 -34.65433 231.6042 71.58504 -41.0469 226.18 131.696 -31.75166 206.4653 121.3711 -42.24205 211.4932 104.7942 -49.96249 213.5936 86.86935 -51.41681 211.3516 114.4811 -56.90779 188.9694 -3.86737 58.04832 240.5663 10.28253 50.0985 230.0069 0.97909 59.63167 240.6578 6.38079 63.42742 237.976 8.524411 67.2336 233.7594 -16.65498 73.84687 251.7928 -6.35418 74.76339 252.2336 5.20376 79.68325 245.1488 8.423951 85.3815 234.7461 -18.72968 94.60096 257.8668 -7.28366 92.80646 259.0234 5.24235 92.2768 249.3298 6.80861 93.82695 235.7658 -14.93273 116.8719 257.1461 -3.57196 113.8206 259.8518 7.59514 107.8622 250.4673 6.18109 104.9468 236.7184 -2.66147 131.9094 247.5633 5.47587 129.49 250.7588 11.65383 121.4656 245.9967 7.8746 116.5559 237.5039 17.15903 134.1593 235.8274 72.62638 -66.91812 318.8189 57.98042 -47.95848 305.6586 64.61815 -64.00539 322.007 53.92014 -62.13657 324.0532 43.26237 -62.13409 324.0572 85.21608 -93.04523 327.4481 69.43856 -87.45794 335.3526 47.74717 -83.02878 339.2383 26.25885 -81.54071 336.8633 84.27856 -112.8799 330.0417 66.65797 -109.8634 340.1197 42.84316 -104.1485 344.1613 20.36981 -97.27336 339.3064 78.88057 -131.5339 325.0101 60.34026 -133.2475 333.964 36.18754 -128.6868 337.2728 14.9756 -118.3175 332.3508 65.79771 -143.8133 312.28 52.07188 -147.7987 316.5219 34.61006 -145.274 317.9424 20.21609 -135.9227 315.3074 40.26411 -154.4711 293.6379 28.97234 -80.28946 343.8874 37.50054 -58.1184 325.3989 24.51558 -72.14529 342.0644 18.21144 -63.57639 337.9528 11.45153 -56.93847 332.2191 7.47138 -102.1741 364.09 2.29997 -84.31214 359.1123 -5.6801 -65.63411 347.8965 -14.6057 -51.77032 332.5561 -27.86672 -107.9528 372.4675 -26.2858 -87.54541 366.4731 -24.08992 -66.54776 351.9444 -21.88297 -51.88985 331.9016 -64.61032 -104.649 364.7188 -57.97873 -84.59885 361.0061 -46.69728 -65.01815 348.9516 -33.83571 -53.08241 331.1057 -84.72816 -88.34992 340.0745 -77.64723 -74.62936 340.2636 -64.66246 -62.4765 336.0239 -49.52544 -56.92255 328.0443 -79.52501 -61.11386 314.6872 41.59801 74.77481 308.0868 38.91498 53.64307 290.8155 47.13957 68.77573 306.4538 54.66543 63.19175 302.1666 61.81969 60.21922 296.2053 56.25249 98.26782 326.9367 64.25 83.9583 322.6652 75.3884 70.41043 311.2102 85.71733 63.49918 295.7113 86.42785 110.482 335.0641 89.10921 92.53702 330.0928 91.41426 74.9917 315.214 92.18405 66.10187 295.0775 120.1 114.826 328.9049 118.4245 96.10065 326.1129 111.8315 78.04165 313.3293 102.5754 70.01113 294.8227 142.2548 104.1662 307.1234 138.9394 90.8004 307.7725 128.9007 78.72967 302.8016 116.2205 74.93835 293.7247 143.7418 78.822 284.4326 24.05827 19.7337 326.846 33.35743 33.61536 302.8861 21.15756 27.8371 323.6307 16.09988 36.16941 318.2406 9.94245 42.23426 311.8305 2.9069 8.286211 353.0364 0.52896 24.95294 344.9132 -5.5159 41.47875 330.6427 -14.02416 52.29108 313.6295 -30.78975 11.48696 365.2595 -26.43277 29.10403 355.259 -22.53083 45.15205 336.4635 -20.60812 53.42951 313.7754 -66.91217 20.57837 359.5313 -57.14815 37.28775 351.7651 -43.85394 50.58482 335.2877 -31.4945 54.47931 314.6811 -85.9265 36.5514 332.9872 -76.17443 47.78658 330.7802 -61.39071 55.06446 323.933 -46.74491 54.44337 314.3384 -76.54872 58.25888 304.0346 30.56986 -18.00351 403.8764 33.28712 -37.04193 387.6279 36.73957 -22.05507 402.7738 44.88551 -25.01189 398.959 51.77033 -25.25438 393.51 37.17739 5.97843 421.4775 47.59989 -4.68852 418.6748 61.34099 -13.39944 408.4223 72.05236 -15.15862 394.2666 59.18614 23.99484 430.0008 66.70922 9.199661 426.8602 74.39398 -5.00795 413.1201 77.80099 -10.21367 394.3136 86.82477 37.13267 426.4319 91.57275 20.7051 425.1126 91.85725 3.57187 412.7009 86.48083 -3.36962 394.6879 110.2013 35.03506 408.4101 112.2239 22.72469 409.567 107.3633 9.500941 404.1912 97.53984 4.52654 394.6455 121.4878 14.21889 388.1828 121.4878 14.21889 388.1828 52.47062 -72.80963 407.6365 39.98453 -55.70949 394.0841 44.94849 -71.23236 408.5637 35.2993 -71.2548 407.2522 27.15164 -73.25611 403.7212 61.79091 -97.24929 420.7928 46.98885 -92.40487 423.0862 27.79762 -90.09317 418.8734 12.50872 -92.04052 408.6572 57.22596 -120.7281 427.5262 41.47808 -113.8716 430.9322 22.09996 -106.0774 424.6099 8.773691 -101.3614 409.7334 46.73032 -144.2026 425.3258 30.92347 -137.5918 429.9532 13.67462 -125.5818 424.2438 5.00403 -114.1517 409.2766 29.26293 -156.9922 412.5802 17.56373 -153.003 416.3857 6.89484 -141.9425 414.166 4.48978 -129.5062 406.0434 3.44208 -156.061 396.4247 38.18237 17.23928 352.8952 28.4115 29.79588 329.0852 29.65545 17.05436 349.8493 20.21629 14.81831 344.6404 12.63701 10.76773 338.4183 43.43888 -5.33196 378.4269 26.73132 -2.80186 371.083 8.91679 -3.96834 357.5635 -4.06569 -9.26236 341.1687 32.81011 -35.04929 390.6409 16.34656 -26.80707 381.7886 0.89632 -19.47541 363.9258 -7.45769 -16.03695 341.8093 16.6306 -66.66088 386.2985 1.75826 -54.24786 379.3797 -9.386671 -39.07423 363.3787 -11.40438 -26.76159 342.8607 -2.52189 -82.14997 361.6025 -12.21871 -71.10004 359.5228 -17.21031 -55.69633 352.5411 -14.26287 -41.80124 342.6757 -22.69037 -70.47139 333.1612 14.55583 40.43466 358.7441 27.95261 29.87273 334.2265 22.74766 42.9483 355.0662 31.21146 47.51686 349.1888 37.5053 53.25128 342.3554 6.1382 63.82849 385.9669 22.48653 64.6618 376.3766 38.63428 68.95585 360.6742 49.32138 76.09399 342.571 15.27429 99.60691 397.6976 30.99112 92.1492 385.8901 44.50024 85.22871 365.6181 50.58418 81.38747 342.1163 31.36523 135.367 389.4693 44.67216 121.6011 380.488 53.30222 105.0868 363.3637 52.97828 91.45793 342.7843 50.76842 150.1355 360.1658 58.66288 137.3166 357.7922 61.32195 120.7235 351.1664 56.53992 106.2562 342.0517 68.38196 133.9599 330.5713 53.86513 -36.27063 449.0131 33.2143 -36.26075 428.695 48.4997 -43.00206 446.5458 43.87875 -51.58175 441.6367 41.66955 -59.65811 435.3125 78.49968 -48.78634 471.4031 65.01626 -59.17148 464.9055 52.96796 -72.36254 451.7414 46.98315 -84.28773 435.0951 94.45758 -80.08082 480.9442 76.39766 -84.60095 473.0974 59.1949 -88.44923 456.0768 49.75787 -89.97238 434.4672 103.1799 -115.7667 473.5993 83.56832 -114.9739 468.2198 64.64627 -109.1878 453.8045 54.58475 -99.75333 434.4588 95.27079 -139.4882 448.2379 80.95545 -136.2054 447.6437 67.5651 -126.4179 442.1562 61.42243 -113.1754 433.2127 69.81589 -141.1757 422.3142 13.06102 -21.66534 454.9454 31.54791 -33.53688 433.8039 21.88414 -18.76743 452.4333 31.33945 -14.0675 447.7249 38.96669 -8.461791 441.6321 -2.3157 3.12835 478.2205 15.98037 4.87885 471.4838 35.19503 9.41892 458.6981 49.81013 16.00484 442.3515 0.45186 39.6409 488.1873 19.61246 33.76222 479.9137 38.57241 27.45396 463.3041 51.21544 22.64392 441.8788 11.77649 76.19548 480.3441 29.39266 64.7771 474.5184 44.91887 49.29341 460.604 52.58219 34.18509 441.6419 31.3434 93.01062 453.6506 42.7389 82.28215 452.771 50.97953 66.4808 447.6587 52.3821 50.3085 439.2849 55.33221 80.92564 426.1532 39.89947 -7.26194 200.5273 47.48479 -19.73139 180.5001 47.50187 -8.67056 199.2393 56.59491 -8.09262 195.5456 63.71709 -5.28991 190.4162 30.7336 12.06274 215.246 46.53862 10.04464 214.7777 64.98371 11.07434 207.1778 77.9313 15.38518 194.3662 28.56804 28.59868 217.6781 46.13819 30.31705 219.2653 66.59254 30.28881 211.0649 79.76305 28.12382 195.1515 26.85795 50.44815 209.0541 44.26454 54.16328 211.4196 65.08517 50.77299 205.1887 77.92459 40.64735 192.0535 34.40106 64.60493 189.5083 46.75412 68.48024 191.3275 61.73636 64.06037 189.9359 70.35454 52.33156 185.5112 56.5456 71.72049 168.5777 1.85463 -37.6483 232.6585 4.04758 -20.11266 219.3532 -1.75287 -32.00835 233.9781 -8.313321 -26.12064 233.228 -15.12912 -23.0069 230.2836 -2.2002 -58.53951 241.6209 -9.81751 -48.11894 246.6979 -23.71039 -36.77145 245.938 -37.04288 -31.09768 238.3842 -8.05427 -68.68103 243.8406 -18.76784 -61.53603 252.421 -35.48375 -50.95477 252.5259 -48.25623 -43.3182 242.0973 -16.85126 -81.01768 242.1258 -29.53056 -78.80626 251.2569 -46.92049 -69.50013 251.4277 -56.92724 -58.5351 240.4789 -29.97901 -90.10678 234.3979 -40.16959 -91.79961 239.6756 -52.53068 -85.14738 240.1896 -57.22213 -73.87598 234.4692 -52.64931 -96.75775 222.032 44.8157 70.23394 238.3609 49.97419 46.8539 223.0317 53.71225 66.44052 237.7434 64.49884 63.07241 234.9912 74.67437 61.13201 230.3819 36.76744 96.83192 248.389 55.69232 91.36647 249.3007 78.40681 86.50595 244.7826 99.10337 83.79946 234.9782 36.44257 113.1512 249.051 58.11149 112.9328 251.7686 83.8348 111.0897 247.492 106.4196 107.8507 236.0602 37.16111 134.8892 241.2107 58.63795 138.5502 243.7914 84.43408 137.5559 239.7601 106.8242 131.2482 229.0599 45.92394 152.1049 221.8224 61.05574 156.3067 223.365 79.59603 154.9335 221.8387 95.64969 147.2974 217.14 70.9497 164.1524 197.6286 10.50932 34.24548 261.1174 5.38057 48.67227 245.8021 5.47419 38.21905 262.0149 -2.45072 41.12955 260.9712 -9.537691 41.0715 258.083 12.78612 14.33195 272.1366 2.72971 21.86646 276.0531 -13.22666 28.01325 273.7349 -26.16782 28.44635 265.1673 9.09748 1.62166 274.9256 -3.12523 6.04087 281.8018 -20.63675 12.99613 279.3181 -31.80555 17.96975 267.1041 2.41973 -13.75499 271.266 -10.73802 -13.27212 278.5272 -27.76139 -5.18304 276.6657 -35.54036 5.58482 265.1516 -9.62743 -23.49647 260.1378 -19.69443 -25.60275 264.2989 -31.27065 -18.69606 264.5017 -34.17633 -7.09148 259.7042 -31.18513 -27.88222 245.9908 75.48823 -25.00354 333.1606 68.43579 -47.78944 319.7387 79.68352 -33.10835 335.0155 86.20633 -42.28354 335.2587 93.64579 -50.04858 333.4551 82.11996 1.0057 341.1078 92.28106 -13.5841 347.6582 107.545 -30.50693 349.9593 124.1023 -44.79887 346.319 88.35379 11.54935 342.5409 103.8444 1.54691 352.5875 124.5258 -12.41256 356.7612 144.2736 -26.29531 352.3004 98.63388 25.03275 339.7889 117.0959 21.16222 349.2932 139.9941 11.01105 352.7164 159.6212 -2.94523 347.4349 114.673 35.13976 329.2192 129.0903 35.79794 334.0622 146.035 29.83644 335.7795 159.1688 18.24792 332.9985 143.2401 41.68604 311.7027 54.88262 -57.4571 360.7369 39.41861 -64.55298 344.7596 51.00731 -63.47186 361.798 48.32772 -72.28464 361.0003 48.42626 -80.35432 358.2673 76.00944 -52.42467 372.1702 68.8493 -64.50727 376.5303 63.45293 -82.42148 374.9847 63.2032 -97.7467 366.9612 89.54039 -54.64069 375.177 86.07616 -68.81092 382.634 80.67255 -88.73947 381.2208 76.20663 -103.4898 369.7352 106.3749 -59.81489 371.6114 107.2664 -74.55522 379.3209 101.2928 -94.29306 378.358 90.98292 -106.6563 367.4124 118.2703 -71.58355 359.9598 121.4851 -82.49813 364.3493 116.2617 -96.23517 364.9641 104.6695 -103.0827 360.5098 125.7087 -94.45481 344.865 13.36905 55.33616 329.7063 36.15422 61.36189 314.1211 19.20923 62.63754 331.9731 24.96756 72.60248 333.0697 29.04323 83.07674 332.4378 -13.12303 49.09199 339.5455 -3.37843 64.34753 346.9956 6.26037 85.41464 351.065 12.90188 107.2891 349.8065 -25.79985 50.24298 342.1511 -22.24297 68.41228 353.4367 -17.21556 93.1147 359.7353 -12.01047 117.8483 357.9526 -42.85182 54.61242 340.1835 -46.0925 73.34156 350.8307 -45.37313 98.7126 356.3276 -40.09275 123.4449 353.686 -58.40039 66.73654 329.943 -64.26929 80.20723 335.4045 -65.18407 98.47835 338.4136 -59.75872 115.8871 337.3493 -74.47798 92.66285 312.9488 49.71989 42.75268 339.2829 36.32654 32.70107 328.6262 46.72734 38.63403 341.8546 45.05201 31.25451 343.477 46.13041 24.60509 342.8431 68.05323 49.68633 347.0266 62.40443 42.335 353.9728 58.83105 27.39858 357.1359 60.56532 14.38627 353.1759 79.50518 48.9075 350.1598 77.06887 41.33422 360.4253 73.77544 24.81921 364.1603 72.28427 11.60965 356.5909 92.87038 45.31086 349.8525 95.21765 37.84304 360.697 92.50524 21.30973 364.4484 86.25226 9.81759 355.8691 104.1008 36.37489 345.6135 109.3131 30.71985 351.9481 107.2882 19.03237 354.8324 98.69139 12.6874 350.418 117.0632 19.20245 338.1508 11.5723 -29.85253 419.4721 29.54014 -28.96055 410.8219 15.95349 -27.02534 422.5397 20.56366 -20.70359 424.5755 22.63806 -13.86607 424.0693 -8.24471 -31.14348 424.6 -0.89064 -26.21243 433.124 6.5093 -12.90151 439.1797 8.71357 1.39387 437.8637 -16.7188 -29.33374 426.5889 -13.60034 -24.7852 439.1908 -10.70922 -9.621191 448.5245 -10.4327 6.40733 446.2888 -27.55459 -26.8428 428.3298 -30.20527 -23.88888 441.8794 -32.81235 -8.97584 451.5524 -33.00758 7.08604 447.729 -39.67855 -23.50742 429.262 -46.01095 -22.92899 437.5812 -51.2691 -12.74313 443.233 -49.95451 -1.10284 439.9838 -61.72372 -19.65791 426.6921 62.57626 -52.84098 422.72 52.19996 -61.32175 415.4632 61.65369 -56.19556 424.5731 62.61835 -61.99117 425.1294 65.11695 -65.68606 423.5365 74.55601 -43.42317 428.1174 72.66316 -49.10798 433.3997 75.56756 -60.4567 435.5682 81.39862 -66.87508 431.5449 82.47757 -40.07395 430.8713 81.76593 -44.10979 438.9542 87.28203 -55.23606 442.9902 93.73365 -61.51775 437.1252 92.02079 -35.81397 433.0973 92.98027 -36.86257 442.5421 100.7263 -46.10675 447.2585 105.991 -52.50648 439.7467 101.6412 -31.67939 434.4963 103.9234 -29.58775 441.1374 110.7894 -34.79607 444.2826 112.5266 -40.65862 438.4263 116.15 -23.39895 434.6873 51.67209 42.32082 359.2934 30.95446 29.92483 349.9562 46.82994 37.12923 365.1165 42.61763 28.9652 371.4043 40.46838 19.65425 376.3365 71.41679 56.89727 359.5134 65.03248 49.48481 375.4276 61.4087 35.67215 393.0012 62.38238 18.66063 406.7049 74.98064 57.74208 358.9216 76.81962 57.68715 379.5473 84.2774 51.05318 402.4765 95.87712 38.80281 419.8431 83.2448 61.98063 360.0935 91.55519 69.71813 377.5689 107.7287 71.44609 396.5378 127.1054 65.16233 409.8376 95.17903 71.64373 358.4949 103.4101 81.48529 366.3265 118.3235 87.0909 374.3414 135.0408 85.16186 379.1778 115.4363 93.21205 347.3036 29.00945 7.61655 367.9348 26.48683 29.6406 353.0956 24.99576 14.73885 370.8822 17.94593 22.47198 372.8913 9.582361 28.29126 373.05 26.36125 -18.15537 378.3176 18.09189 -4.83354 386.4829 3.40844 10.42583 391.0623 -13.5429 22.22512 389.4764 19.19396 -30.53668 382.0009 7.12274 -20.45961 393.7284 -10.64564 -5.53339 399.5277 -27.92391 9.058771 395.6119 6.7935 -43.91665 379.95 -8.42797 -38.44613 391.3414 -27.26911 -24.81302 396.8185 -41.89149 -7.44957 392.5453 -11.39544 -49.75471 370.3912 -24.2163 -48.3369 376.5946 -37.82738 -38.80882 380.41 -45.63858 -24.11928 379.4152 -40.12417 -47.48924 356.3609 27.67832 -22.33087 457.1157 36.86582 -35.10258 443.4387 32.96536 -25.14381 458.7553 41.12971 -26.26794 458.9158 48.05817 -24.60662 457.1258 19.52809 -4.76185 467.2213 29.5864 -9.96371 472.7836 46.16988 -11.90086 473.5572 59.48679 -8.444911 467.84 19.01416 6.10492 470.6958 29.42134 4.62457 480.1083 47.73849 4.1761 481.81 61.53696 5.35139 472.6647 20.20466 20.04876 470.7465 29.6615 23.74978 481.0429 47.88649 24.51992 482.8496 60.9397 21.02794 472.6809 26.65588 33.67013 465.5798 32.79165 39.99204 471.6601 45.73018 40.52462 473.2216 54.43262 33.50887 467.7841 41.48326 50.71799 456.1759 20.9029 -55.12144 457.1109 28.81611 -32.84613 443.0907 18.97 -46.47089 460.4193 14.67583 -36.20592 462.9222 8.72287 -26.90261 463.7247 12.75629 -80.24901 464.9065 7.2905 -64.88719 475.1394 -3.73334 -46.11047 483.1552 -18.11143 -29.00677 485.9717 7.76346 -87.98899 466.7709 -3.28961 -78.27748 482.2114 -20.80659 -64.01818 494.3206 -40.31046 -49.01147 498.3002 -1.40068 -98.02423 467.384 -16.71647 -96.18006 482.2768 -38.41664 -88.31303 493.3762 -60.04281 -75.96228 495.8515 -16.70269 -107.2725 463.1164 -29.72544 -110.6891 470.6771 -46.99625 -108.2303 476.1494 -62.75281 -99.58702 476.9714 -45.06623 -119.2029 450.6541 88.22451 -16.75661 202.7704 62.7883 -20.233 191.9973 83.334 -23.7498 203.0977 78.53281 -32.83687 200.9009 75.55839 -41.26205 196.3711 119.0231 -23.49349 214.5276 106.338 -35.35624 214.876 93.09906 -50.83934 208.429 84.45102 -64.61467 196.18 140.2576 -47.06299 219.5604 123.102 -55.84268 220.1836 103.3361 -65.3254 211.4821 89.04372 -71.50778 195.1499 153.4883 -76.21437 213.5245 135.1535 -82.29757 215.8734 112.8293 -84.72817 208.7555 96.33251 -81.52 193.4617 148.415 -100.8921 195.9911 135.1069 -104.1671 199.2779 118.657 -101.4085 197.222 106.935 -92.71998 189.7137 123.8684 -115.0903 177.7357 -11.82852 9.388401 237.9625 3.62844 -6.51924 225.4044 -4.1692 8.98354 238.8148 5.32779 10.36944 237.3121 13.00719 13.38305 233.5308 -23.60025 33.7979 251.4494 -8.35069 30.47396 253.0857 10.71178 30.04933 247.9929 25.16757 33.42127 237.0623 -19.50533 59.84359 259.0897 -3.57147 53.04248 261.2312 15.37721 45.74196 253.3863 27.68535 41.81589 237.5213 -7.84678 85.49217 257.0671 7.54769 77.50833 260.5887 23.52678 64.65916 253.4067 30.57538 53.59852 237.428 11.61071 98.5059 243.5248 22.55957 92.69425 247.0893 31.44134 80.31467 244.307 31.92712 68.095 235.6109 37.44379 94.0056 227.2501 77.6771 30.00058 232.8243 58.00156 34.83521 228.1571 73.12751 27.77727 235.9252 67.14432 22.68499 237.2838 63.10513 17.17595 235.6033 98.63275 19.33907 236.5918 89.49428 16.04174 243.7413 76.24206 7.01062 245.7393 67.49241 -2.60144 239.8705 109.218 4.45719 239.2592 99.98471 0.92059 248.4619 83.72756 -6.16291 249.8159 72.24023 -11.76873 240.3613 115.6806 -13.19097 237.8183 107.8373 -18.5234 247.9504 90.87055 -23.37391 249.4364 78.47068 -23.13741 238.9645 113.1467 -30.28599 232.6709 108.4264 -36.23384 239.641 96.12036 -38.38461 241.2498 87.25901 -33.71997 234.703 101.8371 -50.12787 226.5198 -7.11636 70.73254 262.7029 0.39755 57.73233 253.6156 -3.52117 68.3945 264.873 3.15128 67.32838 265.8189 8.55845 68.69429 264.4861 -12.6734 87.90724 269.9881 -6.40198 83.0984 275.7031 7.03934 80.43938 277.3515 17.25801 82.87302 272.4295 -10.96896 100.6168 274.1566 -4.7293 97.11751 282.5009 9.776741 92.93494 283.8402 19.40462 92.25489 275.1527 -6.18719 114.0393 275.0705 0.11231 113.8486 284.6131 14.28971 108.949 285.9614 21.44137 104.0601 275.7574 2.97454 124.3751 272.3414 7.965 127.1604 278.8137 17.88933 123.3478 279.9335 20.79113 116.5845 273.1628 18.60673 135.6666 267.721 75.26644 -72.41623 337.1115 70.45782 -58.60952 329.0236 73.11009 -69.34659 339.7846 67.4963 -66.58475 341.929 62.00048 -66.42398 341.6869 77.26271 -89.55793 342.088 74.06887 -84.22471 349.0645 62.77496 -78.76391 353.6934 51.97832 -78.27645 351.039 74.14294 -99.47162 344.4575 70.89434 -97.10514 354.2069 58.46193 -91.36637 359.4958 48.12843 -87.66479 353.5808 68.46461 -109.4203 344.3522 64.51393 -111.5603 354.3945 51.63514 -107.0266 359.5093 43.59482 -99.90454 352.4037 59.93744 -117.6563 341.6976 56.48774 -122.3172 347.6845 46.81441 -120.1393 350.634 42.81248 -112.7208 345.9391 46.74245 -130.1064 336.4915 10.63938 -71.8021 375.6778 29.75794 -64.7495 359.3635 16.30901 -65.66748 377.9404 21.60769 -56.52799 379.0301 24.60511 -46.86006 378.2932 -15.14111 -74.93082 387.8741 -4.09176 -62.82346 394.2966 7.04717 -44.44137 396.381 13.98999 -25.44405 392.3208 -31.94831 -67.99875 392.584 -22.7793 -53.36117 401.7124 -9.71274 -33.52999 403.7899 2.58007 -15.75896 396.3307 -47.37227 -57.26128 389.6226 -42.68494 -40.13695 398.1728 -30.3687 -19.82584 399.8408 -14.42998 -5.03772 392.3125 -55.08455 -41.69823 378.0303 -54.52224 -28.03843 382.0869 -46.28764 -13.18743 382.6106 -32.8282 -4.34639 378.5596 -57.64818 -15.53709 359.8368 35.43773 87.07097 349.0959 36.57893 67.50457 330.4542 41.34864 81.29579 348.3407 49.72033 76.1155 345.3948 57.97088 73.63153 340.8518 44.3963 110.2005 370.291 53.987 96.5614 367.6686 67.9803 83.9975 358.5773 81.47581 78.08422 345.3573 69.65727 124.7733 382.6439 75.61603 107.3809 378.9831 82.71971 90.13259 365.4375 87.89857 81.15354 346.0919 101.1644 134.1248 381.2449 103.7534 115.4826 379.1127 102.5655 96.28783 366.4611 97.36 86.29184 347.4269 126.0804 128.6216 362.4666 126.2332 114.8924 363.0429 119.9151 100.7711 357.5414 109.2305 94.07706 347.6961 134.9375 105.0132 339.9786 41.46543 19.72439 366.0957 37.28443 30.1629 347.8843 36.223 22.48933 364.9749 28.82054 23.1171 361.8303 23.25495 20.67575 358.0773 39.35457 4.52618 386.4726 29.98086 11.93268 383.7435 16.59914 14.72873 374.769 7.76079 9.792441 364.4123 24.82994 -9.654471 399.2783 16.53281 0.80251 396.1237 6.82522 7.5971 382.5748 3.2426 4.36432 367.1724 4.13952 -24.3815 402.4376 -2.87628 -12.3147 400.582 -6.79159 -1.75705 386.6352 -3.35572 -2.63519 370.554 -17.14944 -30.00163 390.206 -21.55106 -20.5323 390.4496 -19.71725 -10.45033 382.8609 -12.16094 -9.76783 373.4015 -32.59646 -18.40901 371.6778 42.65311 -1.67492 438.0034 36.22076 -17.47087 426.3057 42.82038 -7.32192 440.2957 45.93213 -14.7562 441.378 50.85149 -19.92295 440.285 54.98194 14.94747 448.3239 54.52697 4.06945 454.2312 60.07014 -11.38316 455.7359 69.18365 -21.66835 450.7022 68.99817 21.18059 454.5331 69.54293 10.35276 463.169 73.52781 -7.34048 463.7812 78.57561 -19.37121 453.9981 85.77196 24.12443 455.8477 89.4784 14.58476 465.7207 91.95616 -3.30934 466.2864 90.71142 -15.4128 454.95 101.3795 19.55059 451.3224 107.0439 13.49993 457.8338 108.0888 0.70382 458.5447 102.4891 -7.59645 451.5084 119.8728 6.65146 443.4869 72.21894 -93.8525 437.1842 60.26041 -76.03617 427.7875 67.03733 -90.44498 440.9656 58.56067 -88.09645 443.9077 50.02026 -88.18898 444.3994 80.48155 -117.5182 444.7654 70.94123 -110.4523 453.5481 53.81867 -104.5748 458.741 36.61544 -103.3718 456.6538 77.29304 -134.8501 449.5727 66.92675 -129.2209 461.0381 48.69524 -120.5367 465.8669 31.91506 -113.3964 459.5536 69.04335 -150.7234 448.8962 57.25749 -149.2182 460.6646 39.23013 -140.1443 465.3198 25.78677 -127.9454 458.0848 54.73816 -159.9753 443.0154 44.84579 -161.9785 449.9385 31.75145 -155.8181 452.8355 24.52263 -144.2922 448.6562 30.61843 -167.5567 433.3397 37.91661 9.684691 392.8521 32.0803 22.94437 373.2776 31.9452 14.0348 392.4962 23.21957 16.90377 390.4796 15.10797 16.59739 387.3289 37.55405 -8.90016 414.593 26.64206 1.39742 413.566 10.27713 8.64287 406.9005 -4.20745 8.27967 396.7644 23.25388 -24.5965 428.962 12.96622 -11.42885 427.8802 -0.43821 0.35289 416.7008 -9.74795 3.44746 399.6883 1.82796 -40.71824 432.9225 -7.68903 -26.62367 433.145 -15.72255 -11.07453 421.5221 -16.66131 -3.94906 402.994 -21.18693 -46.34736 420.6895 -27.91573 -35.98346 422.0594 -29.53394 -22.38419 416.0084 -23.74613 -14.63714 405.2586 -41.13375 -33.69941 401.6007 28.31808 47.26171 387.7859 28.02739 36.96227 374.005 30.32246 43.27437 388.0174 35.46224 39.55482 386.7566 40.35886 39.22565 384.6393 33.62524 59.28453 402.7456 36.35788 50.69114 403.6585 45.83722 42.62865 399.6491 54.61023 43.00039 393.3537 45.04882 65.76567 413.1237 47.07968 55.9654 415.2828 54.64985 45.95757 408.3253 60.66123 46.77626 397.8412 61.11442 71.11325 419.0114 63.38424 61.39478 422.8765 67.36648 50.32085 414.8456 68.44703 51.45282 402.4143 78.33118 70.34357 416.2973 80.93704 63.62217 420.0511 80.41559 54.95889 414.8742 76.87857 56.05117 406.2277 94.03536 59.8471 408.548 54.24484 -48.47223 472.072 44.33572 -39.36856 460.9558 50.73875 -45.74047 474.256 44.1105 -44.7202 476.1709 38.52749 -46.62995 476.3044 62.73657 -62.78414 480.6754 57.02685 -57.34933 486.9107 43.70585 -55.26698 491.0741 32.62497 -59.2043 488.9822 63.26728 -72.92926 485.2076 58.34396 -69.94346 494.9493 43.76421 -67.50798 499.6186 32.00159 -68.21077 493.3176 61.00632 -84.18373 486.9269 56.61113 -86.17324 497.6432 42.00175 -84.67398 502.3057 31.58393 -80.63217 494.286 54.68544 -94.4543 485.145 51.65913 -99.65605 491.6368 41.06236 -99.75052 494.3555 34.78526 -93.58129 489.0904 44.02319 -110.1818 479.9895 16.31743 -18.08589 469.9997 25.45819 -30.09892 456.8188 20.45106 -21.8355 472.1448 27.93309 -24.27128 473.6671 34.97477 -23.54458 473.462 9.799301 -0.4455 481.2363 17.0831 -8.02537 487.321 32.16827 -13.31952 490.2039 46.10299 -11.9543 487.0233 12.02626 12.06084 487.5875 19.72595 6.26965 497.1846 35.99426 -0.66966 499.7993 49.50813 -3.33922 491.6509 18.08192 25.11511 489.6551 26.79774 23.93195 500.5046 42.92895 16.85334 503.0816 53.31344 9.063691 493.1663 29.15526 34.44508 486.3626 36.54831 37.29842 493.0475 48.20581 32.62029 494.657 53.16803 23.56801 488.4704 48.24349 44.93445 478.9125 71.98384 -3.75524 203.0848 66.88325 -19.57626 195.1415 74.56495 -8.12066 204.6604 79.85139 -13.16364 203.9365 84.82128 -15.50552 200.8244 76.9003 14.18761 208.1674 82.24475 6.47561 213.4788 93.97689 -2.64424 213.1015 104.0201 -6.01429 205.9397 81.83863 22.5675 209.4024 88.89624 17.8589 218.0481 103.5844 10.7723 219.0781 113.8655 7.42028 209.7428 88.09555 32.90023 209.2256 95.74636 32.96523 219.1445 111.3957 28.77147 220.4456 120.2337 23.82149 209.8519 96.2486 42.9994 206.7676 101.7713 47.00207 213.2124 113.1792 45.34832 213.9118 118.2638 38.81371 206.8534 109.9708 58.2474 200.8994 -18.51177 -12.78436 238.6617 2.43627 -2.68522 228.2758 -15.66631 -5.14881 241.5047 -13.76289 5.19423 242.8077 -13.68831 15.26002 241.7537 -39.71136 -26.20336 243.8872 -36.66892 -11.37993 252.7871 -36.24709 9.547821 257.8966 -39.21501 29.84734 256.3532 -48.37215 -29.05836 244.5601 -52.6825 -15.55521 257.9262 -59.93729 5.53892 266.1843 -67.69983 26.91862 264.6368 -61.18055 -31.98626 244.0244 -72.51885 -22.84069 257.2183 -86.01535 -4.78589 264.7238 -95.84698 15.73718 261.7597 -77.85208 -32.41314 239.448 -89.85149 -29.21408 246.3864 -102.2317 -18.1826 249.9028 -108.808 -3.17731 247.462 -106.252 -30.44489 227.4373 63.40483 44.1085 245.0269 60.32325 32.18342 231.0895 67.01941 40.37825 244.242 72.69973 37.57503 240.647 76.93774 37.93806 236.0699 67.04586 60.44651 254.9676 74.96434 53.32562 255.5445 86.62465 47.72732 248.4659 93.24891 48.68695 237.7288 71.63829 70.54239 256.5618 82.31391 66.11859 259.743 95.41536 60.1776 252.2773 99.03899 58.01973 238.7827 77.76832 84.94123 252.8415 89.36898 83.50056 256.9873 101.9185 75.90042 250.3106 102.1788 68.92901 237.584 87.11867 95.17769 241.838 95.95116 96.18061 244.5682 104.3699 88.99806 241.6226 102.2617 80.49607 235.3384 104.2479 99.87445 227.3975 -21.17216 46.59087 267.3114 -5.08147 60.11411 258.0403 -19.99975 53.30732 270.3908 -20.66673 62.636 271.9768 -23.32053 70.97169 270.9815 -37.17929 30.42944 272.0733 -36.50304 42.55964 281.2271 -40.63536 60.53661 286.7907 -48.58756 76.45447 285.0258 -44.64077 26.07732 273.0145 -49.12082 34.92436 286.7396 -59.68183 51.03672 295.6988 -71.61637 66.76342 293.5848 -55.16523 20.63411 273.5152 -64.38602 23.59245 287.7177 -79.83599 35.18155 296.4576 -93.00534 49.91728 292.88 -68.84516 15.40523 272.0299 -78.1607 13.00219 280.0972 -91.49665 18.47219 284.6255 -100.3435 29.70126 281.6409 -92.91473 5.64243 264.8054 83.80387 -51.32889 346.4662 73.92527 -62.66843 333.7169 84.10015 -57.07052 347.2095 86.86661 -64.23729 345.6803 90.95927 -68.58651 342.2779 96.30315 -37.74378 355.5843 97.44939 -48.80739 359.4491 103.8524 -63.14937 357.1592 112.0186 -70.85598 348.9132 105.2009 -32.58614 357.9901 109.9512 -42.3651 365.4675 119.0758 -57.18892 364.0632 125.8288 -65.61496 352.8912 117.064 -26.41873 357.4931 125.4261 -32.72418 366.1314 135.7765 -46.64258 364.9554 138.6647 -56.56693 352.9004 131.0968 -23.20394 351.9647 139.4753 -25.0044 357.3114 146.8276 -34.93274 356.8597 145.142 -44.18386 349.8612 152.3426 -23.82926 342.0082 35.11944 -79.48999 377.0525 25.54323 -65.77947 366.4316 30.30831 -76.99032 379.5868 22.4642 -76.23394 381.0778 15.67599 -78.13602 380.3338 46.12836 -94.94951 384.2293 37.73183 -90.57278 391.856 22.31264 -90.76509 397.0042 9.24088 -96.50851 395.3626 48.74877 -102.6469 386.912 42.72628 -101.4585 399.0611 27.92634 -106.2327 407.9096 14.40435 -114.4601 405.4407 51.94995 -112.68 389.5252 50.3325 -115.6614 403.0872 38.62875 -125.038 412.7073 25.32059 -133.637 408.675 55.13322 -124.3472 391.2572 57.72285 -129.6517 399.7907 51.6096 -139.1254 405.5783 41.15355 -144.0245 402.1496 63.20606 -144.9465 389.5664 14.69074 70.39949 350.7908 31.08813 71.14257 339.3239 19.51306 73.28944 353.0724 24.41286 79.64276 354.2015 26.41969 86.46636 353.1947 -4.1688 69.50497 358.7868 4.37838 74.68953 365.9988 12.73234 88.136 370.3804 14.93747 102.3583 368.1395 -12.04186 71.5415 361.6504 -7.43623 76.73991 373.5697 -3.0278 92.33557 381.5833 -2.40807 108.2257 378.3306 -22.17882 74.54504 364.3244 -23.62446 78.54249 377.8281 -24.55768 94.20163 386.6679 -24.02263 110.0268 381.8322 -33.65945 78.93247 365.8357 -39.55701 80.54154 374.3689 -43.58428 91.46846 379.7049 -41.3219 102.8008 375.8343 -55.15678 85.17081 363.7331 51.2777 40.77251 369.3942 42.41456 30.62215 358.4025 48.79585 37.10044 371.4745 48.32525 30.49012 373.453 50.75403 25.19331 373.7984 62.48728 51.77965 378.0866 57.21571 45.92656 384.1423 57.14985 33.28899 390.1466 63.64107 23.43865 390.7385 68.7063 55.03994 382.3857 64.41838 51.99902 392.265 67.27162 40.72812 402.3162 76.01665 30.81746 402.317 76.64424 59.39685 386.9499 74.55171 60.61908 398.325 80.96454 52.88918 409.8332 90.35091 43.15804 408.2542 84.94255 64.80951 390.8357 85.49454 69.25928 398.3708 92.73394 66.46323 405.945 98.73608 58.53873 403.8595 98.60546 77.72637 392.5547 23.2485 -2.02426 445.7988 38.00057 -11.08934 434.8548 29.06471 -2.21263 448.432 36.88417 0.46351 450.0352 42.73585 5.19664 449.4293 5.92086 6.72984 452.7902 15.95737 6.55774 461.0189 30.16802 13.74401 467.1816 40.17335 25.33101 466.6989 0.61441 11.66563 454.9753 6.30212 13.20476 468.2302 16.42217 24.62598 479.2179 24.4258 39.68358 479.1668 -6.77264 18.15144 457.7998 -7.79263 20.82934 472.365 -4.34891 34.89 484.2597 1.67735 51.11027 482.9092 -16.20757 25.33805 460.1534 -22.16837 27.57983 469.0789 -24.25241 38.79338 475.9887 -19.68973 50.52354 474.0419 -36.72661 35.75214 458.5113 78.60102 -76.90843 448.7011 63.71053 -82.08106 433.3032 75.78125 -83.25833 448.8765 74.60326 -91.90977 446.8207 76.07707 -99.02315 443.0261 96.17711 -69.08404 460.2439 91.65575 -82.0185 463.6873 90.9636 -100.0679 461.3982 95.43098 -113.9138 453.3297 104.9373 -67.80771 463.0843 105.4778 -81.13644 471.4662 109.2481 -100.8439 471.6358 114.5186 -115.4287 461.5575 117.3775 -66.56289 464.1581 124.0335 -77.14715 474.2237 131.5307 -95.68392 474.9427 134.5565 -110.3697 463.6676 132.5623 -67.9568 460.017 141.2857 -72.97723 466.1455 147.8491 -85.62224 466.5075 146.4712 -97.33854 459.5459 156.1234 -74.24971 449.7443 46.06376 27.23416 398.5598 33.64374 18.67479 380.801 41.55567 21.3561 399.8035 38.45511 12.36812 400.1829 38.50861 3.57197 399.3146 62.71761 36.57903 412.1408 54.28641 25.36444 418.1758 49.32919 7.00164 421.6044 51.22359 -10.78152 420.0417 69.81965 37.70197 416.2208 66.11325 26.98799 428.8885 65.8059 7.30911 437.0684 69.86667 -12.09634 435.006 80.18525 37.78936 420.1055 83.95526 29.87554 434.9674 89.49956 11.55892 444.2425 93.6875 -7.8491 440.7504 94.02235 34.67672 420.9647 102.2275 31.32014 429.9174 109.4527 19.17324 435.3942 110.4305 4.78305 432.7977 119.3696 27.8333 415.8167 16.24958 36.44169 398.4168 29.51677 40.0167 380.965 22.04217 40.17696 399.3551 27.43635 47.35102 399.3021 29.58475 55.16572 398.0377 -1.39078 34.32086 412.3548 9.733381 41.45901 417.3794 19.83762 56.50604 419.2315 22.77468 72.58607 416.0628 -8.80948 36.32573 416.9919 -1.49009 44.85046 428.0544 5.87699 62.71183 433.5194 8.45177 80.33514 428.477 -18.86721 40.57611 420.6892 -18.63047 49.53591 434.0207 -15.659 68.2751 440.4153 -11.51062 85.27613 433.6128 -30.16082 49.25164 420.5946 -35.44981 55.83006 428.8296 -35.56183 69.53469 432.7733 -29.27097 80.86301 428.3001 -48.35537 66.26765 414.9415 53.10157 -36.63622 487.8438 48.43644 -42.30417 469.506 52.73738 -41.81681 486.3978 55.52426 -48.0676 483.522 60.34595 -51.32553 480.8419 60.79298 -36.28231 510.898 57.92663 -45.78872 506.2905 62.64362 -57.42509 498.025 72.99491 -62.2894 491.895 68.36315 -51.9191 530.9241 62.50837 -58.24258 522.1589 66.28853 -66.37582 508.2767 78.45742 -69.21162 500.9337 72.4122 -78.57942 542.2295 64.79661 -79.25492 532.0881 68.21786 -80.59897 516.0623 81.55021 -81.35934 509.5448 70.01616 -104.325 532.1172 63.78932 -100.6679 525.9403 66.63554 -95.57226 515.8188 77.14683 -94.63586 512.6457 62.83143 -110.4887 507.4287 12.59137 -36.95068 485.2345 23.32679 -26.97821 465.1843 16.5439 -29.52543 486.0924 18.79805 -19.34572 486.2785 18.13043 -9.473231 485.566 -1.13617 -50.72801 499.3684 6.03361 -36.59896 506.0591 8.71429 -16.25723 511.3933 4.771 3.46068 512.8837 -5.09617 -52.61179 501.5599 -3.2396 -41.71951 517.1322 -7.33512 -23.25592 530.9121 -16.90304 -3.78826 536.2955 -12.0301 -54.6806 506.1778 -17.71555 -50.99686 524.2266 -29.93809 -38.769 539.9497 -44.15652 -22.08948 545.0908 -24.25076 -57.88931 509.7884 -33.21054 -60.74556 520.1198 -46.72656 -56.32931 528.8221 -58.58652 -45.39165 530.8864 -50.4436 -68.30906 505.8735 91.90293 11.32967 207.737 70.09318 -1.28922 199.3064 89.45153 3.89118 210.1711 87.83776 -6.15212 210.633 87.88614 -15.53639 208.4729 121.0629 18.42879 216.6651 113.934 4.20901 221.6888 107.4991 -15.44697 220.9319 104.7153 -33.27864 213.3675 146.1857 9.37111 222.0907 136.1545 -4.9885 228.1386 123.2358 -23.64901 225.5828 112.9856 -38.61486 213.6732 167.8981 -7.10073 219.0078 157.8024 -21.20541 226.0856 141.0498 -36.55251 224.1194 124.9955 -45.30706 212.1062 175.26 -28.9652 207.1105 168.5953 -39.5402 212.4726 154.8463 -48.22728 212.6581 140.3636 -49.60383 206.4131 166.7225 -55.90117 193.1831 -33.20733 -25.92188 254.4446 -14.33601 -25.78712 243.0564 -28.25371 -22.24892 255.9658 -23.24466 -15.54515 255.462 -21.05547 -8.90945 252.7106 -54.82722 -19.1488 266.858 -43.81206 -13.30326 270.1871 -32.06667 -1.33954 267.3556 -27.23926 10.26342 258.747 -67.68447 -2.98614 275.387 -54.8425 1.86601 279.821 -39.21975 10.55036 274.2461 -31.97196 17.40223 260.5275 -76.63259 18.27989 277.0674 -63.95369 23.12018 282.8899 -46.66754 27.08064 277.1006 -38.34832 26.61524 261.977 -74.27307 38.99126 269.4596 -65.48596 43.28403 274.3012 -52.50626 42.53723 271.6091 -46.56155 36.36068 262.2731 -58.1566 56.41924 258.5049 95.45503 69.9631 233.5708 75.75589 64.87417 232.6754 92.87564 67.58455 238.3974 90.08065 61.57777 242.8863 88.75423 54.75209 244.1572 117.8139 70.48641 231.9114 113.4645 66.81478 242.6143 107.1048 54.8345 251.5108 102.8332 41.15727 251.7346 130.6642 64.91738 231.6661 129.4326 60.51628 244.4462 121.9598 47.47554 254.0789 112.9219 34.48328 251.9115 141.2454 56.18497 229.0472 144.3778 50.06411 241.1754 138.3471 35.93632 250.1219 126.6584 25.02446 246.9328 148.9093 44.05391 225.2318 153.9935 38.39641 232.2513 150.8598 27.28854 237.4161 140.956 20.90799 235.0587 160.3035 25.03792 219.4042 -32.40518 31.3161 278.0051 -13.64875 32.54066 267.8841 -27.37596 33.87878 281.0199 -21.81119 39.89404 283.0008 -18.75467 46.79885 282.5543 -54.33713 35.26592 286.2445 -44.53939 39.54262 293.6484 -32.56641 51.25739 297.0833 -25.78544 64.4966 293.3156 -66.57808 45.08642 291.1546 -57.79728 50.54988 301.3638 -43.22349 62.09001 304.3684 -32.39715 72.5018 296.2309 -76.40648 58.55233 291.3161 -70.63092 66.75212 302.2942 -55.65003 77.65831 305.242 -41.91478 82.76178 295.8843 -78.91899 74.34542 286.5335 -76.97338 82.74238 293.3384 -66.29608 90.50554 295.359 -54.86881 90.32167 289.6926 -76.46878 97.40879 278.4997 97.90605 -58.84348 371.0695 77.33036 -50.12944 354.1186 89.04497 -59.85246 372.9002 78.51353 -63.16663 373.5014 69.21786 -68.27755 372.4048 118.9104 -76.72674 387.9549 100.8096 -77.39659 391.827 78.85913 -82.25233 391.222 59.71893 -90.57296 385.3373 124.6821 -100.5709 397.9115 104.7444 -100.242 402.8181 80.06718 -100.6062 400.0429 58.81791 -101.6821 388.9102 124.3098 -127.1719 396.7647 104.4272 -128.0589 402.3576 79.9406 -124.8745 399.902 59.74262 -118.0097 388.6178 112.5628 -146.0286 383.0316 98.26175 -148.1188 386.7258 81.01538 -144.1425 386.0956 67.69112 -134.5097 380.4736 86.30548 -156.9821 364.0514 57.38694 -94.24628 397.4964 50.45194 -79.60192 381.0202 51.54883 -91.10297 397.3567 43.30479 -89.68709 395.1177 36.54235 -91.20452 391.4716 56.70417 -114.0203 417.0845 46.38633 -105.426 415.9171 31.42848 -100.2623 408.284 20.08699 -102.6025 397.4027 40.56351 -130.8834 430.3851 32.06363 -118.6148 428.4632 21.45228 -108.3693 415.9328 15.76569 -107.8934 399.199 16.84251 -145.6417 432.988 10.47407 -131.6694 432.3296 6.72524 -117.7499 419.5101 9.15796 -114.9213 401.9346 -6.89401 -147.7414 419.9338 -10.33682 -137.0264 421.1608 -7.6619 -125.2272 414.6593 0.12329 -122.426 404.4324 -21.793 -131.3621 401.8803 25.75472 97.05809 363.6672 29.18964 78.45536 349.1565 29.48367 91.12424 365.7734 36.58075 85.15034 366.7485 44.52912 81.94379 365.854 28.7408 119.6342 378.7197 35.10259 107.0668 383.5111 48.58102 93.76148 383.8055 63.63676 86.69554 378.3654 41.87631 133.4415 389.1478 48.38868 119.7061 395.7442 60.02957 102.499 393.6095 70.96821 91.39862 381.9934 60.79982 144.5337 391.9678 68.78511 131.9775 399.8516 77.25492 113.0946 397.4546 80.64586 99.09661 384.0472 80.99743 144.9189 384.7417 88.65841 136.9937 390.2409 92.7294 122.739 389.4492 89.42237 111.2474 381.5609 103.4429 132.7076 372.7062 49.3519 18.08643 383.4142 43.46477 24.96096 369.5454 45.85894 20.43907 383.6672 39.71444 20.86133 382.9379 35.46795 18.47164 381.5867 52.03564 7.43604 399.0845 45.86573 13.30653 399.8786 33.80579 14.86968 396.8661 26.54059 9.47162 392.1317 46.68113 -2.18924 410.7308 40.60579 5.08777 412.6966 28.93703 8.863921 406.4996 23.91402 3.95051 397.4393 36.60412 -13.6992 418.5083 30.43694 -6.5445 422.2436 21.1662 -0.19356 414.5183 20.28934 -3.14436 403.0302 21.98118 -21.66017 417.7268 16.83628 -17.24948 421.4864 12.73492 -10.31753 416.1405 15.87762 -10.51657 407.7497 3.48403 -21.37086 411.3597 48.19881 15.52406 453.3607 40.45893 -7.28051 443.7527 45.48389 9.0653 459.4871 44.65002 0.54809 466.7961 46.36839 -7.9611 473.3829 55.8297 38.42954 452.4763 50.66663 30.54264 468.8988 50.66867 19.59387 489.0046 56.98616 8.454521 507.089 58.23533 40.02397 452.1068 52.93505 44.12242 471.9939 54.90618 48.59348 496.8024 65.05841 51.94512 518.8828 60.61111 48.85261 452.9755 54.72874 62.52947 467.9408 57.35253 78.99285 486.9275 69.34305 92.60177 503.6063 61.33985 64.65166 448.614 56.69084 77.96702 454.3212 58.99101 94.18563 461.8668 68.8048 107.3322 468.5762 59.15971 93.44281 433.7916 81.41447 -94.38224 452.3583 65.24081 -89.1771 438.7806 75.50909 -94.72377 453.7081 68.17882 -98.17472 453.7813 63.53337 -103.4229 452.207 95.02385 -107.0343 470.6995 82.91867 -105.384 472.3388 67.55521 -110.2194 469.1172 59.00112 -119.7094 462.1227 94.51036 -125.9314 486.7355 81.67527 -120.9533 487.6205 65.9369 -120.401 478.7393 59.27084 -125.757 464.943 85.58615 -148.7534 494.5033 73.39041 -141.7921 496.299 60.76822 -134.7944 485.5318 58.99805 -134.0577 469.0871 67.49308 -164.2315 487.5465 59.10452 -158.4507 490.0764 53.57811 -148.7171 483.847 57.04159 -143.8997 473.2018 44.96664 -162.0216 473.8092 44.76048 -2.39583 402.5552 31.8727 14.59646 387.4718 40.85587 4.7215 406.1905 33.95995 11.67685 410.8666 25.64623 16.14846 415.2885 60.56416 -20.64451 412.7151 55.15907 -6.59088 422.7507 43.7204 5.96251 436.8486 29.02205 12.11872 450.8204 66.22826 -26.67355 417.7076 66.87355 -12.59167 431.9934 64.16775 -2.48289 454.0036 58.43122 -1.25709 476.7348 77.25542 -31.91654 422.9324 84.8232 -18.56405 436.1001 93.60144 -11.33268 457.6279 100.0706 -14.70332 480.0822 94.19287 -31.01131 422.8584 103.0226 -21.35624 429.3628 115.8652 -17.35639 440.3597 127.6167 -22.11509 451.71 121.7256 -20.38511 413.6281 23.15261 52.24319 405.5576 32.99481 41.93214 387.1029 27.27378 46.55817 405.9799 34.8499 41.69734 406.937 42.94334 40.30137 408.082 10.43816 59.31873 427.0268 17.81867 47.07666 426.6417 32.78695 36.85337 429.6588 48.5857 35.00201 435.1679 0.45334 55.12801 444.1914 8.571961 41.72987 441.2404 22.97824 28.76595 447.1228 35.83152 24.71819 460.1038 -16.29782 41.94003 455.5737 -6.39138 30.15949 450.42 5.52771 15.21076 456.9335 11.34557 7.124 473.0779 -29.21841 20.39711 448.5678 -19.37115 14.62861 445.1741 -11.77481 3.15507 449.3772 -12.93755 -6.1936 459.5185 -22.41015 -1.53668 429.7824 66.63449 23.25244 216.3933 71.08696 7.04215 202.5942 72.98141 21.03967 215.9878 81.08863 20.26834 212.7634 87.07123 21.71148 207.734 59.70972 42.32956 226.138 72.9192 39.17661 227.8395 89.78302 38.84897 222.2355 100.8411 42.23306 210.9917 58.45649 53.52607 227.7536 72.82215 55.24225 232.6522 91.57286 57.58035 227.5128 102.7347 59.0649 213.5453 56.80181 69.07154 225.1061 69.79727 75.48313 230.8495 88.44406 78.67549 226.0348 99.60214 75.4513 211.9951 59.53379 84.9108 214.8506 67.68246 92.17288 218.373 81.29283 93.692 215.9903 89.94556 86.91876 208.4465 72.2821 103.2072 199.4573 -17.82859 -44.76818 255.2785 -16.65211 -32.6604 245.0942 -20.18063 -41.44836 256.2428 -25.41742 -38.31548 255.3912 -29.80162 -38.12112 252.9679 -19.59251 -59.36465 263.288 -23.86721 -53.13498 267.1313 -34.89762 -47.42546 266.3432 -43.17949 -48.16138 260.5641 -22.98761 -67.11336 266.4486 -27.73725 -62.88269 273.6355 -40.7023 -58.6739 274.3357 -48.6417 -59.40683 266.2325 -27.18847 -76.73418 268.5341 -31.59711 -76.28411 277.5825 -44.93422 -74.3631 278.9514 -51.48026 -73.19614 269.2064 -32.56696 -86.40084 268.6016 -35.20885 -89.67443 275.0421 -44.75821 -89.45787 276.0076 -48.47779 -85.39801 269.0214 -41.05505 -101.77 266.3507 79.23517 96.6743 237.6636 78.35074 71.09466 233.9096 86.06877 91.66482 240.4669 95.33156 86.02098 241.3486 104.5638 81.4366 239.578 74.82624 122.3499 237.8305 89.73289 115.8264 245.8856 110.3795 108.6325 249.318 130.6421 103.2047 245.8392 75.15335 131.7292 236.4225 91.97699 133.2223 247.3867 115.8801 134.1345 252.3876 139.0414 133.976 248.115 76.41487 145.4575 233.1659 91.33464 154.6873 243.3527 114.1976 162.4311 247.0099 136.9892 165.0473 241.124 80.80976 161.9018 225.2235 89.33011 172.7081 230.2634 104.5849 181.0646 231.2614 121.0093 182.5784 226.8714 91.80152 187.9163 209.2765 -8.7774 17.36348 288.4534 -15.51435 26.20203 272.2335 -14.41573 17.98643 287.9177 -21.35922 16.10919 285.0769 -25.39314 12.31758 281.1988 0.02599996 3.73154 300.9689 -11.44589 4.57235 302.2395 -25.5654 0.59718 296.732 -32.21799 -6.34806 286.978 2.96571 -6.35713 304.2348 -8.722221 -9.484391 308.9195 -24.19541 -14.66535 303.368 -30.88688 -17.87635 290.0088 7.09614 -20.73738 302.6504 -2.77883 -27.67518 308.3862 -18.57677 -32.05471 303.3303 -26.18939 -29.03012 290.018 6.48174 -35.46582 293.0489 0.6878 -42.73359 296.6145 -11.22287 -44.3746 294.5597 -17.6349 -37.42486 287.926 -3.55111 -52.35239 279.2972 82.63589 -25.81711 376.0126 77.57146 -46.82629 359.9392 85.4556 -34.32418 378.544 90.89908 -44.04464 380.1785 97.94226 -52.36842 380.2294 86.74817 -1.35365 385.6972 93.69905 -16.35106 394.959 106.8937 -33.7059 401.9857 123.4474 -48.31973 404.0024 89.74335 5.45894 387.6374 101.1362 -2.78495 403.2317 120.1271 -14.02402 415.6025 141.7166 -24.96856 419.6912 96.16057 15.30765 389.5574 110.2046 16.47412 405.2915 132.281 13.4855 417.2412 155.7783 6.56746 420.0534 108.1439 27.09316 387.3704 119.1448 33.75452 395.5163 136.0581 35.94958 401.4098 153.2892 31.82227 402.1702 131.3048 46.87264 376.5114 62.71597 -73.53015 407.7411 56.04795 -79.62171 387.0787 61.67976 -79.46715 405.7929 63.50138 -86.68693 401.9789 67.85077 -91.33528 398.0338 76.34119 -76.54309 432.5186 71.29409 -86.65206 426.3555 72.52217 -98.68753 414.4595 80.73564 -105.0696 403.3881 91.37981 -100.5942 448.2264 81.41796 -105.2969 438.9729 78.16608 -109.0424 420.9602 85.66632 -108.7639 405.8012 101.9901 -130.7231 446.5135 89.38024 -130.359 438.9099 83.45996 -124.4544 422.279 90.76086 -116.7728 408.7032 102.85 -149.3025 425.7138 92.61182 -147.6888 422.3836 87.06612 -138.3504 414.798 92.43123 -128.3857 409.1589 91.15361 -150.3307 399.8932 12.16787 82.72296 366.2814 24.89893 83.06591 351.9714 16.78251 85.90415 367.09 20.91953 92.3568 366.3739 21.72586 98.66745 364.2121 -3.78451 82.17298 377.6922 4.99092 88.18941 382.0597 12.37727 101.9154 382.5901 12.36101 114.7095 377.9316 -10.86404 84.31747 381.5673 -5.07382 90.84941 391.0611 -0.60004 106.9265 395.0404 -1.66935 120.7042 388.7279 -20.16777 87.45803 385.1022 -20.02053 93.02836 397.1643 -19.94882 109.2375 402.5316 -20.03997 122.5049 394.4353 -30.86975 92.27441 386.7443 -35.70985 95.02278 394.936 -38.35483 106.3487 398.413 -35.4551 115.6927 392.3872 -50.85571 99.76422 384.8693 55.40215 29.65079 390.3619 44.88793 22.70266 374.0332 50.55344 25.59471 391.5649 46.78919 18.07125 392.5115 46.5187 10.47134 392.6 69.40774 37.75826 402.9449 59.81127 30.98318 408.6904 53.29724 16.07455 414.1824 54.8811 0.80942 415.764 74.52938 38.45716 406.6876 67.80559 34.33015 418.986 65.62397 20.12397 431.2767 70.66897 4.01422 434.4385 81.63285 39.39708 411.9201 80.63441 39.84659 426.8265 85.28223 29.1417 441.6224 92.99539 13.64407 444.0123 91.20173 41.53494 416.9477 95.14059 45.5588 426.4368 103.4527 40.62633 435.7373 109.4656 29.31986 436.2831 111.9693 50.42346 417.9932 32.40993 4.00109 464.644 38.37438 -2.32021 444.2575 38.408 4.20824 462.4408 45.06228 7.55094 458.501 48.73253 12.91069 454.6387 32.64696 13.69532 490.2679 43.71234 11.62419 483.7828 55.9424 17.15112 473.2068 61.5437 28.47876 464.5271 51.87658 23.66091 511.6617 58.69647 18.02665 500.1491 66.36338 22.13573 483.463 69.33442 35.19716 472.8854 83.39997 28.80538 521.6384 82.98537 21.25557 508.8496 82.55585 24.89686 490.4618 82.46766 39.20325 480.6093 111.393 26.06199 506.8197 105.9323 20.04409 499.4457 98.93301 23.23025 488.5391 96.54169 34.66119 483.4323 114.6183 18.94263 477.8735 101.1108 -43.25673 200.3614 79.19844 -35.71815 196.7542 96.07592 -43.78546 205.5532 88.8524 -47.09306 210.3164 82.35552 -52.2834 212.2666 122.9087 -57.57201 201.7971 113.658 -58.04454 213.2669 98.22786 -63.80734 222.3492 83.55849 -72.98513 223.5109 131.2385 -72.60164 203.49 123.0179 -75.42321 217.4249 105.2402 -80.31439 226.9139 86.58081 -84.75754 225.0952 134.0784 -88.38466 201.2833 127.5917 -96.00506 214.6495 109.9441 -102.1703 223.5051 90.62249 -102.35 220.7933 129.4819 -103.9302 196.4315 125.7719 -112.7999 203.9771 113.2302 -118.6903 209.0008 99.30035 -116.5342 207.1852 119.0995 -127.1285 188.3274 6.7602 36.17787 241.5168 12.24523 15.79343 233.0673 10.74615 31.83393 244.8928 18.15503 27.59493 247.1039 25.93885 25.72128 246.693 6.81188 60.79592 249.8871 13.71496 51.45238 257.3528 28.06584 41.25216 260.5472 42.98044 36.16364 256.5008 16.70098 77.13029 256.2962 23.92084 67.44628 265.8614 37.44132 53.21527 267.7103 49.49289 43.10382 258.7695 31.84913 90.39128 257.0966 40.59395 82.71914 267.6641 52.02097 66.81834 269.3863 58.02695 52.9462 258.947 50.1022 93.67432 251.8642 58.40138 89.84742 258.9375 65.42797 77.85865 260.6234 64.99691 66.00267 254.3269 74.33224 88.06719 243.9798 83.12471 -1.83536 244.1363 61.25509 12.50429 237.6473 76.04924 -1.43483 249.0721 66.42403 -2.91247 253.2667 57.015 -6.19195 255.0808 103.3182 -24.31588 249.2484 89.39651 -22.54919 259.8169 69.17649 -23.71918 267.203 49.05854 -28.04926 267.8031 107.516 -46.1786 252.9462 92.68523 -45.28204 265.569 70.06282 -43.2787 272.6849 47.54698 -40.77323 270.0004 104.6111 -66.92678 249.9841 89.53139 -69.87545 262.2599 66.86126 -67.52095 269.0144 45.47504 -59.77397 265.8606 91.90077 -81.52523 241.6927 80.57722 -86.59801 248.6681 64.14057 -85.48371 252.6991 49.77054 -77.38138 251.0993 67.11877 -96.28647 229.5006 -31.10424 96.16318 273.1953 -10.60924 80.08113 260.4778 -22.1488 96.28633 274.9585 -11.21593 98.08551 275.035 -1.24783 101.3843 273.0167 -47.87953 122.5317 288.226 -29.71904 119.7457 290.9319 -7.3261 119.544 288.3964 12.6221 122.5777 280.3027 -44.89664 153.0097 298.1037 -25.8861 145.4944 300.5529 -3.18098 137.0645 294.8218 15.61377 130.6453 281.2158 -31.95764 182.6121 295.8693 -13.92018 173.0478 299.4314 5.53704 158.4049 294.3904 18.91273 143.4457 280.8768 -9.75355 196.3325 280.0679 2.79174 189.0167 283.6283 14.13916 175.4246 282.4057 19.12621 160.0622 275.8875 19.17757 189.3934 261.3881 85.57067 -94.06343 353.6045 75.91369 -83.26689 345.116 81.75101 -93.09341 354.9195 75.70423 -94.02072 354.4889 72.06686 -96.55416 352.2145 91.84778 -109.86 363.8207 84.78197 -106.2723 366.6719 72.64273 -106.3075 364.2107 66.53948 -110.837 357.6165 88.40641 -125.0129 372.0646 81.48426 -119.6671 375.8685 69.47962 -115.9736 370.6962 65.30532 -118.6482 360.5435 79.46162 -140.4444 376.3299 72.87765 -134.9761 381.534 63.21121 -127.8437 375.4232 62.63792 -128.16 363.7126 64.80289 -149.5564 373.9227 59.76604 -146.1577 378.5734 55.43179 -138.5321 374.7888 58.35253 -137.1578 366.5513 46.09479 -148.723 368.5923 -9.74313 -73.2724 392.8871 10.2027 -67.331 382.9652 -3.61204 -72.27118 397.7852 3.00111 -68.06243 403.8349 7.47799 -61.61182 408.8128 -30.83088 -79.24628 394.4259 -21.55646 -79.81248 407.56 -12.99021 -73.22309 424.5312 -9.297921 -60.86069 438.3262 -35.36923 -78.87873 395.0027 -32.79018 -85.51103 411.4127 -35.31698 -85.20942 433.4639 -42.81858 -76.52455 450.9981 -44.18755 -82.24361 396.308 -47.30806 -94.45116 409.3174 -58.81395 -100.382 427.3009 -74.01188 -95.21437 441.0798 -55.6562 -90.98571 393.1661 -59.99444 -102.2393 398.4794 -71.98431 -108.9777 406.254 -85.81375 -105.9799 412.1668 -72.83747 -109.9415 381.1038 11.37631 107.1769 370.875 26.12687 89.90755 353.6529 18.85857 102.6615 373.0119 29.17637 99.2579 374.3948 39.675 98.31216 374.4073 3.69533 131.4746 393.4531 17.86243 120.1846 396.0653 38.02954 110.7973 394.9089 58.43789 107.059 389.5372 17.17738 153.2327 412.7472 30.14737 137.6575 413.8084 47.34145 121.5567 406.7281 63.07465 111.0225 392.4123 42.11641 173.1201 418.5085 53.06314 155.9423 420.2269 63.75512 135.298 412.2644 69.66327 119.0559 395.809 69.53984 176.9394 405.0239 76.62416 164.2002 407.3454 79.69102 147.2682 403.9591 76.4795 132.8621 395.1446 91.51371 158.4931 384.8568 57.71507 16.65597 398.0276 40.51952 17.66431 377.4143 49.40908 18.76959 398.6615 38.9387 18.55294 400.0338 29.49121 15.53548 401.8334 75.98729 21.46348 420.4818 59.34989 26.81565 420.8878 38.29419 27.17131 425.0953 20.06788 21.23553 432.3306 83.42031 33.39766 436.4525 65.08287 39.62833 435.283 42.91338 43.60406 442.6791 25.62778 43.09187 457.3922 90.64743 56.78272 444.3135 71.76564 61.24815 441.7108 50.61983 68.77333 449.2521 36.68897 76.49026 465.65 87.04703 82.47235 432.9543 72.91812 82.6969 431.8634 58.06484 89.22212 436.5718 49.9324 100.0972 445.9483 64.23434 97.43777 412.8147 90.36962 -30.47973 213.6933 79.77769 -36.91838 196.9093 91.76966 -35.09818 210.5989 95.01583 -38.70258 204.5308 98.47005 -38.6848 198.6741 110.6877 -25.72328 229.0055 110.3488 -35.51291 222.7102 112.9211 -42.31125 208.7487 117.1731 -40.23503 195.8064 136.8429 -30.93045 231.4072 131.3544 -41.16298 225.4466 125.9064 -46.0453 209.7515 125.2109 -40.10915 195.5885 159.6822 -39.12371 222.3578 152.0093 -49.47621 218.5475 140.9342 -51.9225 205.5685 136.4331 -42.3307 193.9579 169.4631 -48.19657 202.9787 163.6844 -56.23844 201.5416 152.8747 -56.74625 195.7888 147.5946 -47.58356 190.9946 163.6367 -60.02933 180.8388 -7.67542 22.21392 249.1042 12.06809 18.19611 233.5905 -0.82225 27.33334 249.6242 6.23567 35.01327 248.1173 11.04123 43.12948 244.6421 -30.8566 23.71523 259.8174 -18.80726 35.48429 264.3118 -6.56202 53.05887 263.7579 1.08516 70.83707 257.2061 -39.71462 26.5644 261.8795 -33.53006 42.28841 271.3072 -26.10069 64.6095 273.766 -20.37776 85.31182 266.5972 -52.59813 31.90748 261.8275 -54.2446 48.51339 271.9638 -52.2522 71.92196 274.4491 -46.75241 92.52518 266.3855 -66.70677 42.07751 255.078 -72.62317 53.68066 260.5766 -73.30513 70.48838 261.6256 -67.24557 84.97972 256.7018 -85.20248 62.94585 240.514 72.54061 14.4643 255.2982 62.16475 11.28171 239.539 72.42609 9.97913 252.9593 74.53129 5.5959 247.8063 77.88465 4.57713 242.9047 90.7032 13.38408 270.3528 87.72329 4.79032 265.5845 88.91843 -2.64273 253.3821 94.29138 -2.20812 242.4409 111.5319 1.153 274.8966 104.0693 -6.33705 270.2353 99.12306 -9.81427 255.6873 102.1722 -4.90343 243.3333 129.1856 -14.01566 268.9154 119.7336 -20.83349 266.1213 110.4815 -20.04778 253.5075 111.7833 -10.87054 242.9816 135.582 -26.49439 252.6242 128.4421 -31.91472 251.6985 119.5309 -28.98885 245.7187 119.5335 -19.63933 241.0656 128.0981 -36.47032 232.706 -30.95237 80.04076 271.3618 -11.41731 82.35926 260.1391 -26.62699 85.72108 273.125 -22.82862 94.27531 272.8763 -21.46427 102.4084 270.2366 -51.93887 74.54898 278.5356 -45.1863 86.0717 285.2593 -40.2211 104.3211 287.2174 -40.11928 121.18 282.2228 -60.2435 74.53321 279.8623 -59.39164 86.35534 291.5572 -60.66158 106.5654 296.985 -63.78873 125.0272 291.4343 -71.82013 75.03477 280.699 -77.99998 84.06067 293.6043 -85.43613 102.7337 299.3887 -89.47872 120.8521 292.5957 -86.17864 77.26464 278.8746 -95.24678 80.86223 286.4816 -103.6348 92.82416 289.4297 -105.0785 106.2783 284.5414 -111.5038 81.01323 271.0826 89.3692 -82.56452 359.2067 78.96266 -83.7728 346.6885 87.33794 -86.40802 358.8782 86.9544 -92.14027 356.1672 88.98092 -95.47517 352.7017 102.9772 -80.26571 369.2759 99.10311 -88.07387 370.7528 98.88727 -99.99856 366.0055 103.4558 -105.3455 358.1459 111.281 -80.84014 372.2833 109.9948 -89.39775 377.2853 111.6269 -102.8174 373.3344 115.0089 -107.0603 362.8217 122.1356 -81.07585 373.4297 124.8084 -88.37691 380.4338 127.827 -101.5851 376.982 127.4104 -105.094 365.2507 134.1822 -82.5672 370.4027 139.1787 -86.27025 375.3757 141.1237 -95.77745 373.3431 136.6518 -98.68387 365.8316 151.1261 -87.92155 363.4653 7.19097 -84.41548 396.0049 7.68933 -70.33319 382.0771 5.19376 -78.8519 397.7444 -0.37522 -72.93526 398.8192 -7.08965 -70.11988 398.4161 8.449581 -101.3146 405.9098 5.45532 -91.21522 412.6756 -6.24634 -81.1314 418.8028 -20.6707 -78.05994 419.8859 6.98663 -106.6923 408.8067 5.79803 -100.4983 421.3112 -6.35174 -96.00505 434.2291 -22.46133 -97.15187 437.479 5.88275 -114.5116 413.296 7.98329 -114.3466 427.5007 -1.8892 -117.9092 442.3969 -17.71303 -122.8932 444.9962 7.22151 -124.6942 417.431 11.60597 -128.8774 426.1708 6.74486 -136.9103 435.112 -4.59784 -141.7728 435.5643 15.75734 -145.1045 417.3825 18.3238 97.95861 372.6871 25.12509 93.24478 354.1245 23.52865 99.30388 370.8886 28.64798 103.8486 367.3542 30.28546 109.423 363.9655 15.84072 106.7008 395.9208 26.10752 106.9928 390.7189 35.82317 115.0099 381.5021 37.40055 126.5051 374.3511 29.24081 119.3162 415.964 37.12911 115.6644 406.4195 43.84968 121.8625 391.8869 43.24997 134.7963 383.9101 54.92496 130.5172 427.4358 57.3502 123.6205 416.326 57.72303 127.8702 399.7787 55.22064 141.5697 392.8435 81.71305 134.1226 416.8615 79.01887 127.4749 410.0203 73.30646 129.6682 399.5247 70.16889 140.1724 396.0494 89.22049 128.4313 390.9706 88.17152 41.61753 207.8006 71.49505 20.52501 206.3633 86.26004 36.72955 215.708 85.90529 29.51047 224.5677 87.55358 21.49199 232.076 101.2859 62.6104 201.2214 99.65589 57.3595 219.7327 103.011 48.17632 240.8399 111.4128 37.02911 258.6015 104.8849 65.51464 199.7172 106.3874 71.10797 220.3123 115.7583 75.24388 243.8765 131.5903 76.22668 263.2054 110.0815 75.4852 197.914 112.3548 89.64466 213.9407 123.9012 103.6774 232.0831 142.5915 112.5347 246.3061 115.6997 91.55841 192.4955 117.1504 105.2667 199.549 126.0551 119.2135 207.4363 140.6027 128.1156 213.3191 123.2521 120.8749 179.2404 -44.085 -60.11193 258.811 -26.69556 -42.90075 241.7258 -42.93639 -50.89372 259.1321 -43.34452 -39.74989 257.7013 -45.53857 -29.56636 254.5503 -71.7063 -69.54567 280.8496 -65.48933 -51.75038 279.3275 -61.80846 -30.28863 272.3363 -62.4278 -11.33122 260.933 -102.356 -54.94328 295.8747 -89.19408 -39.06765 292.132 -75.90716 -21.51555 279.7472 -67.16236 -8.118611 261.1888 -129.6457 -28.91166 294.6147 -112.5018 -16.86713 292.2587 -92.35823 -6.89776 280.7726 -76.23519 -3.25528 262.5387 -136.0891 -0.72886 273.8725 -122.2777 5.55924 274.6838 -104.8588 7.22813 270.3971 -90.17198 2.59756 261.6626 -115.384 18.96536 250.3133 97.30211 107.6118 244.1087 83.11711 84.4258 236.8938 98.97509 99.43038 246.5579 102.4107 89.34516 247.0793 106.8388 80.38041 245.0434 122.1616 128.5094 253.0693 122.3554 111.4175 257.6759 125.2098 89.93869 256.6899 130.2476 71.26298 249.2005 152.4901 130.6578 259.0896 148.3668 112.1355 264.1657 143.2129 88.9684 260.982 138.957 69.82286 249.0007 182.0537 122.4059 255.5473 176.2535 104.512 261.7578 164.9424 83.57731 259.3226 152.0617 68.49642 247.4228 197.632 102.2958 242.1006 193.3385 89.64048 247.2754 182.1329 76.77099 247.545 168.0412 70.01187 241.6958 195.9996 72.46859 227.2059 -30.48977 -4.37424 288.0946 -20.38194 11.67383 276.095 -30.06296 1.78665 289.9239 -32.22015 9.974941 290.1801 -36.39235 16.06407 288.3203 -48.02335 -17.65895 303.0281 -44.97978 -5.36807 306.3439 -46.9622 11.57734 304.295 -53.89937 23.23309 296.9136 -68.5951 -16.77105 315.264 -62.81459 -3.85283 318.9495 -59.27669 13.71229 312.859 -61.12917 23.99911 299.2117 -91.13922 -8.02187 320.023 -84.60181 4.49773 324.953 -75.5606 19.46015 317.8814 -70.93848 25.02489 301.9574 -105.1729 9.632101 313.2725 -100.7258 18.7187 317.6994 -90.53395 26.6606 314.0617 -82.68259 25.94031 303.943 -104.4677 33.84625 301.881 82.98635 -36.47529 383.4831 70.28852 -39.88227 369.7983 78.07379 -37.90417 384.8633 72.83393 -42.91788 385.9296 70.88327 -48.9088 385.8468 98.04169 -38.27856 398.7816 87.93009 -39.79616 402.1278 76.73442 -49.50936 402.8738 73.42124 -61.43248 399.7613 105.9341 -47.04267 410.6557 95.21624 -48.07728 416.1484 81.50345 -56.69939 414.2064 77.02907 -66.55054 404.9233 112.2236 -61.37241 418.2901 102.6119 -63.66043 425.9505 87.77667 -69.43061 422.7995 82.31453 -73.32521 409.7998 111.4412 -78.04737 417.8352 105.5773 -81.9547 424.0066 94.33761 -83.63842 422.0696 89.87051 -80.65208 412.6319 101.6906 -96.91957 412.7887 85.99295 -92.84233 390.2678 68.13404 -79.64741 383.201 82.61322 -88.23062 395.487 76.5421 -85.03173 402.3961 69.73374 -84.96331 408.4376 104.3508 -107.0222 391.6434 100.8415 -97.9162 403.9962 92.41395 -93.23543 421.2723 81.9985 -96.30846 436.2386 110.3989 -112.3694 393.2898 113.6719 -103.3746 407.9523 115.0167 -101.8032 429.6768 113.2547 -110.2332 448.304 121.2252 -117.6274 394.4603 130.6946 -108.814 406.6105 141.662 -109.5712 425.4123 147.888 -121.6168 441.0962 136.6363 -119.0851 391.7331 146.1914 -112.4187 397.348 158.7322 -113.9247 406.3783 166.6862 -124.425 413.6513 162.2651 -114.6083 381.7112 70.90723 38.94725 227.0388 68.99118 23.66893 205.0482 76.92485 36.84235 221.9563 83.36029 36.67163 214.1274 87.79547 38.96482 205.9581 84.56169 60.69223 249.3165 93.45549 52.76949 237.7793 102.1755 49.11048 219.4777 106.848 52.32515 200.8672 117.6043 78.40055 254.2464 118.7824 64.92201 241.7415 116.7709 56.11125 220.8825 111.8158 57.34199 199.9194 150.0739 88.24256 241.76 146.1626 72.54327 232.5234 135.464 61.78119 215.6454 122.179 62.84127 198.4459 166.7416 86.26996 213.7469 162.3462 74.00761 210.0852 150.4988 65.52629 203.0336 136.4697 66.61923 195.9607 163.1619 70.03326 183.9073 -33.07261 -54.84716 258.4569 -27.5575 -45.21594 240.2593 -36.73654 -51.46099 255.2373 -41.83225 -50.01501 249.2775 -45.53714 -51.91135 243.606 -48.09338 -66.73707 276.7086 -52.76269 -58.10505 269.6955 -59.57296 -54.11118 255.5944 -64.10286 -58.79448 242.9084 -75.17739 -72.01469 282.9847 -74.42158 -60.9017 275.3441 -73.0822 -55.78439 258.364 -72.12974 -62.29979 243.8929 -102.6246 -72.25315 276.5506 -98.34766 -60.26645 271.0154 -89.76325 -55.6396 256.2334 -83.86711 -64.30883 243.8419 -117.64 -66.6637 257.0047 -113.7283 -57.40056 254.7394 -103.6318 -54.50163 247.7887 -96.40892 -62.30047 242.2977 -116.1166 -54.00001 233.4882 84.41532 104.1349 245.9854 81.62744 88.04322 236.3176 88.69564 100.5753 245.8029 94.84946 97.51725 242.5454 99.22882 97.14422 237.6051 85.21773 122.5727 252.9056 94.53412 116.4544 254.8354 108.0122 111.558 249.2089 116.1353 112.0146 238.5647 87.52455 132.026 253.7909 98.88705 129.614 258.9012 114.923 127.2903 253.9541 122.4105 127.15 241.0108 90.14866 144.6262 252.4183 101.2313 147.0573 258.9393 117.4447 146.7582 254.3273 123.6598 143.4232 240.7392 94.91704 157.8998 246.3052 102.0258 162.9755 250.6751 113.675 162.7211 247.8734 117.8406 156.3029 239.5177 106.4199 174.7685 235.4757 -18.89366 -4.24439 287.0108 -19.6843 8.700591 274.5306 -22.655 -0.72934 287.6718 -29.29693 1.80125 286.4077 -34.78523 1.26599 283.6263 -16.49146 -19.5742 297.0581 -23.73575 -13.00324 300.978 -37.83447 -9.20021 300.4237 -48.60889 -12.05353 294.7545 -17.44378 -26.93229 300.4301 -24.61892 -23.07317 309.0297 -40.43301 -22.78554 311.8193 -51.66213 -27.18085 304.7533 -18.48549 -36.48825 303.7025 -23.41518 -37.20028 314.9132 -38.23689 -41.22633 319.2948 -49.03722 -44.92479 310.5919 -19.85948 -47.35451 305.6522 -20.77446 -51.8763 313.6188 -30.22749 -57.41244 316.57 -38.56712 -57.49064 309.9127 -19.60927 -67.3068 304.9506 68.40133 -24.82272 385.9002 69.48994 -36.15377 368.6294 70.10662 -31.07051 386.6399 75.39969 -37.77327 386.9877 82.23346 -41.30757 386.6509 67.04834 -9.492521 399.227 69.34814 -21.49022 404.3511 80.31365 -34.03059 409.1652 95.00366 -39.18252 410.4985 68.57933 -5.19811 402.6616 69.49549 -13.5622 414.833 81.44012 -21.69112 427.324 98.30233 -23.61002 431.1132 70.51303 0.92602 408.0578 69.18944 -0.1723099 423.0854 80.27063 0.005739986 438.5601 97.54377 1.60356 441.9949 71.6557 10.19052 413.4447 68.80966 15.20873 422.9929 75.82366 21.53912 432.7051 88.53432 23.77765 433.8889 69.41307 32.77634 414.5917 102.6067 -50.05139 197.244 81.39293 -47.49076 196.6914 99.25524 -50.06736 203.0016 94.78944 -53.41666 209.6596 91.348 -59.12277 213.8385 124.2433 -51.25504 194.4853 119.5323 -49.91858 207.1089 114.1765 -56.78334 222.4378 111.3574 -69.56256 231.575 133.754 -52.34221 194.822 133.0102 -48.0143 209.2851 136.2281 -53.13393 227.7411 142.0683 -66.30786 238.116 146.0585 -50.23626 194.5943 148.8094 -42.17839 207.4667 159.0217 -43.41383 223.8662 170.3504 -55.0729 231.6912 158.8641 -43.08348 192.8182 162.3827 -34.84904 199.8161 172.9568 -33.35413 208.5306 182.9433 -41.36483 211.7698 176.4086 -26.7415 187.3111 1.7782 48.03346 237.8338 14.79273 26.98954 234.1468 5.39742 44.18106 244.2856 12.12914 41.23468 251.5274 20.1906 40.51328 257.0336 -13.54281 67.72718 236.9527 -8.84859 61.32715 251.9463 2.1164 58.83222 269.6484 16.2193 62.19998 283.2706 -17.86219 74.92546 237.7372 -19.81152 70.76028 256.0069 -17.95936 74.57365 278.7619 -12.29262 86.42733 296.4776 -26.91465 82.35968 239.04 -36.3125 79.01414 255.2485 -45.04151 86.04397 275.4633 -48.51357 102.214 290.3116 -42.12399 86.42421 238.195 -52.7692 83.63961 246.5298 -64.38689 89.4589 256.678 -70.76927 102.5693 263.4307 -70.30292 87.46311 231.2568 83.35611 -3.55025 244.8013 62.44679 2.44253 237.2367 77.6841 -4.44481 248.353 70.24192 -8.335281 250.9036 64.54256 -13.9041 250.8459 104.3282 -17.23859 254.6558 92.59978 -17.1938 261.7815 76.09903 -23.12852 264.8946 63.7523 -32.86613 261.1192 112.1099 -36.33444 264.259 99.39759 -34.8392 272.6672 79.83799 -36.36126 273.0594 65.33274 -40.55703 263.2855 112.4513 -58.74527 267.8796 100.1347 -58.0827 277.4736 80.82444 -54.97442 277.1329 67.80567 -51.26004 264.8706 101.1475 -76.16558 263.6322 92.13227 -77.4262 270.6525 79.17044 -72.35376 271.2017 72.40967 -63.87392 263.4005 78.25772 -87.27394 256.451 -26.39369 106.5048 263.6572 -8.11181 92.32147 260.2574 -22.21851 104.3072 269.5562 -15.34938 104.2393 276.1995 -8.20412 106.8524 280.7937 -46.43075 119.1854 263.5326 -40.4977 114.7047 276.973 -29.80543 116.5417 293.0691 -18.65724 125.2703 304.2662 -54.01609 124.7109 264.9998 -53.55305 119.4626 281.2615 -52.15924 123.6274 302.2135 -50.41171 137.0258 317.0147 -65.64521 128.3376 266.6189 -71.07199 121.0577 281.3976 -79.78534 124.3224 300.6256 -87.03915 138.4686 313.1929 -80.60828 126.0585 266.2985 -87.48624 118.9977 274.2441 -98.84386 120.0071 284.3338 -107.8228 130.1749 290.0687 -104.6337 115.4125 260.9484 110.4105 -94.11367 350.8023 84.09062 -88.16832 343.8707 103.3479 -94.53755 357.119 94.73748 -97.40858 364.0632 86.68342 -102.4541 369.8 138.0082 -95.77749 354.0511 126.1454 -95.79976 369.2729 112.5262 -101.9303 387.0909 100.9729 -113.6189 402.57 146.9384 -97.04815 356.4876 140.7216 -93.07328 376.5548 137.0716 -95.32838 401.8748 137.7665 -104.4192 425.1417 158.2239 -94.17903 360.3554 157.7875 -83.64702 379.0864 164.0835 -77.25125 403.1313 176.3091 -78.17827 425.0176 168.908 -81.87123 361.9852 170.7662 -70.02481 371.7686 179.553 -59.65382 384.0528 193.3838 -55.04853 394.6652 181.8616 -53.38596 356.0193 96.74726 -53.01664 212.7628 82.37059 -47.56494 196.0433 96.51202 -55.92441 206.9937 97.97632 -56.86169 198.6785 100.7439 -54.8023 191.8623 120.8668 -59.92538 224.7864 117.2389 -65.70735 213.5612 115.9909 -65.62053 196.3749 118.5144 -58.29166 182.9542 146.6065 -68.4617 219.2324 138.0403 -74.45909 208.9329 129.1604 -71.29831 192.4606 126.4382 -59.16027 180.5081 168.5884 -74.26813 202.4016 157.5493 -81.01971 194.7943 143.7446 -76.44104 182.7056 137.9202 -61.7465 175.081 175.6617 -76.46578 176.8633 166.94 -82.31668 173.3406 154.6971 -78.8931 168.9114 149.3134 -67.30154 167.4108 164.2918 -80.04734 150.9437 8.362481 36.91042 245.8401 13.056 27.82278 233.124 12.22236 37.05215 244.5601 16.25944 39.43529 240.7514 16.97333 42.57187 237.0773 6.65028 50.6135 260.0848 14.27402 48.81102 257.5065 21.95694 52.19151 248.6572 21.75894 58.55424 241.1272 15.63526 66.29745 270.3163 22.28451 60.77867 266.7541 27.97792 61.08635 254.6578 25.70933 68.19828 246.4746 32.75586 80.78847 274.9642 37.00562 72.48874 271.8533 38.25399 69.90061 258.9017 34.18524 77.71744 251.4969 51.68882 85.72887 267.366 53.50143 78.52085 266.2113 50.21633 75.06652 258.1083 45.80331 81.27951 253.9228 63.32566 78.40298 251.7289 80.39688 0.53254 249.6399 62.0088 2.07699 236.4467 74.47528 -3.75215 251.498 68.51612 -11.20079 251.8232 65.18645 -19.24235 250.0941 100.819 3.12614 258.0627 90.91582 -5.63732 265.8275 81.87697 -22.12642 270.5455 78.52058 -39.77333 269.0818 106.5459 2.13134 259.2257 102.9371 -6.3825 273.5706 101.6316 -24.65767 284.5905 103.9116 -44.52773 285.2153 115.3384 0.60174 261.9411 119.8092 -4.32363 277.9321 127.4811 -20.07466 290.1055 134.2297 -39.1498 289.8963 127.8318 -0.28747 264.026 136.2926 -0.13217 273.4195 146.9588 -8.756 279.9835 152.9223 -22.12177 278.5406 153.4472 3.28985 260.1031 -18.76896 102.5991 278.9509 -9.15347 92.7118 259.0514 -14.58674 105.9726 274.2447 -12.20746 110.6277 266.7258 -13.24293 114.6023 259.3793 -28.62939 123.3089 298.5745 -18.75002 126.5298 288.4309 -13.45414 131.7389 271.3869 -16.81037 136.499 255.3221 -28.73574 155.5659 303.21 -17.43991 151.4842 292.3653 -12.64504 147.2245 272.8996 -18.89227 145.4284 255.0581 -23.21999 186.1239 293.352 -11.98187 177.2696 285.2041 -9.20301 165.3649 268.8208 -18.74898 158.0508 253.8011 -14.30754 200.4022 269.0692 -5.96465 192.3782 265.6705 -5.24245 179.8556 258.2709 -14.37438 171.4876 251.6879 -2.24862 192.9225 241.6195 36.23259 -36.93715 143.1445 23.26182 -24.57862 147.5028 31.01583 -39.04549 146.7979 23.70387 -41.5656 147.9898 16.42499 -43.76315 146.3657 51.88574 -46.72032 137.2326 42.08237 -53.47872 143.7927 28.19218 -61.10431 145.8169 14.07308 -67.47541 142.7291 58.78459 -53.6568 133.848 49.98653 -64.5635 139.1371 36.68523 -76.21102 140.074 22.39758 -85.5111 136.3986 66.53704 -63.75536 127.2048 59.63841 -76.14244 130.1271 48.34813 -89.09417 129.588 35.50138 -99.34614 125.714 72.02987 -74.38835 115.7446 67.78507 -84.43339 116.1578 60.21016 -94.88512 114.6233 51.1071 -103.2458 111.5027 71.1603 -92.92568 98.04882 36.33388 -2.33304 203.2689 32.21385 -24.8997 198.358 42.43127 -7.89382 203.5787 49.36902 -13.9118 201.7528 56.2756 -19.69207 198.451 39.30782 23.11205 206.1187 52.79168 13.09578 206.5413 67.80265 1.78375 202.9433 82.5037 -9.40706 196.586 46.55697 39.20695 204.1494 62.76419 30.14808 203.9555 80.25283 18.81292 199.8831 96.9749 6.85362 193.2132 56.79004 56.57318 195.5351 73.02526 48.91555 194.4638 90.31863 38.39836 190.4149 106.6728 26.73381 184.469 68.19741 67.84757 177.7639 80.56391 62.43494 176.3942 93.73006 54.52816 173.5099 106.162 45.50029 169.7476 89.47248 66.88427 153.1545 17.14502 -55.57864 260.9021 37.54304 -35.67746 252.6239 16.28369 -45.67538 262.2072 15.28496 -34.77804 263.4741 14.52788 -23.36016 265.763 -9.668291 -75.52476 266.0025 -11.00341 -55.31091 268.5735 -12.51115 -32.94524 271.0925 -13.90812 -9.64257 275.5753 -35.53309 -80.46551 264.2424 -36.7326 -58.08957 267.0357 -37.96453 -33.19862 269.8341 -39.82883 -7.39411 274.5065 -62.06573 -79.43497 253.0151 -63.35468 -57.74486 255.5516 -64.6155 -33.49519 258.1731 -66.95637 -8.43858 262.1158 -79.70507 -69.50846 231.7157 -80.88721 -53.11691 233.2456 -82.05323 -34.70096 234.8764 -84.19375 -15.72441 237.0668 -89.2159 -41.10522 206.7672 43.23782 17.23827 296.1826 35.83199 33.67048 288.7572 38.07639 20.30388 298.4498 30.84443 22.37766 298.2517 23.91166 22.74209 295.5954 46.07857 -3.83066 304.7992 35.76733 3.24206 308.3174 21.92492 9.669461 306.5758 8.86461 13.39366 300.0011 37.72861 -21.13682 310.5042 27.00331 -12.12114 313.3574 14.0395 -1.51731 310.316 2.6857 7.52091 302.1526 23.03133 -36.7735 310.0549 13.41929 -27.11656 312.3206 3.22316 -14.37342 309.7297 -4.67114 -2.09339 302.9006 5.0771 -43.56372 300.3851 -1.44014 -35.62268 302.0636 -7.32591 -24.63178 301.2608 -10.98785 -13.46065 298.1309 -14.44832 -34.11016 286.9503</float_array>
          <technique_common>
            <accessor source="#Tree_1_Tree_1Mat_0-mesh-positions-array" count="2554" stride="3">
              <param name="X" type="float"/>
              <param name="Y" type="float"/>
              <param name="Z" type="float"/>
            </accessor>
          </technique_common>
        </source>
        <source id="Tree_1_Tree_1Mat_0-mesh-normals">
          <float_array id="Tree_1_Tree_1Mat_0-mesh-normals-array" count="7665">0.6275734 -0.4096431 0.6620756 0.5496616 -0.1312893 0.8250063 0.5275211 -0.3572652 0.7707679 0.3331373 -0.3571409 0.8726225 0.1529982 -0.4260786 0.891655 0.6236692 -0.5908382 0.5118077 0.5076224 -0.5284548 0.6804814 0.2432045 -0.5314102 0.8114524 -1.35079e-4 -0.6152161 0.7883585 0.5655164 -0.6842698 0.4603977 0.4528867 -0.6522556 0.6078292 0.217232 -0.6638494 0.7156215 0.001769542 -0.7194668 0.6945247 0.4917515 -0.7797561 0.3875061 0.3935138 -0.7790552 0.4880779 0.1900567 -0.8072387 0.5587881 0.01423192 -0.8427686 0.538088 0.3922244 -0.8720896 0.2926086 0.3360668 -0.8808807 0.333329 0.2006575 -0.9101525 0.3624349 0.09445941 -0.931996 0.3499444 0.2572614 -0.9547212 0.1494129 -0.4524878 0.5156636 0.7275615 -0.3809132 0.2663804 0.8854077 -0.3265795 0.4722762 0.8187193 -0.1201786 0.4573368 0.8811358 -0.3808892 0.266381 0.8854178 0.08548599 0.4885637 0.8683305 -0.4373863 0.6718994 0.5976992 -0.2743502 0.6205164 0.7346369 0.01008713 0.5938233 0.8045323 0.2841154 0.6157377 0.734946 -0.3501066 0.7675474 0.5369324 -0.1903694 0.7296918 0.6567416 0.05902212 0.6975775 0.7140742 0.2982062 0.6940772 0.6552329 -0.2538652 0.8587273 0.4451293 -0.1027277 0.8411334 0.5309819 0.1100832 0.8141619 0.5701071 0.2991107 0.7938917 0.5294044 -0.1229829 0.9346024 0.3337569 -0.01750892 0.9283726 0.3712384 0.1248595 0.9122808 0.3900692 0.2353286 0.896422 0.3755635 0.0889945 0.9782243 0.187503 0.8789106 0.02734482 0.4762023 0.7085676 0.06607997 0.7025422 0.8087291 -0.09993475 0.5796294 0.6934824 -0.2987229 0.655627 0.5574312 -0.511348 0.6540595 0.9286206 -0.07681685 0.3629918 0.8386861 -0.2346786 0.4914585 0.6650726 -0.4828863 0.5696485 0.4469751 -0.7263565 0.52213 0.9216924 -0.2412846 0.3037515 0.8286707 -0.3801229 0.4108667 0.6663177 -0.5744671 0.4754034 0.4605844 -0.769531 0.4423621 0.8980539 -0.3907957 0.2019358 0.807526 -0.5187246 0.2807609 0.6640687 -0.6724923 0.3267521 0.4927034 -0.814112 0.3073518 0.8380911 -0.5399499 0.07783007 0.767719 -0.6297456 0.118441 0.6711928 -0.7275167 0.1421967 0.571617 -0.8092917 0.135282 0.6903711 -0.7211976 -0.05711263 -0.5799494 0.3346449 0.742746 -0.4089544 0.2461364 0.8787339 -0.4804725 0.3941844 0.7834315 -0.361631 0.5325554 0.7652501 -0.3135058 0.6700415 0.6728734 -0.5819582 0.4733081 0.6612897 -0.4471966 0.5275325 0.7223051 -0.2731012 0.6897701 0.6705469 -0.2202143 0.8442148 0.4886788 -0.4842719 0.6386282 0.5980257 -0.3620115 0.6606221 0.6576672 -0.2206123 0.760801 0.6103379 -0.2172636 0.8731141 0.4364268 -0.3693199 0.7838588 0.4991675 -0.2584536 0.7898299 0.5562109 -0.1518283 0.8393641 0.5219351 -0.1927204 0.903647 0.3824671 -0.2238197 0.8996311 0.374925 -0.143257 0.8969348 0.4183128 -0.08699405 0.9074041 0.4111571 -0.1441102 0.929385 0.3398177 -0.01982074 0.9640803 0.2648705 0.5142835 -0.5191667 0.6826262 0.4337865 -0.2440659 0.8673299 0.3631411 -0.4841813 0.796051 0.1252613 -0.4606647 0.8786909 -0.127363 -0.4604443 0.8785043 0.4927822 -0.6781921 0.54518 0.301012 -0.6476442 0.6999635 -0.01344853 -0.6108598 0.7916246 -0.33369 -0.5791183 0.7438232 0.3972563 -0.7821876 0.4799689 0.2058972 -0.7674124 0.607194 -0.06893199 -0.7303169 0.6796217 -0.3488198 -0.6765305 0.648561 0.2986559 -0.8773476 0.3755874 0.1139348 -0.8818256 0.4576054 -0.1240394 -0.8565203 0.5009862 -0.3566582 -0.8011049 0.4806516 0.162462 -0.9572027 0.2395187 0.03143125 -0.9622148 0.2704713 -0.1298491 -0.9492295 0.2865359 -0.2800379 -0.9185206 0.2791035 -0.07459837 -0.9954482 0.05931365 -0.2505294 -0.6084387 0.7530189 -0.191936 -0.401444 0.8955464 -0.3701799 -0.493263 0.7871839 -0.5512303 -0.3379945 0.762827 -0.7345873 -0.1895194 0.6515089 -0.3977617 -0.6147401 0.6810875 -0.5234992 -0.4664282 0.7130172 -0.7205845 -0.250778 0.6464274 -0.8996085 -0.04245257 0.4346292 -0.6151413 -0.5195215 0.5930418 -0.6859124 -0.3871416 0.6161538 -0.7977612 -0.2111691 0.5647873 -0.9219736 -0.04030704 0.3851496 -0.7945078 -0.4146534 0.4436441 -0.8338307 -0.2966204 0.4655563 -0.8854138 -0.159177 0.436698 -0.9452691 -0.04965561 0.3224915 -0.9238227 -0.2865157 0.2538908 -0.9401603 -0.2008863 0.2752151 -0.9538781 -0.1197706 0.2752667 -0.9670289 -0.0827341 0.2408533 -0.9921975 -0.09819942 0.07681834 0.09573805 0.6230316 0.7763156 0.08761239 0.40584 0.9097351 0.2284255 0.5432444 0.807903 0.4335746 0.4564024 0.7769878 0.6359767 0.4008594 0.6594281 0.2403038 0.6687775 0.7035559 0.3850147 0.5557985 0.7367848 0.6226702 0.4190405 0.660823 0.8391637 0.326157 0.435231 0.4722995 0.6293867 0.6170945 0.5629262 0.5179811 0.6440572 0.7090657 0.3964135 0.5831657 0.8601259 0.3357127 0.384032 0.672785 0.5686861 0.4732406 0.7317655 0.4630113 0.5001397 0.8088253 0.3618655 0.4635246 0.8808139 0.3418205 0.327606 0.832719 0.4715046 0.2902799 0.8639519 0.3917837 0.3163746 0.8900479 0.3309524 0.3135048 0.9004055 0.345263 0.264695 0.9448101 0.3032742 0.1239302 -0.2338931 -0.3147584 0.9199028 -0.1064493 -0.08109366 0.9910058 -0.3187686 -0.165768 0.9332243 -0.4661992 0.01827454 0.8844911 -0.6326728 0.1677767 0.7560266 -0.3921444 -0.3242802 0.8608515 -0.4775689 -0.1418628 0.8670658 -0.636348 0.09379059 0.7656792 -0.8046087 0.2732979 0.5271747 -0.6048457 -0.2175746 0.7660439 -0.6406085 -0.06492912 0.7651178 -0.7191968 0.1204292 0.68429 -0.8332625 0.2667556 0.4842678 -0.7891482 -0.1139952 0.6035316 -0.7954096 0.01610893 0.6058582 -0.8161571 0.1557468 0.5564446 -0.8667469 0.2460529 0.4338293 -0.9196165 0.00868982 0.3927212 -0.9091575 0.1006765 0.4041001 -0.8994209 0.1821544 0.3973187 -0.9067157 0.2094293 0.3660684 -0.9607394 0.1956373 0.1967384 -0.07531398 0.6048887 0.7927405 -0.028957 0.3732863 0.9272642 0.0710622 0.5537356 0.8296548 0.2962625 0.5225524 0.7994796 0.5005325 0.5367297 0.6792559 0.04561263 0.6936579 0.7188589 0.2115888 0.6123582 0.7617399 0.4815086 0.5441532 0.6870567 0.7037565 0.5398943 0.4617803 0.2666093 0.7206364 0.6400021 0.3849555 0.6287814 0.6756058 0.5660822 0.5509002 0.6132372 0.7191083 0.5604186 0.4108703 0.4693048 0.7229554 0.507039 0.5578849 0.6298925 0.5403703 0.6669307 0.5523163 0.5001502 0.7363706 0.5749822 0.3565864 0.6526108 0.6795641 0.3350998 0.7070261 0.606198 0.3641951 0.7526497 0.5524833 0.3581628 0.755641 0.5812839 0.3018539 0.8177881 0.5476095 0.1770501 0.8177915 0.5475951 0.1770784 0.8178073 0.5475558 0.1771267 0.4301809 -0.553172 0.713404 0.3021398 -0.3313395 0.8938265 0.2683693 -0.5528236 0.7889006 0.02244168 -0.5908777 0.8064489 -0.2045567 -0.6586871 0.7240773 0.3918439 -0.6826022 0.6168571 0.1970349 -0.6728193 0.713086 -0.1151946 -0.6967211 0.7080324 -0.3865731 -0.7454616 0.5429994 0.2536999 -0.7924647 0.5546496 0.08364731 -0.7676763 0.6353554 -0.1664787 -0.7587495 0.6297492 -0.3896386 -0.7834926 0.4840672 0.1150198 -0.8874837 0.4462547 -0.03471463 -0.8595212 0.50992 -0.2276682 -0.8306186 0.5081732 -0.3799611 -0.8312311 0.4058135 -0.0461806 -0.9502699 0.3079847 -0.1515365 -0.9259783 0.3458338 -0.2679489 -0.896319 0.3532927 -0.3337882 -0.8886464 0.3144727 -0.2761737 -0.9466956 0.1658185 0.2483859 -0.3537561 0.9017545 0.005236923 -0.121082 0.9926288 0.03666198 -0.3982814 0.9165304 -0.2463198 -0.4976754 0.8316525 -0.4701423 -0.6127831 0.6351876 0.2069374 -0.5017139 0.8399167 -0.02536135 -0.5339702 0.8451229 -0.3409699 -0.6179276 0.7084526 -0.5670999 -0.7087795 0.4195587 0.0450285 -0.6693513 0.7415802 -0.1369212 -0.6621408 0.7367647 -0.3697817 -0.6832593 0.6296176 -0.5575888 -0.7362899 0.3833692 -0.09732663 -0.8131197 0.5739024 -0.2439475 -0.7842584 0.5704633 -0.4092095 -0.7626157 0.5009641 -0.5310066 -0.7748715 0.3429375 -0.2457306 -0.9025766 0.3535138 -0.3439095 -0.8677093 0.358897 -0.4366953 -0.833359 0.3388363 -0.482445 -0.8270494 0.288507 -0.4441357 -0.8851194 0.1389502 -0.3610676 0.3038481 0.8816499 -0.09238332 0.1436392 0.9853087 -0.1759706 0.4149066 0.8926853 0.07061398 0.5986134 0.7979196 0.2645534 0.7706549 0.5797435 -0.302936 0.4715166 0.8281919 -0.1002719 0.5643038 0.8194552 0.1734479 0.7275751 0.6637398 0.3684679 0.8640066 0.3431092 -0.1317999 0.6872832 0.7143323 0.02286624 0.7154886 0.6982502 0.2147359 0.7857102 0.5801275 0.3592773 0.8811495 0.307401 0.01920461 0.8515064 0.5239925 0.1424281 0.8450394 0.515386 0.271133 0.8546805 0.4427282 0.3421715 0.8990556 0.2731628 0.169107 0.9439803 0.2833799 0.2517475 0.9234321 0.2896488 0.3182359 0.9084326 0.271065 0.3257198 0.9200374 0.2178023 0.3490662 0.9350644 0.06170397 0.6517966 -0.00807178 0.758351 0.334406 -0.04081481 0.941545 0.571551 -0.2286547 0.7880651 0.4619736 -0.558048 0.6893206 0.3687248 -0.8156486 0.4458245 0.6841483 -0.1841914 0.7057015 0.5750094 -0.3916424 0.7183179 0.4257652 -0.7040731 0.5683352 0.3052995 -0.9208552 0.2425239 0.6546528 -0.4546631 0.6039133 0.5430113 -0.5810152 0.6062674 0.4123674 -0.7665251 0.4923335 0.3215833 -0.9239748 0.2070141 0.605912 -0.6694024 0.42985 0.4990276 -0.7495145 0.4349708 0.3893685 -0.8463538 0.3634247 0.3419121 -0.9233025 0.1749532 0.5161771 -0.8309361 0.2076213 0.4353826 -0.8729239 0.2201045 0.3676245 -0.9085046 0.1986752 0.3639615 -0.9223634 0.1295296 0.3464609 -0.9380643 -4.99427e-4 -0.5715056 0.3719556 0.7314578 -0.2724213 0.2149736 0.9378556 -0.3659273 0.5299908 0.7649883 -0.05055534 0.7498926 0.6596252 0.2138352 0.8889653 0.4049881 -0.4961508 0.5323277 0.6859021 -0.2801865 0.6587682 0.6982264 0.04718929 0.8341439 0.5495246 0.3122929 0.9218518 0.229483 -0.3236135 0.7431402 0.5856766 -0.1529563 0.7963936 0.5851169 0.08294731 0.8763896 0.474406 0.3021647 0.9325801 0.1974613 -0.1696292 0.8963809 0.4095454 -0.030496 0.9112482 0.4107273 0.1354792 0.9298459 0.3420996 0.2743383 0.9476203 0.1635677 -0.01057195 0.9828695 0.1839994 0.0840066 0.9777116 0.1924138 0.1754205 0.9694247 0.1715911 0.2247006 0.968378 0.1084156 0.1923147 0.9808451 -0.03095167 0.2296776 0.3058812 0.9239507 0.5938645 0.08148795 0.8004279 0.378306 0.2731504 0.8844622 0.546231 0.2775746 0.7903063 0.6667173 0.3232895 0.6715446 0.03090763 0.4956829 0.8679535 0.2554213 0.460539 0.8500964 0.5066707 0.4649569 0.7260165 0.6683676 0.5131937 0.5384393 -2.58625e-4 0.6307513 0.775985 0.2067486 0.6201498 0.7567492 0.443211 0.6135897 0.6535073 0.6218076 0.6129593 0.4874795 -0.01910561 0.8027905 0.5959551 0.1627476 0.7941758 0.5854895 0.3807007 0.7624519 0.5231963 0.5596888 0.7143797 0.420012 0.06201559 0.9277714 0.3679597 0.1826231 0.912953 0.3649186 0.3351948 0.873535 0.3529605 0.4599028 0.8220855 0.3356562 0.2822553 0.94954 0.1367694 -0.3827163 -0.2400735 0.8921284 -0.4655198 0.1184861 0.8770704 -0.436834 -0.1310233 0.8899489 -0.5352718 -0.02348494 0.8443534 -0.6360852 0.02997183 0.7710366 -0.3485964 -0.4789741 0.8056454 -0.4376775 -0.3174087 0.8412433 -0.5948367 -0.1548606 0.7887888 -0.7404436 -0.07880216 0.667483 -0.3822375 -0.551608 0.7413657 -0.471555 -0.4212878 0.7746951 -0.6232703 -0.2820668 0.7293645 -0.7610923 -0.1997795 0.6171116 -0.4389546 -0.629408 0.6412212 -0.5183576 -0.5396344 0.6634006 -0.6536625 -0.4219343 0.628249 -0.7729642 -0.3290783 0.5424333 -0.5381049 -0.6714721 0.5094785 -0.5854436 -0.6274025 0.5134413 -0.6748299 -0.5439212 0.4987528 -0.7517583 -0.4637309 0.4688423 -0.6793941 -0.6518421 0.3369358 0.3659234 0.5711624 0.734761 0.6793488 0.2398002 0.693528 0.5090599 0.4922139 0.7061046 0.6600603 0.4135468 0.627136 0.7758827 0.3589239 0.5188255 0.160742 0.7418096 0.6510611 0.3882392 0.6568832 0.646355 0.6212089 0.5570684 0.5511572 0.7809969 0.4794178 0.4002529 0.134576 0.8130483 0.5664291 0.343488 0.75681 0.5561069 0.5565139 0.682246 0.4741653 0.7152367 0.6086844 0.3434236 0.1225218 0.9015666 0.414929 0.2972337 0.8644067 0.4055283 0.4856573 0.8020539 0.3476299 0.6415299 0.7243999 0.2523575 0.1842843 0.9595947 0.2126439 0.2917511 0.9328145 0.2115147 0.4207224 0.8866632 0.1918879 0.5406472 0.8266695 0.1559427 0.3483075 0.9373404 0.008645355 -0.1643195 -0.2053715 0.9647911 -0.365022 0.1023512 0.9253557 -0.2554731 -0.125407 0.9586483 -0.3953114 -0.0686981 0.9159747 -0.5193167 -0.06885743 0.8518033 -0.09084933 -0.4465139 0.8901527 -0.2302953 -0.3255261 0.9170588 -0.445914 -0.2330621 0.8642007 -0.6255518 -0.227289 0.7463409 -0.1275805 -0.5573424 0.8204223 -0.2650454 -0.4649408 0.8447372 -0.4666292 -0.3750932 0.8009757 -0.6340489 -0.3355723 0.6966874 -0.1939164 -0.6856148 0.7016615 -0.3172287 -0.6202031 0.7174358 -0.4938496 -0.5284941 0.6905118 -0.633222 -0.4559383 0.6254201 -0.3224804 -0.7700894 0.5504261 -0.4017952 -0.7317415 0.5505588 -0.5185548 -0.6555715 0.5489327 -0.599363 -0.5855714 0.5457749 -0.5285565 -0.7661483 0.3655747 0.4771456 0.314478 0.8206312 0.512713 -0.1317727 0.8483875 0.5353705 0.165347 0.8282746 0.614072 0.006902992 0.7892199 0.6912216 -0.1128589 0.7137756 0.4336419 0.5660864 0.7010712 0.5441049 0.3629712 0.7564402 0.6763467 0.1400557 0.7231456 0.7859157 -0.02184087 0.6179479 0.4553367 0.6220205 0.6369923 0.5721354 0.4585856 0.6799709 0.7062414 0.2818918 0.6494306 0.8176199 0.1402407 0.5584178 0.5030916 0.6815798 0.5313642 0.60872 0.5678237 0.5541087 0.7325497 0.4307533 0.5270888 0.837696 0.3000698 0.4563151 0.5977416 0.704652 0.3823228 0.6601837 0.6441309 0.3863326 0.7441543 0.5542695 0.3728535 0.8227038 0.4536737 0.3425476 0.7324464 0.6533696 0.1913911 0.2270693 -0.1450297 0.9630192 -0.0563302 -0.3638917 0.9297364 0.1558497 -0.24339 0.9573255 0.1074305 -0.3819886 0.9179016 0.1069819 -0.505158 0.8563703 0.4548726 -0.04412043 0.8894629 0.3478068 -0.1981469 0.9163888 0.2698326 -0.4152703 0.8687583 0.2612714 -0.6029891 0.7537515 0.5628149 -0.0652405 0.8240044 0.4850957 -0.2158613 0.8473997 0.4132006 -0.4214021 0.8072704 0.3777401 -0.5971892 0.7075857 0.6929942 -0.1149005 0.7117282 0.6414898 -0.2494211 0.7254517 0.5692881 -0.4324406 0.6992183 0.5021641 -0.5877177 0.6343652 0.7911902 -0.2325988 0.5656111 0.7614256 -0.3190852 0.5642836 0.6996247 -0.4428794 0.5606989 0.6313391 -0.5421119 0.5545499 0.812552 -0.4391984 0.3832285 -0.3644282 0.1667726 0.9161763 -0.01699358 0.3591012 0.933144 -0.2665251 0.2718234 0.9247035 -0.1719064 0.4026899 0.8990489 -0.1077076 0.5246616 0.8444699 -0.5857893 0.05325263 0.8087121 -0.4542734 0.2230409 0.8624897 -0.3214353 0.4280645 0.8446539 -0.2311928 0.6032888 0.7632774 -0.6572315 0.05973321 0.7513179 -0.5652481 0.2279387 0.7928043 -0.4701656 0.4216779 0.7753272 -0.3941211 0.590059 0.7046269 -0.7495019 0.09455347 0.655215 -0.6970465 0.2417504 0.675043 -0.6296765 0.4143465 0.6571336 -0.5575541 0.5709692 0.6026007 -0.8321956 0.1937122 0.5195441 -0.806772 0.2842345 0.5180055 -0.7620441 0.4023924 0.5073157 -0.7030529 0.5186192 0.4865704 -0.8664041 0.3741396 0.3307017 0.232273 0.1218123 0.9649928 0.01309323 -0.05667084 0.9983071 0.1781614 0.0522139 0.982615 0.1477809 -0.06563889 0.9868395 0.1639794 -0.1698262 0.9717355 0.4321691 0.1908211 0.8813723 0.3425096 0.08895015 0.9352941 0.289358 -0.1001504 0.9519675 0.3141782 -0.2655887 0.9114575 0.5281832 0.1628423 0.8333697 0.4611609 0.06612426 0.8848493 0.4137095 -0.1150487 0.9031103 0.4193015 -0.272747 0.8659072 0.6351951 0.1101096 0.7644627 0.5984134 0.02453756 0.8008118 0.557505 -0.1383019 0.8185725 0.5386115 -0.2725954 0.7972387 0.727137 0.01032298 0.6864147 0.7195077 -0.04576343 0.6929751 0.6876685 -0.1572474 0.7087916 0.6533105 -0.2356209 0.7194916 0.8078522 -0.1608471 0.5670124 -0.391818 0.2566791 0.8835126 -0.09687459 0.3473266 0.9327269 -0.3040005 0.2959995 0.9055209 -0.2154894 0.385031 0.8973938 -0.1746263 0.4813396 0.8589633 -0.5943853 0.1879252 0.7819145 -0.4633828 0.2431917 0.8521351 -0.3356781 0.38728 0.8586818 -0.2913858 0.5312695 0.7955169 -0.6487261 0.1939695 0.7358875 -0.5466528 0.2266331 0.8061069 -0.4575401 0.3575347 0.8141413 -0.4324777 0.4965677 0.7525847 -0.7055082 0.2023385 0.6792035 -0.646933 0.2076583 0.7337273 -0.5967211 0.3175682 0.7369359 -0.5799711 0.4470446 0.6810173 -0.7563376 0.2154676 0.6176789 -0.7442107 0.2006203 0.6371043 -0.7264341 0.2706552 0.6316958 -0.7105541 0.3675338 0.6000266 -0.836521 0.2170343 0.5031191 0.5293516 -0.05967211 0.8463015 0.409943 -0.2694959 0.871389 0.4987423 -0.1196525 0.8584519 0.4986925 -0.2182582 0.8388499 0.5343886 -0.2793118 0.7977555 0.6200822 0.09665435 0.7785604 0.5660741 0.008338868 0.8243122 0.5730007 -0.1503624 0.8056436 0.6392876 -0.234383 0.732377 0.6648218 0.1329327 0.7350788 0.6101064 0.07176423 0.7890627 0.6280047 -0.06619644 0.7753891 0.6997253 -0.1399075 0.7005788 0.710384 0.1710161 0.6827212 0.6633377 0.1452525 0.7340878 0.6897016 0.03707575 0.7231439 0.7554849 -0.02991586 0.6544827 0.7485757 0.2005615 0.6319887 0.7225237 0.2089304 0.6590203 0.7459497 0.1453906 0.649939 0.7864471 0.09081524 0.6109449 0.7933782 0.2552332 0.5526366 0.472239 0.2242165 0.8524773 0.07920897 -0.04019927 0.9960472 0.3574396 0.1137527 0.9269829 0.2542825 -0.04072976 0.966272 0.1971271 -0.1885625 0.9620734 0.6564773 0.3909835 0.6451119 0.5151956 0.2561078 0.8179134 0.3991587 0.05339068 0.9153261 0.3523115 -0.1303484 0.926761 0.6862273 0.3898877 0.6140682 0.5819945 0.3174785 0.7486587 0.5383503 0.1907126 0.8208579 0.548546 0.06135731 0.8338661 0.7208995 0.4035961 0.5633952 0.6618369 0.4028594 0.6321995 0.6658583 0.3371911 0.6655336 0.7074562 0.242994 0.6636714 0.7564804 0.4573205 0.4675418 0.7300251 0.4885752 0.4778678 0.7476973 0.464051 0.4749795 0.7923315 0.400407 0.4603101 0.7842563 0.5580064 0.2712398 0.001224756 -0.4231897 0.9060403 -0.0830847 0.04443556 0.9955513 -0.08011054 -0.2752342 0.9580336 -0.2163966 -0.1151556 0.9694904 -0.3646951 -5.81816e-4 0.9311268 -0.03598433 -0.6470069 0.7616347 -0.151018 -0.4610681 0.8744198 -0.343661 -0.2408 0.9076963 -0.5403907 -0.07759732 0.8378286 -0.1168478 -0.7050392 0.6994758 -0.2475672 -0.5532733 0.7953611 -0.4299741 -0.3677511 0.8245492 -0.6065673 -0.2054978 0.7680149 -0.2350732 -0.7664029 0.597802 -0.3657501 -0.653328 0.6628646 -0.5278433 -0.4988763 0.6873893 -0.6738597 -0.3403083 0.6558228 -0.4052194 -0.7841961 0.4699294 -0.4955183 -0.7145127 0.4938961 -0.6047431 -0.6079501 0.5144731 -0.6977026 -0.4905559 0.5220787 -0.641537 -0.7041685 0.3042649 -0.08780932 0.3643734 0.9271038 0.2693334 0.04035991 0.962201 0.05248457 0.2852477 0.9570158 0.2595074 0.2482262 0.9332951 0.4233464 0.2819489 0.8609778 -0.204941 0.5592864 0.8032423 -0.02434605 0.4585539 0.8883331 0.2594518 0.4112277 0.8738287 0.4727677 0.4565386 0.7536997 -0.1833861 0.6457004 0.7412425 -0.02196818 0.5752032 0.8177156 0.2276745 0.5451685 0.8068183 0.4246143 0.5747584 0.6995395 -0.1438876 0.7490924 0.6466507 -0.01562422 0.7133595 0.7006241 0.1939996 0.6938273 0.6935185 0.366701 0.6975983 0.615538 -0.0525434 0.84864 0.5263549 0.02011102 0.8387961 0.5440742 0.1586296 0.8223086 0.5464845 0.2720012 0.8055716 0.5263743 0.1122834 0.9258121 0.3609217 -0.3259457 -0.5703042 0.7539977 -0.2793314 0.1154447 0.9532295 -0.3854377 -0.3370438 0.8589757 -0.4776204 -0.04638296 0.8773411 -0.5679857 0.1788043 0.8033812 -0.3268616 -0.7499307 0.5751221 -0.4219827 -0.5052325 0.7527754 -0.5550405 -0.1774883 0.8126673 -0.6691581 0.07173329 0.7396498 -0.3580756 -0.7682029 0.5307037 -0.4661889 -0.5673884 0.6787772 -0.6020812 -0.3324957 0.7259097 -0.7216929 -0.1438348 0.6771048 -0.4193417 -0.7813925 0.4621456 -0.520797 -0.6503087 0.5530544 -0.6492505 -0.4915646 0.5803776 -0.765306 -0.3424258 0.5450242 -0.5251355 -0.7738298 0.3541474 -0.5852432 -0.7145762 0.3832378 -0.6749773 -0.6247344 0.392572 -0.7647965 -0.5217639 0.3779535 -0.6653355 -0.7249091 0.1784248 0.7786177 0.0726968 0.6232733 0.6785095 0.04149061 0.733419 0.7513284 -0.01948767 0.6596409 0.7278099 -0.1532824 0.668429 0.7184696 -0.2896877 0.6323628 0.835356 -0.01084262 0.5496024 0.7855529 -0.1316595 0.6046258 0.7292094 -0.322332 0.603619 0.687502 -0.5204489 0.5064327 0.8503209 -0.188389 0.49139 0.7903475 -0.2802499 0.5448035 0.7252014 -0.4172636 0.5476988 0.6896823 -0.5611433 0.4576643 0.8435022 -0.363931 0.3950425 0.7802372 -0.4390564 0.4454878 0.7150993 -0.5297451 0.4560736 0.6924787 -0.6051069 0.3928344 0.8040662 -0.5272122 0.2748178 0.7531404 -0.5787144 0.3128405 0.708817 -0.6223251 0.3320993 0.7065308 -0.6348104 0.3127781 0.7062559 -0.6876576 0.1683142 -0.4761278 0.4755679 0.7396875 -0.3882418 0.3780986 0.8404224 -0.3847339 0.4893944 0.7826066 -0.2605437 0.5371853 0.802215 -0.1496572 0.6097974 0.7782993 -0.4601616 0.5862178 0.6667834 -0.3301813 0.593886 0.7336756 -0.1380155 0.6492397 0.7479569 0.03569811 0.7437382 0.6675172 -0.3486734 0.7044435 0.6182121 -0.2314403 0.6941865 0.6815722 -0.07101243 0.7151778 0.6953259 0.06241267 0.7826592 0.6193135 -0.2234662 0.8153081 0.5341681 -0.1156505 0.7981923 0.5911973 0.01026856 0.7935199 0.6084577 0.08660197 0.8272271 0.5551537 -0.07859021 0.9000858 0.4285667 0.00137037 0.883565 0.4683066 0.07486796 0.867847 0.4911581 0.08988428 0.8738215 0.4778671 0.1186069 0.9350787 0.3340063 0.8224599 -0.1173471 0.5565873 0.7306334 -0.06074327 0.6800625 0.7705024 -0.1549723 0.618312 0.7047923 -0.2443787 0.6659932 0.6633067 -0.3470708 0.6629979 0.8610078 -0.2112944 0.4626233 0.7834702 -0.2584936 0.5651156 0.6694567 -0.3923409 0.6307903 0.59246 -0.5478586 0.5906286 0.8440865 -0.3287021 0.4236426 0.7666671 -0.3705139 0.5243482 0.6545794 -0.4798297 0.5841998 0.5898305 -0.6038315 0.5361786 0.8136329 -0.4510635 0.3668014 0.7401434 -0.4957688 0.4543141 0.6377494 -0.5817343 0.5048375 0.5922284 -0.660404 0.4616623 0.7569766 -0.576683 0.3072835 0.7024486 -0.6145225 0.3590659 0.6330025 -0.667084 0.392819 0.6159018 -0.6944759 0.3719787 0.6429055 -0.7246399 0.2481322 -0.4131093 0.4094042 0.8134674 -0.3875033 0.2682896 0.8819648 -0.3590498 0.3753676 0.8545072 -0.2593447 0.3679921 0.892929 -0.1762126 0.402545 0.8982799 -0.3989251 0.542291 0.7394453 -0.321061 0.4834487 0.8143692 -0.1573724 0.4682999 0.8694418 -0.02408695 0.5278899 0.8489712 -0.3358721 0.6250136 0.7046616 -0.2593716 0.5714046 0.7786034 -0.1053236 0.5493332 0.8289392 0.005168795 0.5959597 0.8029978 -0.2585243 0.7102388 0.6547718 -0.1843246 0.6735047 0.7158323 -0.04782062 0.6505326 0.7579714 0.02789926 0.6761174 0.7362655 -0.1577946 0.7832139 0.6013957 -0.103057 0.7689892 0.6309 -0.01060158 0.7527223 0.6582529 0.0189405 0.7570674 0.6530624 -0.003657341 0.8493536 0.5278118 0.4155964 -0.4637537 0.7824399 0.436677 -0.3183422 0.8414105 0.3823111 -0.4162575 0.8249655 0.3001736 -0.380232 0.8748254 0.218698 -0.3882004 0.8952495 0.3679587 -0.6023227 0.7083883 0.3222945 -0.5262672 0.786873 0.1832755 -0.467464 0.8648049 0.04552102 -0.4849858 0.8733366 0.3010728 -0.6700806 0.6784889 0.2492588 -0.6092361 0.7527958 0.1118109 -0.5537328 0.8251535 -0.006349861 -0.5595118 0.8287981 0.219792 -0.7396532 0.6360855 0.1625199 -0.7050463 0.6902877 0.03088164 -0.6632251 0.7477826 -0.05791354 -0.6571233 0.7515552 0.1208471 -0.8017516 0.5853122 0.07818663 -0.7927633 0.6044942 -0.01816552 -0.7723632 0.6349214 -0.06351923 -0.7633761 0.6428236 -0.01889157 -0.8699535 0.4927718 -0.3884044 -0.2828317 0.877011 -0.2093763 -0.2717427 0.9393177 -0.3237886 -0.2102096 0.922482 -0.2630499 -0.09668219 0.9599258 -0.2293289 0.02991282 0.9728893 -0.5498291 -0.2493104 0.7972028 -0.4541173 -0.1356921 0.8805482 -0.356152 0.0478748 0.9332008 -0.294791 0.2507303 0.9220806 -0.636802 -0.1630886 0.7535818 -0.5561652 -0.03660202 0.8302653 -0.4590184 0.1388206 0.8775141 -0.3751104 0.3188541 0.8704162 -0.7250178 -0.06629151 0.6855325 -0.6712437 0.07126569 0.7378029 -0.5892258 0.2390273 0.7718025 -0.4994898 0.3914115 0.7728565 -0.798266 0.06104797 0.5992033 -0.7707753 0.1685727 0.6144012 -0.7186104 0.2929866 0.6306807 -0.6560878 0.3934567 0.6440036 -0.8407729 0.283795 0.4610437 -0.01690852 0.4754312 0.8795905 -0.00578618 0.3571925 0.9340129 0.05095988 0.4260205 0.9032772 0.1549885 0.3833903 0.9104892 0.2659404 0.3679551 0.8910021 0.06215441 0.548264 0.8339924 0.152597 0.4661435 0.8714497 0.3058717 0.3888902 0.8690264 0.4767094 0.3591313 0.8023547 0.2307054 0.5658774 0.791554 0.2946236 0.4786824 0.8270794 0.3982632 0.3967863 0.8270109 0.5182956 0.3724387 0.7698436 0.4108294 0.5731374 0.7090365 0.4576293 0.4859502 0.7445991 0.5154243 0.4064589 0.7544065 0.5676829 0.3923215 0.7237541 0.5816094 0.5486222 0.6006199 0.6089152 0.4797833 0.6316885 0.6247974 0.423399 0.6560195 0.6186713 0.4239741 0.6614317 0.7283907 0.4494858 0.5171166 0.06645548 -0.1808838 0.9812567 0.02357536 -0.07811981 0.9966652 0.0060696 -0.1520384 0.9883559 -0.08387553 -0.14978 0.9851553 -0.1567119 -0.1854602 0.9700753 0.03319102 -0.280892 0.9591653 -0.05428087 -0.2224552 0.9734308 -0.195208 -0.2112825 0.9577335 -0.3051201 -0.2796719 0.9103216 -0.08563423 -0.354774 0.9310222 -0.157503 -0.2843213 0.9457031 -0.264563 -0.2547488 0.9301127 -0.3341643 -0.3195174 0.8867034 -0.2271485 -0.4302635 0.8736574 -0.2870854 -0.3551247 0.8896452 -0.3549459 -0.3104015 0.8818528 -0.3726808 -0.362937 0.8540409 -0.3835584 -0.4746738 0.7921919 -0.4223833 -0.4126529 0.8070378 -0.4445464 -0.367841 0.8167446 -0.4220456 -0.3983684 0.8143588 -0.5438103 -0.4284192 0.7216144 0.1078864 0.524985 0.8442461 0.0373212 0.4270054 0.9034786 0.1109717 0.4601782 0.8808639 0.1528537 0.3760812 0.913892 0.2204233 0.3182545 0.9220237 0.2087848 0.5871862 0.7820622 0.2065436 0.484952 0.8498008 0.2722879 0.3435139 0.8988091 0.3852192 0.2485088 0.8887349 0.3102622 0.5796449 0.7534913 0.3116826 0.4787155 0.8207835 0.3636625 0.3403156 0.8671419 0.4512877 0.2531695 0.855713 0.4252136 0.5617412 0.7096762 0.4411666 0.4683403 0.7655256 0.4825278 0.3418358 0.8064213 0.5317927 0.2717068 0.8021048 0.5440936 0.5158148 0.6617382 0.5685346 0.4502503 0.6885079 0.5956507 0.3623709 0.7168596 0.6055837 0.3252817 0.7262647 0.6902728 0.4101385 0.5960788 0.4542402 -0.5317776 0.7147578 0.4150397 -0.4244184 0.8047429 0.3973574 -0.497614 0.7710301 0.3003689 -0.4792702 0.8246689 0.1980285 -0.4907055 0.848524 0.4346002 -0.640979 0.6326679 0.3514922 -0.5858823 0.7302023 0.1939745 -0.5506531 0.8118836 0.02242684 -0.562714 0.8263474 0.3587837 -0.713813 0.6014527 0.27127 -0.6649887 0.6958467 0.1248084 -0.6219706 0.7730302 -0.02475243 -0.6145569 0.7884842 0.2694001 -0.7876206 0.5541458 0.1731896 -0.7569259 0.6301339 0.03772354 -0.7182076 0.6948056 -0.0772891 -0.6959727 0.7138966 0.1561725 -0.8502362 0.5027014 0.07743382 -0.8388239 0.5388677 -0.02093786 -0.8163601 0.5771638 -0.08389943 -0.797603 0.5973193 -0.02961963 -0.9042199 0.4260389 0.1206902 -0.2720537 0.9546836 0.06568974 -0.1461028 0.9870861 0.0465129 -0.2225605 0.9738088 -0.0684536 -0.191608 0.9790815 -0.1816973 -0.2010582 0.9625808 0.08705765 -0.3796572 0.921022 -0.01696556 -0.2958031 0.9550983 -0.1917115 -0.2398185 0.9517005 -0.3658528 -0.2581037 0.8941668 -0.04071736 -0.4465724 0.8938206 -0.1286432 -0.3567184 0.9253123 -0.2662484 -0.2857921 0.9205622 -0.4009072 -0.2925373 0.8681563 -0.1910424 -0.5183393 0.833563 -0.2679218 -0.430225 0.8620467 -0.3645443 -0.3500372 0.8628913 -0.4366345 -0.3414366 0.8323289 -0.3576376 -0.5601673 0.7472001 -0.4116452 -0.4918804 0.7672041 -0.4577247 -0.4240824 0.7814362 -0.464528 -0.409178 0.7853581 -0.5463865 -0.5106849 0.6638243 -0.00940001 0.2829431 0.9590907 -0.01801711 0.1688755 0.9854728 0.0208103 0.2259759 0.9739106 0.1009664 0.1742119 0.9795182 0.1809959 0.1729394 0.9681594 0.05494302 0.3637574 0.929872 0.08882397 0.2679675 0.9593247 0.2133284 0.1806152 0.9601401 0.3387514 0.1937283 0.9207155 0.1636698 0.3806351 0.9101259 0.1860294 0.283595 0.9407268 0.2847311 0.1953144 0.9384991 0.3829624 0.2228057 0.8964918 0.2940251 0.3911458 0.8720976 0.312569 0.3002093 0.9012076 0.3787586 0.2168944 0.8997215 0.4333992 0.2537691 0.8647349 0.4365482 0.3714544 0.819419 0.4516094 0.3066303 0.8378704 0.4761004 0.2463443 0.8441818 0.4818888 0.2788205 0.8306879 0.5833832 0.2825377 0.7614699 0.4135915 -0.2218499 0.8830203 0.3262463 -0.08256602 0.9416721 0.3507067 -0.1730276 0.9203621 0.2343727 -0.1557647 0.9595868 0.1362371 -0.1918053 0.9719312 0.4436687 -0.3742555 0.814304 0.357981 -0.2934624 0.8864138 0.1757909 -0.2660047 0.9478076 0.02346879 -0.3290684 0.9440144 0.4051164 -0.4633904 0.7881308 0.3232567 -0.4010017 0.8571481 0.1516299 -0.3734238 0.9151848 0.01325535 -0.413504 0.9104059 0.3493719 -0.5605569 0.7508098 0.2727035 -0.5336917 0.8005036 0.117073 -0.5165935 0.8481893 0.007282972 -0.5274243 0.8495709 0.2664803 -0.6569305 0.7052877 0.2148061 -0.6609691 0.719012 0.104415 -0.6594785 0.7444365 0.04324948 -0.6528314 0.7562676 0.137639 -0.7823081 0.6074946 -0.3532805 0.3527659 0.8664578 -0.2561527 0.1538656 0.954312 -0.2674354 0.2752072 0.9234389 -0.1055631 0.2248491 0.9686586 0.0501253 0.2420929 0.9689574 -0.3483123 0.5169561 0.7819431 -0.2396205 0.4052816 0.8822295 -0.008509099 0.330252 0.9438545 0.2127234 0.3575436 0.9093468 -0.2685903 0.603966 0.7503895 -0.1627877 0.5103271 0.8444326 0.04221689 0.4342652 0.8997953 0.2357342 0.4367287 0.8681575 -0.1706851 0.6950199 0.6984369 -0.06437855 0.6354215 0.769477 0.1134378 0.5698044 0.8139133 0.2588125 0.5468147 0.7962473 -0.03989702 0.772268 0.6340428 0.04008024 0.7495214 0.6607657 0.1638047 0.7091511 0.6857644 0.2406092 0.6824877 0.6901577 0.1641167 0.8388658 0.5190086 0.6442388 0.2756399 0.7134277 0.6897014 0.04947203 0.7224019 0.6651215 0.2053856 0.7179347 0.7176265 0.128178 0.6845311 0.7719928 0.09363466 0.6286969 0.5996642 0.4531844 0.6595658 0.6356883 0.3411624 0.6924656 0.7294476 0.2195814 0.647835 0.8158641 0.1764249 0.5506723 0.6026679 0.5080761 0.6153456 0.6279794 0.4183843 0.6561986 0.7208885 0.3181737 0.6156991 0.807584 0.2816715 0.5181403 0.6096253 0.5657492 0.5552342 0.6215038 0.5115913 0.5933021 0.7062377 0.4357946 0.5579528 0.7877812 0.3966569 0.4712368 0.6303514 0.6085587 0.4819892 0.6287915 0.5955656 0.499923 0.6860862 0.5488508 0.4775444 0.7456132 0.5083284 0.4308864 0.6597034 0.653125 0.3717785 -0.5955283 0.1746348 0.784123 -0.3786097 0.4194803 0.8250401 -0.5356103 0.2763174 0.7979789 -0.4844097 0.4016992 0.7771648 -0.4600784 0.5107848 0.7262416 -0.7244444 -0.01664036 0.6891325 -0.6487375 0.1471158 0.746657 -0.5875817 0.344007 0.7323981 -0.5647584 0.5008988 0.655857 -0.7632291 -0.04618322 0.6444754 -0.71364 0.08764863 0.6950078 -0.6879973 0.2533938 0.6800377 -0.6876978 0.3946622 0.6093549 -0.8139705 -0.07024377 0.5766437 -0.7949333 0.01626044 0.606479 -0.7962392 0.1468112 0.5868983 -0.8055958 0.276043 0.5242287 -0.876098 -0.0667321 0.4774926 -0.8762202 -0.03461581 0.4806663 -0.8854292 0.04684668 0.4624075 -0.892616 0.1469841 0.4261835 -0.9484534 -0.04179805 0.3141481 0.6272913 0.1023817 0.7720257 0.7200088 -0.1085189 0.6854277 0.6689528 0.04213052 0.74211 0.7409061 -0.001365482 0.6716073 0.8009938 0.004093945 0.5986586 0.5659347 0.2991514 0.7682619 0.6407451 0.1967417 0.7421177 0.763778 0.1226142 0.6337262 0.8512815 0.1353682 0.5069472 0.5713447 0.39389 0.7200112 0.6437381 0.3138151 0.6979408 0.7649027 0.2409144 0.5973979 0.8478425 0.2298143 0.4778583 0.5903726 0.5186092 0.6184697 0.6527826 0.4572958 0.60395 0.7630707 0.374193 0.5269752 0.8344833 0.3334882 0.4386609 0.6530724 0.594542 0.4690591 0.6889662 0.5598394 0.4603319 0.7618958 0.4862767 0.4278432 0.8043885 0.4398885 0.3993212 0.7562423 0.5858556 0.2913262 -0.5824701 0.02517426 0.8124623 -0.439688 0.2786688 0.8538257 -0.5467775 0.1186137 0.8288336 -0.5313125 0.2382013 0.8129989 -0.5446359 0.3361756 0.7683475 -0.668605 -0.1716526 0.723535 -0.6213831 -0.02571678 0.7830849 -0.6116936 0.1608435 0.7745711 -0.64429 0.3012332 0.7029573 -0.702205 -0.2072091 0.6811554 -0.6669025 -0.09719312 0.7387791 -0.6808251 0.05355131 0.7304857 -0.7286669 0.1762031 0.6618134 -0.7431371 -0.2427437 0.6235566 -0.7244891 -0.1848134 0.6640479 -0.7554444 -0.0739324 0.6510283 -0.8077252 0.03649431 0.5884287 -0.792894 -0.2658159 0.5483257 -0.7882998 -0.2584251 0.5583906 -0.8171424 -0.1950994 0.5424157 -0.8563393 -0.1087296 0.5048375 -0.8601874 -0.3013777 0.411399 0.5049813 -0.1238408 0.8541999 0.4454556 -0.3517161 0.8233258 0.4969731 -0.2014211 0.8440659 0.5216448 -0.2938286 0.8009691 0.5696698 -0.3484185 0.7443661 0.5695862 0.05924594 0.8197936 0.5572769 -0.06971037 0.8273953 0.6027717 -0.2232504 0.7660453 0.6816288 -0.3027894 0.6661088 0.619214 0.1107005 0.7773799 0.615594 0.003311514 0.7880565 0.6681658 -0.1374026 0.7312148 0.7418031 -0.22018 0.6334422 0.6870223 0.163455 0.7080134 0.6935085 0.09015071 0.714786 0.7447841 -0.03364318 0.666457 0.8006612 -0.1232963 0.5862932 0.7722284 0.1826049 0.6085383 0.7814974 0.1522315 0.6050517 0.8130564 0.06434917 0.5786179 0.8377594 -0.0128386 0.5458888 0.8721353 0.158722 0.462804 -0.0855326 -0.3884887 0.9174752 -0.2486218 -0.2548361 0.9344763 -0.1434595 -0.3477578 0.9265441 -0.2336395 -0.3276744 0.9154464 -0.3089014 -0.3431509 0.887033 0.04729402 -0.501663 0.8637694 -0.04237169 -0.431667 0.9010375 -0.1899853 -0.4060435 0.8938873 -0.3047363 -0.4435661 0.8428434 0.07090342 -0.5471112 0.8340516 0.008493959 -0.4874137 0.8731299 -0.1174078 -0.4830248 0.8676996 -0.2233918 -0.5327171 0.8162773 0.09564983 -0.5996368 0.7945356 0.07189601 -0.5612054 0.8245481 -0.02421718 -0.5770904 0.8163211 -0.1225341 -0.6282204 0.7683258 0.1158779 -0.6541517 0.7474343 0.1271349 -0.6434499 0.754857 0.07254099 -0.6662452 0.7421962 -0.004816472 -0.699913 0.7142119 0.1653509 -0.7406832 0.6511894 -0.2549317 0.2961317 0.9204977 -0.07912403 0.3589718 0.9299886 -0.1954211 0.322138 0.9263033 -0.1367512 0.3827335 0.9136817 -0.1127603 0.4489628 0.8864072 -0.4087254 0.2480801 0.8782938 -0.30904 0.2860835 0.9070009 -0.2167912 0.3902273 0.894832 -0.1903024 0.4999129 0.8449096 -0.4578028 0.25228 0.8525089 -0.3799828 0.2756134 0.8829782 -0.3137291 0.3749737 0.8723353 -0.2996608 0.4848769 0.8216434 -0.5143845 0.2609866 0.8168811 -0.4735726 0.2657804 0.8396962 -0.4375336 0.3532204 0.8269219 -0.4267193 0.4582698 0.7796792 -0.5713763 0.278218 0.7720906 -0.5710256 0.2686409 0.7757333 -0.5607042 0.3266952 0.7608424 -0.5449116 0.4055821 0.7338764 -0.6710001 0.2959865 0.6798169 0.173321 0.05979716 0.9830484 0.08626055 -0.06144905 0.9943758 0.1432324 0.01852184 0.9895158 0.1351568 -0.0525248 0.9894312 0.1592299 -0.1080016 0.9813162 0.2626423 0.1605696 0.9514392 0.2032238 0.09936171 0.9740777 0.1928929 -0.01907795 0.9810344 0.245465 -0.105071 0.9636945 0.3045207 0.1811938 0.9351128 0.2474489 0.1430224 0.9582869 0.2516822 0.04247939 0.9668772 0.3152514 -0.03583616 0.9483314 0.3528183 0.2067525 0.9125638 0.3081616 0.2000271 0.9300675 0.3288865 0.1271249 0.935774 0.3941246 0.05594402 0.9173528 0.397497 0.2374284 0.8863543 0.3775863 0.2567875 0.8896566 0.4051309 0.2206161 0.8872415 0.450327 0.1653191 0.8774254 0.4665395 0.3139051 0.8269247 -0.1203039 0.4811082 0.8683674 0.05609291 0.4524195 0.8900395 -0.05332618 0.4698549 0.8811315 0.03258287 0.4854919 0.8736338 0.0932585 0.523829 0.8467031 -0.2741699 0.5022377 0.8201147 -0.1680248 0.478803 0.8616934 -0.03241842 0.5104324 0.8593066 0.05259937 0.5812739 0.8120062 -0.3085674 0.5208407 0.7959341 -0.2339348 0.4892463 0.8401861 -0.1330398 0.5270926 0.8393295 -0.06797569 0.6062805 0.7923405 -0.3507355 0.5404921 0.7647569 -0.3228685 0.5061307 0.7997424 -0.2636687 0.5476315 0.7940898 -0.2117695 0.6288452 0.748136 -0.4002345 0.5579797 0.7269602 -0.414182 0.5325033 0.7381691 -0.3944162 0.564982 0.7247285 -0.3540456 0.6279475 0.6930611 -0.5069006 0.5759879 0.6413188 0.5022982 -0.3100939 0.8071793 0.4139856 -0.45899 0.7860943 0.4650965 -0.37822 0.8003967 0.4442423 -0.467568 0.7642178 0.4533202 -0.5378148 0.7108137 0.5887597 -0.1852911 0.7867842 0.5287197 -0.299207 0.7943114 0.5008424 -0.4468813 0.7412517 0.5236802 -0.5519213 0.6489546 0.6285127 -0.1618041 0.7607833 0.5835211 -0.2585613 0.7698373 0.5732048 -0.3923032 0.7193987 0.600812 -0.4936357 0.6287677 0.6856943 -0.1396988 0.7143581 0.6661567 -0.2043957 0.7172571 0.6701394 -0.317752 0.6707809 0.689386 -0.4181347 0.5915323 0.7586318 -0.141418 0.6359865 0.7598888 -0.1657882 0.6285565 0.7640888 -0.2422738 0.5978895 0.7638254 -0.3251153 0.5575578 0.8479724 -0.1713479 0.5015802 0.2125114 -0.04810351 0.9759739 0.08138167 -0.193241 0.9777704 0.1567352 -0.1174921 0.9806272 0.1179023 -0.2202708 0.9682871 0.1164539 -0.3171996 0.9411817 0.3398661 0.05272251 0.9389949 0.2483535 -0.05635303 0.967029 0.1920579 -0.2219907 0.9559466 0.2016667 -0.3705313 0.9066627 0.3855841 0.06001985 0.9207186 0.3200898 -0.0360496 0.9467012 0.2929564 -0.187277 0.9376054 0.3140187 -0.3278121 0.8910284 0.44909 0.0566762 0.8916872 0.426912 -0.01051336 0.9042321 0.4295333 -0.1382715 0.8924025 0.4502163 -0.2693693 0.8513199 0.5345563 0.02790492 0.8446722 0.5481476 5.58743e-4 0.8363816 0.56375 -0.08395373 0.8216677 0.5691041 -0.1834655 0.8015366 0.6779919 -0.02541035 0.7346301 -0.166442 0.1063517 0.9802991 0.009695768 0.1997244 0.9798042 -0.08978348 0.1539261 0.9839949 -0.01934081 0.2437605 0.9696426 0.008020758 0.3392296 0.9406695 -0.3228148 0.06377613 0.944311 -0.1988094 0.1359658 0.9705607 -0.09097194 0.2815327 0.9552296 -0.06013697 0.4310193 0.9003367 -0.3736361 0.07919323 0.9241886 -0.2765588 0.1502347 0.9491811 -0.1963979 0.2927989 0.9357866 -0.1724882 0.437649 0.8824462 -0.4389864 0.1125078 0.8914219 -0.389671 0.1737717 0.9044114 -0.3397812 0.3043617 0.8898949 -0.3104596 0.437009 0.8441789 -0.5118075 0.1812046 0.8397727 -0.5095187 0.2176037 0.83249 -0.4838079 0.3090827 0.8187783 -0.4450722 0.4016431 0.800371 -0.6157961 0.3022765 0.7276154 0.3202822 -0.009365618 0.9472759 0.3447833 -0.1247191 0.93036 0.3207519 -0.08598309 0.9432525 0.366499 -0.1802638 0.9127888 0.437084 -0.2282506 0.8699766 0.3192937 -0.003119766 0.9476507 0.3039469 -0.1104454 0.9462653 0.3736371 -0.2529426 0.8924211 0.4921388 -0.3080933 0.8141733 0.3226109 -0.1374318 0.9365013 0.2947603 -0.2080325 0.9326515 0.3614233 -0.3109543 0.8790226 0.4776015 -0.3383718 0.8108031 0.3097807 -0.3183442 0.8959314 0.2756909 -0.3525846 0.8942476 0.3378306 -0.4046003 0.8498054 0.4576627 -0.4104645 0.7887102 0.2891281 -0.5059989 0.8126317 0.2594165 -0.5072309 0.8218394 0.3063599 -0.5117567 0.8026511 0.3942242 -0.500627 0.7706879 0.2712364 -0.6342368 0.7239991 -0.3408526 -0.04230606 0.9391644 -0.251151 0.2001037 0.9470384 -0.2750392 0.08391797 0.9577637 -0.2315171 0.2513378 0.9398028 -0.2315857 0.4058349 0.8841189 -0.4281121 -0.2057485 0.879993 -0.330103 -0.02659618 0.9435702 -0.2759019 0.2092076 0.938142 -0.2925643 0.3969905 0.8699452 -0.4548326 -0.2183835 0.8633863 -0.379567 -0.07670146 0.9219793 -0.3662923 0.1024084 0.9248473 -0.4086141 0.2525698 0.8770651 -0.4927487 -0.2227474 0.8411791 -0.4655675 -0.1527482 0.8717311 -0.4940971 -0.03399819 0.8687419 -0.5525513 0.08886736 0.8287277 -0.5641828 -0.2320671 0.7923653 -0.5739268 -0.2288704 0.7862737 -0.616621 -0.169756 0.7687402 -0.6680946 -0.08002007 0.7397611 -0.7066186 -0.2876272 0.6464989 0.7114753 0.3781827 0.5922675 0.6462109 0.3274917 0.689319 0.7060082 0.3041594 0.639562 0.7151591 0.1952306 0.6711427 0.7401694 0.08474802 0.6670585 0.7812506 0.3442813 0.52069 0.7654635 0.237908 0.5978841 0.7658547 0.06667429 0.6395477 0.7886164 -0.113485 0.6043222 0.8458084 0.2279624 0.4823291 0.8198114 0.1320598 0.5571978 0.8016875 -0.01113945 0.5976397 0.8110963 -0.1565874 0.563563 0.9043043 0.09881532 0.4152942 0.8762227 0.007517337 0.481848 0.8471585 -0.1072531 0.5204029 0.8429539 -0.2009228 0.4990579 0.9415046 -0.04260849 0.3342955 0.9192291 -0.1130376 0.3771479 0.8942728 -0.1834926 0.408175 0.8870607 -0.2164914 0.4077435 0.9384955 -0.2281019 0.2592215 -0.6238778 -0.01285058 0.7814164 -0.5332512 -0.01469582 0.8458294 -0.5795897 0.02892589 0.814395 -0.5392709 0.1091274 0.8350318 -0.5287496 0.193191 0.8264993 -0.6844985 0.04991322 0.7273036 -0.609372 0.1055545 0.7858271 -0.5357645 0.2307023 0.8122394 -0.5185691 0.3662399 0.7726283 -0.695081 0.1682075 0.6989769 -0.6162771 0.2126989 0.7582624 -0.5394504 0.309324 0.7831424 -0.5312719 0.412365 0.7400712 -0.6972154 0.3032014 0.6495842 -0.6203755 0.3441849 0.7047489 -0.5463354 0.4102815 0.7301965 -0.5479409 0.4637756 0.6961846 -0.6738837 0.4446084 0.5900882 -0.6158023 0.4770414 0.6270718 -0.5633059 0.5064162 0.6528623 -0.5727345 0.5079286 0.6434158 -0.5919935 0.5968698 0.5415627 0.8238578 0.3720723 0.4275752 0.7528551 0.3953394 0.526228 0.8010133 0.3477432 0.487291 0.7848216 0.2838426 0.5508978 0.7878199 0.2077313 0.5798169 0.8891394 0.3109111 0.3358059 0.8537704 0.278032 0.4401981 0.8217518 0.1697357 0.5439796 0.8184297 0.03620421 0.5734651 0.9229144 0.2356747 0.3044446 0.8930592 0.1934586 0.4062255 0.8588738 0.08601552 0.504913 0.848291 -0.03031665 0.5286617 0.9525552 0.1504089 0.2646051 0.9331437 0.09608429 0.3464257 0.9052688 -0.01364213 0.4246203 0.8920843 -0.1097983 0.4383262 0.9733009 0.04976373 0.2240735 0.9641326 0.005384981 0.2653669 0.9488099 -0.07762306 0.3061611 0.9410106 -0.1347593 0.3103852 0.9820566 -0.09094053 0.1652112 -0.6025759 -0.1587005 0.7821231 -0.4909605 -0.1852213 0.8512644 -0.5490692 -0.1299906 0.8256062 -0.4936628 -0.06005477 0.8675774 -0.467953 0.02413755 0.8834237 -0.6963884 -0.09107732 0.7118625 -0.6100018 -0.05101811 0.7907559 -0.5140708 0.06384044 0.8553687 -0.4689065 0.2056878 0.8589642 -0.7310343 0.001985788 0.6823379 -0.6480144 0.04802316 0.7601127 -0.5492373 0.1521186 0.8217045 -0.4986642 0.2682591 0.8242397 -0.7615258 0.1093529 0.6388431 -0.6916059 0.1689578 0.7022355 -0.6000388 0.263642 0.7552791 -0.5491155 0.3417506 0.7626785 -0.7712216 0.2322656 0.5926803 -0.727986 0.2874062 0.6224421 -0.6654658 0.3561631 0.655975 -0.6317429 0.3888669 0.6705845 -0.7456046 0.4104784 0.5249583 0.4987043 -0.1634123 0.8512288 0.3909658 -0.1012185 0.9148227 0.4188107 -0.1777273 0.8905115 0.3184983 -0.218212 0.9224653 0.2249031 -0.2794781 0.9334402 0.5505374 -0.2665925 0.7910987 0.4271269 -0.2840808 0.858406 0.2616622 -0.3423414 0.9024053 0.100798 -0.4353689 0.8945913 0.5193949 -0.3952334 0.7576408 0.397929 -0.4081482 0.821625 0.2401328 -0.4425422 0.8639982 0.08613282 -0.4989604 0.862334 0.4794135 -0.5351651 0.6955293 0.3623137 -0.5543064 0.7493153 0.2186897 -0.5741504 0.7890033 0.08744233 -0.5930701 0.8003885 0.4127331 -0.6671157 0.6201679 0.3235411 -0.6873164 0.650321 0.2225817 -0.697303 0.6813413 0.1438922 -0.6933711 0.7060677 0.2635952 -0.7997779 0.5393264 0.1500186 -0.4347245 0.8879803 0.105302 -0.3714555 0.92246 0.09587228 -0.4131386 0.9056076 0.01510137 -0.4117035 0.9111928 -0.05481272 -0.4382608 0.897175 0.1144669 -0.4988686 0.8590853 0.03690582 -0.4534179 0.8905336 -0.08991235 -0.4430666 0.8919685 -0.1998188 -0.4920948 0.8472988 -0.008365571 -0.5471748 0.8369767 -0.06874167 -0.4903048 0.868836 -0.1600163 -0.4660835 0.8701501 -0.2288444 -0.5164827 0.825152 -0.1540846 -0.5958684 0.7881617 -0.2025447 -0.5336499 0.8210929 -0.2545844 -0.4981555 0.8288716 -0.2689219 -0.5421501 0.7960869 -0.3065369 -0.6208397 0.7215214 -0.3374691 -0.5690343 0.7498764 -0.3480612 -0.5355383 0.7694492 -0.3202658 -0.5633091 0.7616513 -0.4481504 -0.579619 0.6805903 -0.1040604 0.4880186 0.8666079 -0.09016519 0.3939507 0.9146984 -0.07012134 0.4378004 0.8963335 -0.003535747 0.3884128 0.9214787 0.07371985 0.3638837 0.9285226 -0.06214785 0.5686607 0.8202211 -0.01436233 0.4838087 0.8750559 0.09362047 0.3964577 0.9132669 0.2243931 0.3544592 0.9077481 0.03318077 0.5990437 0.8000285 0.07807391 0.5127483 0.8549817 0.1671078 0.4197087 0.8921433 0.2705723 0.3727666 0.8876011 0.1498411 0.6281188 0.7635538 0.1996921 0.5484912 0.8119609 0.2689039 0.4573791 0.8476409 0.3275074 0.4089483 0.8517631 0.278104 0.633748 0.7218183 0.3232867 0.5780767 0.7492083 0.3647122 0.5112493 0.7782091 0.3752137 0.4769834 0.7947966 0.4417272 0.5857294 0.6795573 0.1303793 -0.1653909 0.9775722 0.08676981 -0.1167382 0.9893651 0.09753143 -0.1436067 0.9848172 0.03891587 -0.1411783 0.989219 -0.002302229 -0.1660549 0.9861139 0.1334375 -0.2284627 0.9643647 0.08381795 -0.1821541 0.979691 -0.01611816 -0.174534 0.9845193 -0.08006644 -0.2265741 0.9706975 0.08104968 -0.2775369 0.9572901 0.03633385 -0.2242479 0.9738546 -0.05274355 -0.2067 0.9769818 -0.09730869 -0.2596073 0.9607993 0.006161391 -0.3363859 0.9417041 -0.03573817 -0.2845802 0.9579859 -0.1046154 -0.2562355 0.9609366 -0.1195773 -0.299163 0.94668 -0.09225159 -0.3836406 0.9188633 -0.1248254 -0.3482945 0.929037 -0.1589576 -0.3164839 0.9351847 -0.1454915 -0.3370846 0.9301647 -0.2210536 -0.3894914 0.8941094 0.1374445 0.5749236 0.8065803 0.07896304 0.4449075 0.8920887 0.1100557 0.506919 0.8549391 0.09989827 0.4166601 0.9035568 0.1125954 0.3285035 0.9377675 0.1837875 0.6934345 0.6966855 0.1334651 0.5957792 0.7919812 0.1227555 0.4679459 0.8751901 0.1547067 0.353937 0.9223852 0.2016451 0.6991096 0.6859921 0.1392441 0.6463907 0.7501934 0.1321036 0.5841324 0.8008358 0.1725745 0.5333514 0.8281029 0.2087013 0.7277482 0.6533197 0.1418195 0.7274401 0.6713554 0.1364345 0.7169056 0.68369 0.1817721 0.7021244 0.6884623 0.199451 0.7922995 0.5766114 0.1512854 0.8115744 0.5643224 0.1490322 0.8221472 0.5494211 0.189149 0.8215823 0.5377965 0.1639094 0.8933654 0.4183682 0.4750391 -0.4525497 0.7546766 0.389866 -0.5006629 0.7728785 0.4215203 -0.4627915 0.7798363 0.3502048 -0.5039442 0.789555 0.3017685 -0.5582777 0.7728272 0.4849724 -0.4594584 0.7441101 0.4038553 -0.4644581 0.7881494 0.2890394 -0.5289555 0.7979112 0.2183325 -0.6234861 0.7507305 0.4114692 -0.5226807 0.746658 0.3390833 -0.5121698 0.7891163 0.2473121 -0.5559943 0.793541 0.2095592 -0.6430735 0.7365741 0.3166357 -0.6139162 0.7230829 0.2509436 -0.5941182 0.7642322 0.1880292 -0.6089185 0.7706252 0.193461 -0.6659485 0.7204759 0.203732 -0.7069503 0.6772847 0.1556045 -0.6873661 0.7094471 0.1305008 -0.6766854 0.7246147 0.1659761 -0.6929408 0.7016304 0.07075971 -0.7583096 0.648043 0.1760374 -0.3609248 0.9158298 0.04870223 -0.2303095 0.971898 0.1334812 -0.2829833 0.9497912 0.05853378 -0.2041496 0.9771882 -0.02720409 -0.1520775 0.9879941 0.2841399 -0.4576524 0.8425075 0.2325713 -0.3281922 0.9155329 0.1247494 -0.2052298 0.9707309 0.004943549 -0.1416638 0.9899025 0.3104152 -0.474574 0.8236637 0.2990804 -0.340411 0.8914434 0.2464024 -0.2320445 0.9409788 0.1816221 -0.1963574 0.9635648 0.369022 -0.47665 0.7978894 0.4012687 -0.3539386 0.8448141 0.4062695 -0.2650825 0.8744578 0.3901563 -0.2499281 0.8861795 0.4730193 -0.4472339 0.7591012 0.5162464 -0.3636049 0.7754232 0.5513538 -0.3062592 0.7760247 0.5657168 -0.3040501 0.7664974 0.6492888 -0.3589719 0.6704947 -0.0676642 0.279523 0.9577518 0.06220781 0.2091388 0.9759053 -0.01982289 0.2161178 0.9761661 0.06979626 0.1580843 0.9849558 0.1618238 0.1385205 0.9770493 -0.1690216 0.282882 0.9441449 -0.1057153 0.1780087 0.978334 0.03603601 0.08007103 0.9961376 0.1730441 0.05884134 0.9831548 -0.224794 0.2113931 0.9511996 -0.1696854 0.1115813 0.9791611 -0.04832202 0.00357604 0.9988254 0.05036401 -0.02642643 0.9983813 -0.3227342 0.0971297 0.9414927 -0.2683895 0.01392787 0.9632098 -0.1721625 -0.09642875 0.9803375 -0.1158491 -0.1395134 0.98342 -0.4212625 -0.05745822 0.9051168 -0.3673541 -0.1041192 0.924235 -0.3025771 -0.1869903 0.9346024 -0.2862115 -0.2358508 0.9286859 -0.4221564 -0.245415 0.8726715 0.4455971 0.5337883 0.7186887 0.6052241 0.4182026 0.6773555 0.5103752 0.4984784 0.70074 0.5906121 0.4790908 0.6493453 0.6482931 0.4881916 0.5842816 0.3080739 0.6400321 0.7038817 0.4218189 0.5850455 0.6926692 0.558524 0.5583747 0.6134076 0.6457411 0.5769441 0.5001541 0.2734059 0.6943347 0.6656941 0.3738772 0.6556143 0.656038 0.5042365 0.6396316 0.5801872 0.5946798 0.6527838 0.469286 0.2379416 0.7707944 0.5909821 0.3159338 0.7498711 0.5812738 0.4362494 0.736119 0.5175088 0.5315363 0.7318834 0.4263989 0.2443721 0.846831 0.4723979 0.286293 0.8384039 0.4638054 0.3731138 0.8213031 0.431564 0.450459 0.8020523 0.3921722 0.3117561 0.8957287 0.3169831 -0.4812512 -0.2392827 0.8432918 -0.5402887 -0.1091631 0.8343691 -0.5019233 -0.1965615 0.8422806 -0.5537979 -0.1569074 0.8177335 -0.6007148 -0.1536592 0.7845576 -0.4395657 -0.3623493 0.821879 -0.4690699 -0.2877721 0.8349615 -0.5605846 -0.2216655 0.7978779 -0.6381249 -0.2273082 0.7356138 -0.4424159 -0.4129335 0.7960868 -0.4602952 -0.3500997 0.8158177 -0.550269 -0.2957387 0.7808603 -0.6259865 -0.3052445 0.7176119 -0.4494206 -0.4711279 0.758986 -0.4534429 -0.4326436 0.7792361 -0.53468 -0.3938772 0.7476484 -0.604658 -0.3964308 0.6908194 -0.46709 -0.5239315 0.712266 -0.4600718 -0.5184271 0.7208102 -0.5148112 -0.4960263 0.6992334 -0.5639726 -0.4825219 0.6701549 -0.4923561 -0.5976213 0.6327987 0.6092306 0.650166 0.4540069 0.734934 0.4515882 0.5059053 0.6655548 0.5785881 0.4714578 0.7343729 0.4974305 0.4618003 0.7953589 0.4318265 0.4253591 0.4750102 0.7906799 0.3862523 0.5796985 0.6886937 0.435489 0.6986942 0.5737838 0.4273157 0.7926642 0.4869273 0.3668586 0.4479382 0.8228842 0.3495898 0.5319983 0.7472337 0.3982709 0.6361303 0.6675214 0.38698 0.7251701 0.6068084 0.3254414 0.4184535 0.8597646 0.2927482 0.4714552 0.818604 0.328051 0.5568969 0.7697862 0.3119216 0.6420335 0.7234925 0.2536761 0.4072766 0.8897635 0.2060258 0.4250822 0.8780751 0.2197482 0.4795359 0.8527621 0.2069835 0.5482088 0.8185152 0.1717557 0.4103524 0.9086298 0.0774784 -0.321048 -0.3178441 0.8921341 -0.4761165 -0.2573192 0.8408923 -0.3805583 -0.305988 0.8726664 -0.4540438 -0.3234409 0.8301989 -0.4988961 -0.3656672 0.7857419 -0.1888213 -0.4092881 0.8926532 -0.2926719 -0.3871921 0.8743143 -0.4202114 -0.4173717 0.8057439 -0.4888727 -0.4887543 0.7225806 -0.1493498 -0.4771633 0.8660311 -0.240731 -0.4720173 0.8480851 -0.3664743 -0.5050656 0.7814125 -0.4440298 -0.5583987 0.7007343 -0.1052106 -0.5799509 0.8078291 -0.1768365 -0.589037 0.7885204 -0.298934 -0.6118639 0.7322985 -0.3860597 -0.6312409 0.6726759 -0.1085508 -0.6966549 0.7091464 -0.1480692 -0.7083578 0.6901484 -0.2403494 -0.7096534 0.6622872 -0.3097406 -0.6957377 0.6480817 -0.1866987 -0.8049557 0.5631963 0.3512704 0.1744451 0.9198794 0.3681045 -0.05247294 0.9283027 0.3717246 0.0846433 0.9244764 0.4129738 -0.01315182 0.9106479 0.4611055 -0.08207327 0.8835417 0.335465 0.3639327 0.8689168 0.3757247 0.2196537 0.900324 0.4508261 0.06955808 0.8898976 0.5381923 -0.04040282 0.8418531 0.3456795 0.4049643 0.8464689 0.3927666 0.2987205 0.8697704 0.4768192 0.1913345 0.8579246 0.5707998 0.1087692 0.8138532 0.3739904 0.4565316 0.8072857 0.4219738 0.4055734 0.810832 0.5079078 0.3411864 0.7909625 0.6025549 0.2771329 0.748415 0.4376071 0.5132456 0.7382947 0.4690598 0.5086673 0.7219699 0.5328059 0.4793357 0.6973917 0.6064782 0.4318823 0.6675792 0.5465862 0.5922319 0.5920346 0.1947042 -0.2274213 0.954133 0.1609978 -0.3450255 0.9246823 0.1859919 -0.2842069 0.9405496 0.2047163 -0.3546463 0.9123143 0.2475677 -0.4014934 0.8817671 0.2564826 -0.2037391 0.9448318 0.2265868 -0.2885602 0.9302643 0.2481908 -0.4006446 0.881978 0.3258691 -0.4685173 0.8211584 0.3101934 -0.3222008 0.8944086 0.2635073 -0.3738427 0.8892725 0.2688309 -0.443185 0.8551707 0.3513771 -0.4778808 0.8050864 0.3461576 -0.4694319 0.812286 0.291047 -0.4970506 0.8174548 0.2866972 -0.5187788 0.8054026 0.3682646 -0.5090456 0.7779807 0.3630784 -0.5959493 0.7162531 0.3149968 -0.6112972 0.7260116 0.3050695 -0.6015959 0.7382513 0.3612608 -0.5657944 0.7411933 0.3355392 -0.6882649 0.643199 -0.233541 0.3597688 0.9033411 -0.1324292 0.4233239 0.8962475 -0.1883175 0.3863649 0.9029169 -0.1478615 0.4410878 0.8851997 -0.1392329 0.4949112 0.8577163 -0.3373027 0.3115927 0.8883339 -0.2576048 0.3518189 0.899924 -0.1914452 0.4469115 0.8738529 -0.1881225 0.5367388 0.8225093 -0.3753898 0.3123046 0.8726674 -0.3092306 0.3407834 0.8878306 -0.260138 0.43224 0.8634216 -0.2646855 0.5219607 0.810863 -0.4227564 0.3175889 0.8487723 -0.3871243 0.3294435 0.861163 -0.3607587 0.4101545 0.8376314 -0.3625625 0.4959865 0.7890157 -0.4747397 0.3341286 0.8142361 -0.475606 0.3304715 0.8152225 -0.4681738 0.3842238 0.7957295 -0.4562825 0.4483758 0.7686128 -0.568466 0.3574737 0.7409851 0.1771299 -0.05170857 0.9828283 0.09740769 -0.1346804 0.9860898 0.1327196 -0.08756089 0.9872785 0.09781318 -0.1528891 0.9833908 0.09418255 -0.2171239 0.9715899 0.2664692 0.0186581 0.9636629 0.1854993 -0.03400856 0.9820558 0.1296654 -0.1425009 0.9812647 0.1365955 -0.2463877 0.9594972 0.2951553 0.02324444 0.9551666 0.226659 -0.007582724 0.9739447 0.1943322 -0.09928697 0.9758982 0.2179403 -0.1956416 0.9561519 0.3310589 0.02874577 0.9431722 0.2943983 0.02908921 0.9552401 0.2948539 -0.03719294 0.9548183 0.3290777 -0.1249554 0.935999 0.3777446 0.04167377 0.9249716 0.3776095 0.06454622 0.9237126 0.4009619 0.03091925 0.915573 0.4289068 -0.03538584 0.9026554 0.4842866 0.09538632 0.8696942 -0.01357823 0.452631 0.8915946 0.05237126 0.4888625 0.8707875 0.04318577 0.4622359 0.8857048 0.1078045 0.500365 0.8590769 0.1430883 0.5517237 0.821661 -0.00901097 0.4330114 0.9013434 0.07695305 0.4382995 0.8955288 0.1796928 0.5013069 0.8464053 0.2246803 0.592133 0.7738847 0.1133825 0.4285962 0.8963537 0.1687528 0.4245025 0.8895618 0.2386842 0.4889659 0.8390126 0.261802 0.58797 0.7653437 0.2811046 0.415731 0.8649556 0.3033429 0.4057423 0.8621811 0.3291847 0.4687948 0.8196762 0.329344 0.5670009 0.7550117 0.4482629 0.4076732 0.7955269 0.4441971 0.3976256 0.8028593 0.4285611 0.445734 0.7859115 0.4111816 0.5190439 0.7493485 0.5401505 0.424074 0.7269104 0.8236648 -0.237727 0.5148421 0.7560029 -0.2000715 0.6232423 0.7757366 -0.2467418 0.5808196 0.7052396 -0.2898941 0.646992 0.6397037 -0.3564662 0.6809634 0.8495742 -0.3174784 0.4212259 0.779706 -0.3273904 0.533736 0.6609789 -0.393674 0.6388488 0.5422001 -0.4997599 0.6754696 0.8268286 -0.4049767 0.3903184 0.7553455 -0.4247398 0.4990486 0.6386618 -0.4831348 0.598909 0.5256948 -0.5659418 0.6351023 0.7944476 -0.4975287 0.348308 0.7223473 -0.5375744 0.4350035 0.6117925 -0.6004838 0.5149069 0.5138086 -0.6627986 0.5447006 0.7407172 -0.5991253 0.3039522 0.6867547 -0.6393232 0.3458814 0.6082625 -0.6925362 0.3878277 0.5489186 -0.7312961 0.4048389 0.6354851 -0.7358642 0.2338005 -0.1843445 0.7196956 0.6693695 -0.1586359 0.6354861 0.7556402 -0.1395047 0.6791579 0.7206131 -0.0517615 0.6427587 0.7643181 0.04458308 0.6317096 0.7739221 -0.1432321 0.7878337 0.5990013 -0.08204019 0.7220623 0.6869465 0.05655157 0.6561614 0.7524986 0.2139684 0.6327468 0.7442104 -0.04552811 0.8178821 0.5735817 0.01256865 0.7511505 0.6600114 0.1312978 0.6793699 0.721954 0.2608041 0.6528669 0.7111582 0.06951922 0.8449853 0.5302519 0.1330823 0.7850458 0.604973 0.2313232 0.7148204 0.6599405 0.315106 0.6868112 0.6549799 0.1996363 0.8527646 0.4826366 0.2552067 0.8119582 0.5249701 0.3197414 0.7621973 0.5628683 0.3493295 0.7439939 0.5695981 0.3776431 0.8201134 0.4298834 0.6909536 -0.4612222 0.5566482 0.6115746 -0.4124691 0.6751636 0.6222246 -0.4669907 0.6282963 0.5198622 -0.4965428 0.6951177 0.4116135 -0.5459744 0.7297167 0.6980564 -0.5451228 0.4642828 0.5994023 -0.5514284 0.5802102 0.4349094 -0.5901762 0.6801074 0.2506142 -0.6558795 0.7120496 0.6371445 -0.6392366 0.4306083 0.5371057 -0.6480696 0.539929 0.3831715 -0.6724544 0.6332335 0.2144057 -0.7125395 0.6680701 0.5660049 -0.7338874 0.3755632 0.4614748 -0.7567619 0.4629823 0.318358 -0.7803359 0.5382602 0.1771036 -0.8016583 0.570945 0.4703741 -0.8250612 0.3130853 0.3873426 -0.8499686 0.3570986 0.284622 -0.872006 0.3982409 0.1986808 -0.8853064 0.4204267 0.2986472 -0.9265946 0.2285445 -0.528788 0.5416043 0.6534892 -0.4395137 0.522968 0.730296 -0.4491204 0.5614063 0.695064 -0.3418994 0.6022998 0.7213458 -0.2350636 0.6564393 0.7168213 -0.521781 0.6060832 0.6003397 -0.407039 0.6257084 0.6654385 -0.2381232 0.675731 0.6976281 -0.06115871 0.7463516 0.662736 -0.4184097 0.7082873 0.5685617 -0.3164418 0.7096608 0.629481 -0.1754301 0.7296041 0.6609857 -0.03055769 0.7747296 0.6315539 -0.3006094 0.8127735 0.4990323 -0.2069313 0.8061757 0.5543106 -0.09522998 0.8032667 0.5879576 -6.89566e-4 0.8169687 0.5766816 -0.1702852 0.8972243 0.4074207 -0.09802424 0.8911139 0.4430657 -0.03653925 0.8739391 0.4846599 0.001009166 0.8722257 0.4891028 0.001209616 0.9448455 0.3275142 0.4019658 -0.5590448 0.7251844 0.3591017 -0.5340602 0.7653926 0.3645905 -0.5547453 0.7478848 0.3040387 -0.5765398 0.7583947 0.2669421 -0.6135005 0.7432087 0.3898997 -0.6060116 0.6933457 0.3341991 -0.5877609 0.7367823 0.2332894 -0.6181795 0.75062 0.1794692 -0.6830119 0.7080153 0.3184621 -0.6591142 0.6812859 0.2690448 -0.6304421 0.7281194 0.1841973 -0.6473068 0.7396386 0.1557555 -0.7095077 0.6872693 0.2266765 -0.7188749 0.6571428 0.1805203 -0.6869529 0.7039234 0.1178771 -0.6886929 0.715407 0.1210269 -0.738614 0.6631755 0.1165422 -0.7704041 0.6268137 0.08031141 -0.7463051 0.6607412 0.05224722 -0.7362273 0.6747146 0.07835823 -0.7624107 0.6423318 -0.01902621 -0.7922565 0.6098915 -0.4934338 -0.2313403 0.8384539 -0.368332 -0.2123658 0.9051145 -0.4300907 -0.2193482 0.875733 -0.360709 -0.1761587 0.9158914 -0.3127322 -0.1139293 0.942984 -0.6111083 -0.2535622 0.7498353 -0.5103765 -0.2472893 0.8236285 -0.4107359 -0.1807452 0.8936595 -0.3574304 -0.08218908 0.9303163 -0.6325051 -0.2439706 0.7351297 -0.5537443 -0.270204 0.7876275 -0.5012381 -0.234602 0.8328999 -0.4957543 -0.1606017 0.8534839 -0.6639546 -0.2558339 0.7026474 -0.6176397 -0.3142102 0.7209668 -0.6051884 -0.308405 0.7339165 -0.6283278 -0.2500897 0.7366542 -0.707599 -0.3039957 0.6378795 -0.6884378 -0.3592825 0.6300553 -0.696116 -0.3662258 0.6174958 -0.7255023 -0.3232883 0.6075616 -0.762734 -0.4047605 0.5043864 -0.2111495 0.5171543 0.829438 -0.1134625 0.4754583 0.8723909 -0.1516242 0.4871804 0.8600381 -0.06597846 0.4646614 0.883027 0.02328068 0.4591593 0.8880489 -0.2155886 0.5634721 0.7975092 -0.1290156 0.5114257 0.8495875 0.007606148 0.4698128 0.8827333 0.1576793 0.4588871 0.8743911 -0.1097626 0.6032682 0.7899491 -0.03980326 0.5442121 0.838003 0.06619447 0.4908251 0.8687399 0.1848251 0.4702584 0.8629582 0.02631616 0.6553611 0.7548572 0.08602142 0.594499 0.7994819 0.1571317 0.5322309 0.8318894 0.2188657 0.4984862 0.8388143 0.1700804 0.691007 0.7025539 0.2131586 0.642858 0.7357289 0.2458884 0.5910059 0.7682779 0.2504231 0.5594801 0.7901078 0.3200933 0.6684458 0.6713572 0.1826676 -0.1555224 0.9707963 0.04908508 -0.1808318 0.9822885 0.1146205 -0.139114 0.9836206 0.02691316 -0.14023 0.9897531 -0.05070877 -0.1620342 0.9854814 0.2763036 -0.09562289 0.9563016 0.1665024 -0.0604068 0.984189 0.01794928 -0.05710536 0.9982069 -0.1023383 -0.09276598 0.9904147 0.2934759 -0.01235157 0.9558867 0.1870334 0.0268588 0.9819864 0.04444944 0.05064052 0.9977273 -0.05696916 0.0435242 0.9974268 0.3165739 0.1231582 0.9405387 0.2163843 0.1550832 0.9639124 0.0867235 0.1938549 0.9771896 0.00515896 0.217297 0.9760919 0.3072819 0.2816435 0.9089856 0.2291773 0.2913206 0.928768 0.1345961 0.3240638 0.9364116 0.08005154 0.3640965 0.9279146 0.1922438 0.4179905 0.8878774 0.7218948 -0.09531229 0.6854076 0.7557945 -0.2154816 0.6183384 0.742378 -0.1500441 0.6529639 0.7866382 -0.193955 0.5861588 0.8319603 -0.1947575 0.5195302 0.7425726 -0.03076922 0.6690586 0.7644173 -0.1233091 0.63282 0.8270455 -0.1960137 0.5268535 0.8934466 -0.1806365 0.4112465 0.8153802 -0.06479918 0.5752879 0.8156116 -0.1494885 0.5589553 0.8526157 -0.207852 0.4794207 0.9090541 -0.1672973 0.3816182 0.8838338 -0.1132518 0.4538854 0.8725984 -0.1919379 0.4491457 0.8867288 -0.2336133 0.3989197 0.9266088 -0.1719487 0.3344097 0.9326816 -0.1712886 0.3174356 0.9199872 -0.2309407 0.3166862 0.9189019 -0.2545126 0.3014014 0.9380797 -0.1990837 0.2835001 0.9472439 -0.2644565 0.1810849 -0.3531107 0.5521315 0.7552905 -0.1566044 0.6530029 0.7409873 -0.2687702 0.6035971 0.7506219 -0.1822547 0.6752047 0.71476 -0.1242401 0.7445757 0.6558747 -0.5119788 0.4664416 0.7213252 -0.3815982 0.5584076 0.7365894 -0.2526053 0.6793669 0.6889494 -0.1747913 0.7850401 0.5942727 -0.5569631 0.46052 0.6911682 -0.4549486 0.5457087 0.7037214 -0.3587662 0.6617054 0.6583562 -0.2976406 0.7663812 0.5692715 -0.6170442 0.4665377 0.6337186 -0.5582945 0.5340257 0.6349204 -0.4926248 0.6382607 0.5915607 -0.4355254 0.7390921 0.5138683 -0.6764912 0.5076773 0.5335012 -0.6568394 0.5424429 0.5237537 -0.6159853 0.6132988 0.4943954 -0.5640705 0.690787 0.4523692 -0.7192742 0.5865147 0.3723511 0.6092598 -0.2909404 0.7376695 0.6033248 -0.4165589 0.6800573 0.6103343 -0.3486124 0.7113097 0.6412028 -0.4065391 0.6508342 0.6871913 -0.4215487 0.5916628 0.6513036 -0.2369478 0.720874 0.6401271 -0.3299406 0.693813 0.6815617 -0.4228824 0.597197 0.7562589 -0.428664 0.4942873 0.7114438 -0.2965455 0.6371095 0.6820773 -0.374538 0.6280859 0.7036481 -0.4444045 0.5544223 0.7772508 -0.4230533 0.4657328 0.7635669 -0.3749858 0.5256914 0.7251296 -0.4429016 0.5272812 0.7294291 -0.486476 0.48091 0.7941061 -0.4387885 0.4205477 0.7947081 -0.4567144 0.3998137 0.7618752 -0.5073059 0.4027246 0.7555106 -0.5268706 0.389373 0.7962455 -0.4774373 0.3715466 0.783806 -0.557924 0.2727069 -0.5829436 0.4106228 0.7011174 -0.442766 0.5460055 0.7112217 -0.5241047 0.4695892 0.710493 -0.4680475 0.55307 0.6892352 -0.4408083 0.6270203 0.6422879 -0.6943802 0.2906441 0.6583024 -0.6040248 0.3879135 0.6961876 -0.5231885 0.5254787 0.6709293 -0.4934293 0.6371345 0.592104 -0.7275578 0.2724573 0.6296243 -0.6552411 0.3469541 0.6710305 -0.6022037 0.4665239 0.6478474 -0.5897485 0.5711226 0.5709779 -0.7682072 0.2552453 0.5871181 -0.7286676 0.2944866 0.6183214 -0.7037627 0.3900849 0.5937609 -0.6979643 0.4889898 0.5231969 -0.8143305 0.2509284 0.5233554 -0.8077968 0.2545776 0.5316528 -0.8008871 0.3132664 0.5103373 -0.792144 0.3921488 0.4676828 -0.8815861 0.2442309 0.4039272 0.4427449 -0.4332379 0.7850363 0.3860111 -0.52279 0.7600566 0.417829 -0.4719554 0.7763227 0.4108187 -0.5300892 0.7417773 0.4317048 -0.5647408 0.7033484 0.514925 -0.3559606 0.7798361 0.4680652 -0.4208402 0.7770512 0.4577114 -0.5219118 0.7197974 0.5005317 -0.5719991 0.6498346 0.5568842 -0.339008 0.7582569 0.5166742 -0.393272 0.7605162 0.5136488 -0.4902291 0.7041594 0.5550186 -0.5382247 0.6342465 0.6135771 -0.3203691 0.7217249 0.5908338 -0.3542626 0.7248541 0.5928899 -0.4408577 0.6738889 0.6184257 -0.4898473 0.6144911 0.6790922 -0.3164998 0.6623154 0.6765438 -0.3255745 0.6605223 0.6740128 -0.3867652 0.6293802 0.6730812 -0.4281439 0.6030378 0.755592 -0.3333761 0.5638626 -0.3350428 -0.3417194 0.8780514 -0.3937245 -0.244923 0.8859988 -0.3527629 -0.2866064 0.8907386 -0.4004612 -0.2262927 0.8879317 -0.4559391 -0.1958938 0.868185 -0.2823116 -0.4418415 0.8515142 -0.3005968 -0.3482025 0.8879171 -0.3772743 -0.2515122 0.8912945 -0.4673197 -0.2165995 0.8571447 -0.2820485 -0.4664319 0.8383854 -0.2730255 -0.3896335 0.8795697 -0.3311899 -0.3225283 0.8867293 -0.4156051 -0.3107266 0.8548225 -0.2736799 -0.4982652 0.8226975 -0.2372043 -0.4574978 0.8569889 -0.2739967 -0.4313015 0.8595958 -0.3525758 -0.4370183 0.8274694 -0.2477773 -0.5415496 0.8033247 -0.204172 -0.5391741 0.8170711 -0.218351 -0.5467668 0.8083124 -0.2787858 -0.5566695 0.7825583 -0.1738625 -0.640602 0.7479311 -0.1593846 0.4569974 0.8750714 -0.1211882 0.4991775 0.8579832 -0.1165242 0.4752885 0.8720797 -0.07288217 0.5204788 0.8507586 -0.05842518 0.5689451 0.8202975 -0.1490395 0.4388328 0.8861224 -0.07980185 0.4592983 0.8846902 -0.008610486 0.5356681 0.8443847 0.003404378 0.6191981 0.7852274 -0.04703378 0.4564554 0.8885022 0.001137614 0.4633474 0.886176 0.04789406 0.5363645 0.8426265 0.04346376 0.6218318 0.7819439 0.09990805 0.477853 0.8727399 0.1220771 0.4729401 0.8725966 0.1337269 0.5366359 0.8331502 0.1161689 0.6169167 0.7784078 0.2523036 0.5049462 0.8254528 0.2508389 0.4944365 0.8322335 0.2288686 0.5358025 0.8127331 0.2058936 0.5927386 0.7786328 0.3353369 0.5380724 0.7733222 0.5836343 0.626262 0.5168821 0.5400546 0.5393403 0.6461061 0.5629584 0.5764288 0.5922902 0.5513214 0.498649 0.6688752 0.5540498 0.4216096 0.7178261 0.60101 0.7021459 0.3818091 0.5691939 0.6383396 0.5182094 0.5566984 0.5272856 0.6419166 0.5700578 0.4085022 0.7128535 0.6121392 0.7047936 0.3585413 0.5638048 0.6770479 0.4730016 0.5511788 0.6169952 0.5617107 0.5755873 0.5506826 0.6045229 0.6065931 0.7281254 0.3191838 0.5521019 0.7378492 0.3882809 0.5422447 0.7167937 0.4383806 0.5734916 0.6784445 0.459152 0.5878529 0.7684345 0.2528589 0.5481283 0.7897153 0.275509 0.5425124 0.7877934 0.2916539 0.57032 0.7659592 0.2967182 0.5460672 0.8260255 0.1396157 -0.6296868 -0.3348128 0.7009958 -0.6348645 -0.2345132 0.736173 -0.6383109 -0.2552337 0.7262334 -0.6620668 -0.15078 0.7341206 -0.6969177 -0.04911458 0.7154674 -0.664002 -0.3159685 0.6776911 -0.666524 -0.2046546 0.7168419 -0.6925276 -0.04542094 0.71996 -0.7391036 0.117186 0.6633201 -0.7350097 -0.1777397 0.6543466 -0.7176812 -0.09194487 0.6902753 -0.7190884 0.02383524 0.6945098 -0.7533587 0.1401844 0.6424944 -0.810488 -0.02204173 0.5853405 -0.781366 0.04574179 0.6223945 -0.7616881 0.1186249 0.6369925 -0.7741191 0.1689781 0.6100706 -0.864266 0.1311551 0.4856362 -0.8362995 0.1753658 0.5194709 -0.8122867 0.204331 0.546296 -0.809706 0.1969439 0.5528014 -0.8681455 0.2756683 0.4127112 0.6549665 0.6245292 0.4254201 0.6914765 0.5464593 0.4724857 0.6862584 0.5648863 0.4582062 0.7352182 0.4842312 0.4743147 0.7883413 0.4062526 0.4620355 0.6760663 0.6253724 0.3896714 0.7163761 0.5368705 0.4456182 0.78565 0.4055059 0.4672462 0.8619096 0.272452 0.4276469 0.7536031 0.5452281 0.3671632 0.7775204 0.4652761 0.4230605 0.8226111 0.3539139 0.4450348 0.8815245 0.2464543 0.4027096 0.8371394 0.4486958 0.3128414 0.8523371 0.3741263 0.3654462 0.8754432 0.2850455 0.3903183 0.9067857 0.2182226 0.3607198 0.9100154 0.3386616 0.2391243 0.9189649 0.2819523 0.2756929 0.9263252 0.2289887 0.2991421 0.9329485 0.2094122 0.2928374 0.9654571 0.1952791 0.1725072 -0.4767839 -0.4743228 0.7400643 -0.4757273 -0.4008499 0.782945 -0.4799958 -0.4214535 0.7694031 -0.5105355 -0.3476383 0.7864484 -0.5585891 -0.290405 0.7769449 -0.516821 -0.4820309 0.7074902 -0.5113742 -0.4013781 0.7598633 -0.5552895 -0.280138 0.7830557 -0.6365587 -0.1888311 0.7477539 -0.5867797 -0.4128456 0.6965976 -0.5691904 -0.3389478 0.7490907 -0.5932 -0.2359429 0.7697044 -0.6634415 -0.1726726 0.7280314 -0.6733822 -0.3232913 0.6648603 -0.6515928 -0.2537692 0.7148623 -0.6532686 -0.1754578 0.7365152 -0.6958969 -0.1533946 0.701568 -0.7548365 -0.2141376 0.6199734 -0.7376812 -0.1610308 0.6556642 -0.7239494 -0.1202304 0.6792951 -0.7322791 -0.1362147 0.6672428 -0.8041844 -0.07165604 0.5900447 0.3347155 0.06067812 0.9403637 0.2527611 0.0329222 0.9669685 0.2877041 0.04693782 0.9565685 0.2374863 -0.002171874 0.9713885 0.2190811 -0.06115978 0.9737879 0.4039019 0.0361672 0.9140871 0.3228645 0.02386862 0.9461442 0.2352231 -0.05692672 0.9702729 0.2118307 -0.160149 0.9640955 0.4201542 -0.03184211 0.9068939 0.3389987 -0.03908693 0.9399746 0.2486658 -0.1059554 0.9627766 0.2296363 -0.1929326 0.9539623 0.4322732 -0.1269584 0.8927607 0.3585252 -0.1392137 0.9230814 0.2720896 -0.1858064 0.9441628 0.2570904 -0.2338391 0.9376694 0.4203848 -0.2366014 0.8759546 0.3709656 -0.2557256 0.8927424 0.3079664 -0.2758674 0.910524 0.2997002 -0.275842 0.9132859 0.3611241 -0.3690852 0.8563676 0.4197279 -0.4153836 0.8070223 0.3001004 -0.3481539 0.888104 0.3833768 -0.3675894 0.8472899 0.3179923 -0.3289515 0.8891972 0.2477135 -0.3181155 0.9151179 0.5154768 -0.4773121 0.7116579 0.4724861 -0.3907291 0.7899923 0.3775644 -0.3293005 0.8654515 0.277391 -0.3258224 0.903822 0.5348406 -0.493208 0.6860696 0.5262756 -0.3974618 0.7517035 0.476554 -0.3429637 0.809489 0.4174745 -0.357167 0.8355518 0.5768498 -0.4977464 0.6476828 0.6030026 -0.4050148 0.6872779 0.5961946 -0.36099 0.717104 0.5673863 -0.387836 0.7263995 0.6488452 -0.4787899 0.5914053 0.6827291 -0.4140219 0.6020522 0.6976155 -0.3867242 0.6031394 0.6873414 -0.4145783 0.5963948 0.7673833 -0.4172962 0.4868127 0.4085525 0.5914787 0.6951531 0.5110877 0.5817942 0.6326966 0.4759484 0.5825262 0.6588903 0.5485045 0.5907835 0.5917075 0.5963993 0.617408 0.5129477 0.4069401 0.6036227 0.6855943 0.5020614 0.5812041 0.6404188 0.6075218 0.5897125 0.5321245 0.6662466 0.6354755 0.3902388 0.5327726 0.6028813 0.593875 0.5912797 0.5720108 0.5684999 0.6525072 0.5803808 0.4872295 0.6730695 0.6443263 0.3630717 0.6540135 0.5952038 0.4669036 0.6925199 0.5587093 0.4563555 0.7177904 0.5648252 0.4071234 0.6995995 0.63658 0.3245404 0.7456631 0.5861133 0.3169509 0.7696755 0.5543195 0.3167484 0.7728461 0.5569164 0.3042259 0.7405086 0.6105238 0.2809054 0.8119166 0.5571848 0.1741745 -0.5718779 -0.3101625 0.7594438 -0.6455008 -0.2642468 0.7165908 -0.6174617 -0.2787476 0.7355548 -0.6800578 -0.2673146 0.6826891 -0.7238023 -0.2891855 0.6264838 -0.5721791 -0.340685 0.7460193 -0.635962 -0.2820861 0.7183174 -0.7305659 -0.2615203 0.6307778 -0.7891044 -0.3104784 0.5300164 -0.6671485 -0.323046 0.6712334 -0.7046242 -0.2630478 0.6590226 -0.7671819 -0.2492875 0.5910058 -0.8036581 -0.319102 0.5023022 -0.7709013 -0.2927831 0.565676 -0.7915174 -0.2327002 0.5651114 -0.8216391 -0.2261815 0.5232123 -0.8313332 -0.3092796 0.4617698 -0.8589742 -0.2570042 0.4428455 -0.8699136 -0.2085557 0.4469395 -0.8753072 -0.2064715 0.4372723 -0.8658387 -0.2735751 0.4189037 -0.9253104 -0.1952516 0.3250808 0.5893844 0.647807 0.4826719 0.6681173 0.583522 0.4616507 0.6292945 0.6115251 0.4796099 0.6843916 0.5777117 0.4448118 0.7211692 0.5697451 0.3940881 0.5151106 0.713799 0.4745019 0.5842519 0.6521019 0.4831282 0.6794003 0.5972079 0.426331 0.7334395 0.5914903 0.3349714 0.4990211 0.7406222 0.449952 0.5590788 0.6859034 0.4657978 0.6495831 0.6399523 0.4104911 0.7017377 0.637764 0.3175238 0.4808685 0.7768851 0.4064666 0.5229704 0.7401337 0.4227341 0.6035919 0.7043423 0.3736026 0.6562109 0.6960322 0.2914213 0.4787235 0.8110454 0.3361985 0.4964222 0.7966939 0.3447373 0.5529456 0.7706394 0.316806 0.5969057 0.7541747 0.2737231 0.5007816 0.8325167 0.236926 -0.3870874 -0.5015653 0.7736896 -0.4689508 -0.4383096 0.7667919 -0.4239982 -0.4641376 0.7776902 -0.4871848 -0.4342436 0.7576829 -0.5371377 -0.4353362 0.7224719 -0.3140512 -0.5702435 0.7590746 -0.3716615 -0.5032425 0.7801377 -0.4786199 -0.4552958 0.7507521 -0.556132 -0.4681777 0.6866781 -0.3033527 -0.5976393 0.7421621 -0.3440001 -0.5359031 0.7710201 -0.440378 -0.5011954 0.7448963 -0.5137192 -0.5237078 0.6795755 -0.2912319 -0.6320363 0.7181324 -0.3054926 -0.591091 0.7465158 -0.3827653 -0.5758111 0.7224488 -0.4530448 -0.5978624 0.6612949 -0.2824351 -0.6704178 0.6861271 -0.2717971 -0.6611107 0.6993276 -0.3179455 -0.6605862 0.6801004 -0.3753867 -0.6673956 0.6431702 -0.2554312 -0.7421256 0.619681 0.1928605 0.1745014 0.9655848 0.2466786 0.0774458 0.9659979 0.2091729 0.1134288 0.9712779 0.2582156 0.04754847 0.9649166 0.3194037 0.01324874 0.9475261 0.1553619 0.2802732 0.9472643 0.1711022 0.1752112 0.969549 0.2503784 0.06850087 0.9657217 0.351279 0.02669793 0.9358901 0.1617584 0.3043463 0.9387266 0.1571107 0.2194402 0.9628927 0.2251672 0.1443225 0.9635719 0.3232179 0.124255 0.9381316 0.1675445 0.3342407 0.9274762 0.1426626 0.2952332 0.9447141 0.1969689 0.2658557 0.9436758 0.2903041 0.2629662 0.9200937 0.1655872 0.3804825 0.9098429 0.135183 0.3882036 0.9116049 0.1682646 0.3976035 0.901997 0.2401893 0.4002045 0.8843899 0.1387413 0.5041139 0.8524202 0.8260712 -0.3093686 0.47106 0.7352998 -0.3505032 0.5800706 0.7869016 -0.3088956 0.5342 0.7252063 -0.3405817 0.5983979 0.6709142 -0.3933705 0.6285968 0.8903055 -0.2692246 0.3672525 0.8391512 -0.2546766 0.4805884 0.7490044 -0.3016101 0.5899354 0.6771523 -0.3864244 0.6262117 0.9036362 -0.2579753 0.3418926 0.8669205 -0.2133393 0.4504835 0.8063364 -0.23071 0.5446051 0.7700795 -0.2984715 0.5638196 0.9245266 -0.2197512 0.311384 0.906282 -0.1496473 0.3952959 0.87546 -0.1416125 0.4620777 0.8619976 -0.199129 0.4661629 0.9493584 -0.1513074 0.2753633 0.944569 -0.08840453 0.3161868 0.9353112 -0.07143628 0.3465397 0.9323742 -0.1149885 0.3427187 0.9765689 -0.02916401 0.21322 -0.2229539 0.7881177 0.5737265 -0.1054537 0.7199622 0.6859548 -0.1832918 0.7444467 0.6420305 -0.1085479 0.6992774 0.7065611 -0.02246707 0.6704739 0.741593 -0.3204799 0.8252374 0.4650549 -0.2749238 0.7582986 0.5911009 -0.1677756 0.6920379 0.7020933 -0.04673582 0.661387 0.7485875 -0.3358079 0.8320142 0.4415717 -0.3338236 0.7559272 0.5631482 -0.2829676 0.6969854 0.6588937 -0.2148104 0.6892126 0.6919844 -0.3798083 0.8254161 0.417653 -0.4238364 0.7495064 0.5085301 -0.4260793 0.7003293 0.5727089 -0.3945505 0.7068101 0.5871538 -0.4633677 0.7989121 0.3834447 -0.5160074 0.7444773 0.4236627 -0.5408034 0.7120148 0.4478467 -0.5284104 0.7224538 0.445918 -0.6065756 0.7346562 0.3038855 0.6830488 -0.4738936 0.5557601 0.5813733 -0.531938 0.6156681 0.6266054 -0.4910914 0.6051403 0.544658 -0.5412958 0.640583 0.4762812 -0.6049984 0.6380699 0.7087557 -0.4841191 0.5131219 0.6270366 -0.5009892 0.5965191 0.4950326 -0.5770658 0.6495674 0.3840793 -0.6806184 0.6238924 0.6599591 -0.55396 0.5075258 0.5828418 -0.5601177 0.5886967 0.4646185 -0.6153571 0.6367616 0.3731827 -0.7054235 0.6025881 0.5936331 -0.6466453 0.4790093 0.519208 -0.6524526 0.5520225 0.4201511 -0.6843744 0.5959067 0.3640798 -0.7381941 0.5679044 0.5043467 -0.743687 0.4388214 0.4457125 -0.7524067 0.4849995 0.3834083 -0.7639903 0.5189576 0.3701691 -0.7755888 0.5113093 0.3648639 -0.8393388 0.4029698 -0.4892946 0.6646688 0.5646293 -0.3693645 0.6467474 0.6672989 -0.4436911 0.6400532 0.627272 -0.363675 0.6287608 0.6873139 -0.2803507 0.6389533 0.7163395 -0.584365 0.6638709 0.4666832 -0.5272131 0.6189747 0.5821656 -0.4094646 0.6013354 0.686101 -0.2928373 0.6255125 0.7231739 -0.6043785 0.6610552 0.4446714 -0.5785434 0.594898 0.5580179 -0.5090933 0.5635815 0.6505383 -0.4434844 0.5889729 0.675598 -0.6454758 0.6366395 0.4219612 -0.6562831 0.5552204 0.510904 -0.6369481 0.5123805 0.5759891 -0.6081898 0.5369891 0.5845921 -0.7124751 0.5809421 0.3935551 -0.738296 0.5141249 0.4365715 -0.7472347 0.4765573 0.4631778 -0.7374599 0.4961953 0.4581956 -0.8200554 0.4680137 0.3293514 0.6018981 -0.500901 0.621946 0.4376875 -0.5613694 0.7023491 0.5313978 -0.5034592 0.681282 0.4383189 -0.5202473 0.7329525 0.3491232 -0.5482439 0.7599616 0.7224453 -0.4290691 0.5421924 0.6205525 -0.4251497 0.65891 0.4814035 -0.44633 0.7543476 0.3600566 -0.4878581 0.7952067 0.7441982 -0.4114173 0.5262176 0.6673102 -0.3651129 0.6491455 0.5733025 -0.3411448 0.744946 0.5075329 -0.3514582 0.7866941 0.7740756 -0.3635647 0.5182932 0.734679 -0.2756307 0.6198989 0.6898074 -0.2064585 0.6939314 0.6672029 -0.1854472 0.721422 0.8178769 -0.2663254 0.5100472 0.8079368 -0.1807377 0.5608672 0.7989387 -0.1035401 0.5924326 0.8004568 -0.06834673 0.595481 0.8856197 -0.07106018 0.4589425 0.721644 -0.324993 0.6112361 0.7449962 -0.3496286 0.5681027 0.73927 -0.365715 0.565449 0.7800846 -0.3882514 0.4906412 0.8267256 -0.372138 0.4219458 0.7586696 -0.3091684 0.5734416 0.7725787 -0.3780515 0.5100973 0.8250183 -0.4087072 0.3902605 0.892172 -0.356799 0.2769908 0.8308144 -0.3248133 0.4519333 0.8249841 -0.392955 0.4061868 0.85264 -0.415169 0.317238 0.909262 -0.3423378 0.2367435 0.893661 -0.3315536 0.302394 0.8763024 -0.3988119 0.2702655 0.8843498 -0.4155989 0.2126103 0.9270236 -0.3342251 0.1700611 0.9294505 -0.342176 0.1379761 0.9107695 -0.3949301 0.1205377 0.9078413 -0.4072104 0.1000204 0.9327778 -0.3475273 0.0956574 0.9198654 -0.3912565 -0.02768051 -0.1593701 0.7018777 0.6942399 -0.1293431 0.7303636 0.6707007 -0.1173015 0.7142052 0.6900372 -0.07167047 0.7521587 0.6550732 -0.06325918 0.7885144 0.6117544 -0.1460584 0.700141 0.6989061 -0.07797324 0.7093244 0.7005563 -0.004109263 0.769725 0.6383624 -0.00615102 0.8286039 0.5598014 -0.05383306 0.7280645 0.6833916 -6.85573e-4 0.7222747 0.6916061 0.05060249 0.7748302 0.6301409 0.02987092 0.8330489 0.5523924 0.07460474 0.7583585 0.6475542 0.1113383 0.7405709 0.6626905 0.1309197 0.7808399 0.6108593 0.09611111 0.8343873 0.5427345 0.2078774 0.7836705 0.5853611 0.2303346 0.7643483 0.6022604 0.2193586 0.7865517 0.5772505 0.1820482 0.8238816 0.5367286 0.3159626 0.7961081 0.5161195 0.6565194 -0.4318559 0.618452 0.5794999 -0.5418553 0.6087469 0.5915095 -0.4848815 0.64421 0.5167744 -0.5665081 0.6418823 0.4665139 -0.6437137 0.606628 0.7363699 -0.3308854 0.5901477 0.6335936 -0.4097003 0.656281 0.5198041 -0.5365723 0.664751 0.4571928 -0.6487056 0.6084043 0.753233 -0.324027 0.5724044 0.6646257 -0.3706001 0.64879 0.5841293 -0.4686665 0.66268 0.5514064 -0.5668518 0.6120704 0.7720186 -0.3130462 0.553163 0.7228123 -0.3165718 0.6142676 0.6853218 -0.3822113 0.6198779 0.6737385 -0.4693037 0.5708155 0.8015474 -0.2927722 0.5213504 0.794889 -0.267475 0.544618 0.7897009 -0.2980275 0.5362389 0.785717 -0.3641854 0.500018 0.8730761 -0.2317196 0.4290037 -0.3907712 0.5975072 0.7002021 -0.3843199 0.653413 0.6521884 -0.3574719 0.6505409 0.6700825 -0.3410178 0.7188178 0.6058118 -0.3556833 0.7694284 0.530537 -0.3760282 0.619369 0.6891914 -0.3184922 0.6890934 0.6509324 -0.2935899 0.7861752 0.5438138 -0.3321857 0.85015 0.4085313 -0.3148235 0.730243 0.6063262 -0.2624353 0.7681249 0.5840477 -0.2560392 0.8281822 0.4985561 -0.3264436 0.866683 0.3772203 -0.2501845 0.8371898 0.4863344 -0.200165 0.8554934 0.4775618 -0.206529 0.8829954 0.4215034 -0.297991 0.893601 0.3356765 -0.1967761 0.9190832 0.3414165 -0.1567923 0.9266822 0.3415792 -0.167168 0.9311414 0.3240844 -0.2434545 0.924017 0.2948261 -0.1391845 0.9701321 0.1986738 0.2380443 -0.2426887 0.9404452 0.1537076 -0.1624256 0.9746752 0.2000469 -0.2518696 0.9468596 0.1524257 -0.2672576 0.9514935 0.1069051 -0.284831 0.9525979 0.3369778 -0.3034482 0.8912717 0.2645491 -0.3361617 0.9038856 0.1755564 -0.3804761 0.9079746 0.08879995 -0.4257202 0.9004871 0.3774836 -0.3445665 0.8595232 0.3098313 -0.4002143 0.8624576 0.2242022 -0.4657304 0.8560542 0.1378129 -0.5261105 0.8391755 0.4235792 -0.4059045 0.8098285 0.3677995 -0.469626 0.8026052 0.2938632 -0.541514 0.7876593 0.2163197 -0.605341 0.7660079 0.4638209 -0.4789981 0.7452724 0.4268783 -0.5316807 0.731499 0.3751011 -0.5911135 0.7140616 0.3187648 -0.6439638 0.6954852 0.4660479 -0.6086089 0.6421796 0.1759555 -0.0113027 0.9843332 0.1590726 -0.122982 0.9795771 0.2039231 -0.03793269 0.9782518 0.2371504 -0.06681817 0.9691724 0.2715702 -0.09505015 0.9577136 0.1862075 0.1094818 0.9763916 0.247168 0.06129735 0.967032 0.3168575 0.008342444 0.9484365 0.3866196 -0.04406553 0.921186 0.2185714 0.1840315 0.9583106 0.2912238 0.1399 0.9463703 0.3711848 0.08701056 0.9244735 0.4483634 0.03168821 0.8932896 0.2687427 0.2677224 0.9252579 0.3421822 0.2291938 0.9112528 0.4215983 0.1792491 0.8888896 0.4967027 0.1245052 0.8589441 0.3373904 0.335651 0.879492 0.395437 0.3064575 0.8658599 0.4581242 0.2664713 0.8480067 0.5170472 0.2216197 0.8267689 0.4719808 0.3528189 0.8079314 0.06412655 -0.207928 0.9760398 0.1455758 -0.1383536 0.9796255 0.06104487 -0.1712821 0.9833291 0.05741769 -0.1306548 0.989764 0.05438846 -0.08744239 0.9946838 -0.03494322 -0.2729819 0.9613844 -0.04008382 -0.2015286 0.9786621 -0.04576891 -0.1205029 0.9916573 -0.05037796 -0.03492218 0.9981195 -0.1275787 -0.2889465 0.9488065 -0.1332188 -0.2106823 0.9684348 -0.1383119 -0.1209436 0.9829764 -0.1435497 -0.02665907 0.989284 -0.2279034 -0.2916684 0.9289724 -0.2350576 -0.2142093 0.9480835 -0.2408732 -0.1248748 0.9624897 -0.2473869 -0.03118133 0.9684149 -0.312946 -0.2729028 0.9097191 -0.3203018 -0.2104017 0.9236547 -0.326662 -0.1381445 0.9349911 -0.334015 -0.06237417 0.9405018 -0.3897411 -0.1795819 0.9032454 0.1442042 0.05752277 0.9878746 0.1223224 0.1149567 0.9858105 0.1262468 0.06735026 0.9897099 0.1025682 0.07443821 0.9919369 0.08037775 0.0764724 0.9938267 0.1494678 -0.01244711 0.9886882 0.1152215 0.01042717 0.9932851 0.07132363 0.03142976 0.996958 0.02948445 0.04457163 0.998571 0.1203483 -0.06741642 0.99044 0.08579164 -0.03850209 0.9955689 0.04519164 -0.004868447 0.9989665 0.008889675 0.024899 0.9996505 0.07355654 -0.1174639 0.9903493 0.04280006 -0.08642202 0.9953389 0.01038968 -0.04631346 0.9988729 -0.01543599 -0.006929934 0.9998569 0.0167135 -0.1435107 0.9895077 -0.004711925 -0.1171464 0.9931035 -0.0242443 -0.08140844 0.996386 -0.0367847 -0.04507404 0.9983063 -0.04996258 -0.117896 0.9917683</float_array>
          <technique_common>
            <accessor source="#Tree_1_Tree_1Mat_0-mesh-normals-array" count="2555" stride="3">
              <param name="X" type="float"/>
              <param name="Y" type="float"/>
              <param name="Z" type="float"/>
            </accessor>
          </technique_common>
        </source>
        <source id="Tree_1_Tree_1Mat_0-mesh-map-0">
          <float_array id="Tree_1_Tree_1Mat_0-mesh-map-0-array" count="20880">0.33654 0.94272 0.001589953 0.99851 0.2126899 0.88047 0.2126899 0.88047 0.001589953 0.99851 0.10941 0.79763 0.10941 0.79763 0.001589953 0.99851 0.03812998 0.6828 0.688 0.8804 0.33654 0.94272 0.44677 0.74277 0.33654 0.94272 0.2126899 0.88047 0.44677 0.74277 0.2126899 0.88047 0.10941 0.79763 0.44677 0.74277 0.44677 0.74277 0.10941 0.79763 0.23654 0.57412 0.23654 0.57412 0.10941 0.79763 0.07949995 0.35229 0.10941 0.79763 0.03812998 0.6828 0.07949995 0.35229 0.82784 0.80038 0.688 0.8804 0.60388 0.6056 0.688 0.8804 0.44677 0.74277 0.60388 0.6056 0.44677 0.74277 0.23654 0.57412 0.60388 0.6056 0.60388 0.6056 0.23654 0.57412 0.3749 0.41582 0.3749 0.41582 0.23654 0.57412 0.1618 0.2101699 0.23654 0.57412 0.07949995 0.35229 0.1618 0.2101699 0.94753 0.6807 0.82784 0.80038 0.76586 0.44361 0.82784 0.80038 0.60388 0.6056 0.76586 0.44361 0.60388 0.6056 0.3749 0.41582 0.76586 0.44361 0.76586 0.44361 0.3749 0.41582 0.55054 0.24019 0.55054 0.24019 0.3749 0.41582 0.31057 0.06139999 0.3749 0.41582 0.1618 0.2101699 0.31057 0.06139999 0.99645 0.45231 0.94753 0.6807 0.89353 0.25612 0.94753 0.6807 0.76586 0.44361 0.89353 0.25612 0.76586 0.44361 0.55054 0.24019 0.89353 0.25612 0.89353 0.25612 0.55054 0.24019 0.74992 0.1006299 0.74992 0.1006299 0.55054 0.24019 0.5605 -0.009060025 0.55054 0.24019 0.31057 0.06139999 0.5605 -0.009060025 0.99645 0.45231 0.89353 0.25612 0.99861 0.001489996 0.89353 0.25612 0.74992 0.1006299 0.99861 0.001489996 0.74992 0.1006299 0.5605 -0.009060025 0.99861 0.001489996 0.04025995 0.68067 0.001589953 0.99851 0.11255 0.79449 0.11255 0.79449 0.001589953 0.99851 0.2061 0.88705 0.2061 0.88705 0.001589953 0.99851 0.327 0.95227 0.09257 0.33923 0.04025995 0.68067 0.24581 0.56486 0.04025995 0.68067 0.11255 0.79449 0.24581 0.56486 0.11255 0.79449 0.2061 0.88705 0.24581 0.56486 0.24581 0.56486 0.2061 0.88705 0.43276 0.75677 0.43276 0.75677 0.2061 0.88705 0.6659 0.9025 0.2061 0.88705 0.327 0.95227 0.6659 0.9025 0.19404 0.1779299 0.09257 0.33923 0.38923 0.40149 0.09257 0.33923 0.24581 0.56486 0.38923 0.40149 0.24581 0.56486 0.43276 0.75677 0.38923 0.40149 0.38923 0.40149 0.43276 0.75677 0.58852 0.62096 0.58852 0.62096 0.43276 0.75677 0.79977 0.82845 0.43276 0.75677 0.6659 0.9025 0.79977 0.82845 0.32998 0.04198998 0.19404 0.1779299 0.55818 0.23254 0.19404 0.1779299 0.38923 0.40149 0.55818 0.23254 0.38923 0.40149 0.58852 0.62096 0.55818 0.23254 0.55818 0.23254 0.58852 0.62096 0.76042 0.44905 0.76042 0.44905 0.58852 0.62096 0.93425 0.69397 0.58852 0.62096 0.79977 0.82845 0.93425 0.69397 0.56246 -0.01101994 0.32998 0.04198998 0.74912 0.1014299 0.32998 0.04198998 0.55818 0.23254 0.74912 0.1014299 0.55818 0.23254 0.76042 0.44905 0.74912 0.1014299 0.74912 0.1014299 0.76042 0.44905 0.89679 0.25287 0.89679 0.25287 0.76042 0.44905 0.9959 0.45286 0.76042 0.44905 0.93425 0.69397 0.9959 0.45286 0.56246 -0.01101994 0.74912 0.1014299 0.99861 0.001489996 0.74912 0.1014299 0.89679 0.25287 0.99861 0.001489996 0.89679 0.25287 0.9959 0.45286 0.99861 0.001489996 0.30497 0.9743 0.001589953 0.99851 0.20145 0.89171 0.20145 0.89171 0.001589953 0.99851 0.11361 0.79344 0.11361 0.79344 0.001589953 0.99851 0.04618996 0.67475 0.63887 0.92953 0.30497 0.9743 0.4297 0.75983 0.30497 0.9743 0.20145 0.89171 0.4297 0.75983 0.20145 0.89171 0.11361 0.79344 0.4297 0.75983 0.4297 0.75983 0.11361 0.79344 0.24325 0.56742 0.24325 0.56742 0.11361 0.79344 0.09192997 0.33987 0.11361 0.79344 0.04618996 0.67475 0.09192997 0.33987 0.82002 0.8082 0.63887 0.92953 0.59937 0.6101 0.63887 0.92953 0.4297 0.75983 0.59937 0.6101 0.4297 0.75983 0.24325 0.56742 0.59937 0.6101 0.59937 0.6101 0.24325 0.56742 0.37552 0.4152 0.37552 0.4152 0.24325 0.56742 0.1571 0.2148799 0.24325 0.56742 0.09192997 0.33987 0.1571 0.2148799 0.9698 0.65843 0.82002 0.8082 0.77201 0.43747 0.82002 0.8082 0.59937 0.6101 0.77201 0.43747 0.59937 0.6101 0.37552 0.4152 0.77201 0.43747 0.77201 0.43747 0.37552 0.4152 0.54684 0.2438899 0.54684 0.2438899 0.37552 0.4152 0.29092 0.08104997 0.37552 0.4152 0.1571 0.2148799 0.29092 0.08104997 1.0267 0.42206 0.9698 0.65843 0.90382 0.2458299 0.9698 0.65843 0.77201 0.43747 0.90382 0.2458299 0.77201 0.43747 0.54684 0.2438899 0.90382 0.2458299 0.90382 0.2458299 0.54684 0.2438899 0.74401 0.10654 0.74401 0.10654 0.54684 0.2438899 0.53695 0.01449 0.54684 0.2438899 0.29092 0.08104997 0.53695 0.01449 1.0267 0.42206 0.90382 0.2458299 0.99861 0.001489996 0.90382 0.2458299 0.74401 0.10654 0.99861 0.001489996 0.74401 0.10654 0.53695 0.01449 0.99861 0.001489996 0.28776 0.99151 0.001589953 0.99851 0.19234 0.90081 0.19234 0.90081 0.001589953 0.99851 0.1231999 0.78384 0.1231999 0.78384 0.001589953 0.99851 0.06317996 0.65776 0.60811 0.9603 0.28776 0.99151 0.41316 0.77637 0.28776 0.99151 0.19234 0.90081 0.41316 0.77637 0.19234 0.90081 0.1231999 0.78384 0.41316 0.77637 0.41316 0.77637 0.1231999 0.78384 0.262 0.54866 0.262 0.54866 0.1231999 0.78384 0.12601 0.30579 0.1231999 0.78384 0.06317996 0.65776 0.12601 0.30579 0.80248 0.82575 0.60811 0.9603 0.58635 0.62313 0.60811 0.9603 0.41316 0.77637 0.58635 0.62313 0.41316 0.77637 0.262 0.54866 0.58635 0.62313 0.58635 0.62313 0.262 0.54866 0.39138 0.39935 0.39138 0.39935 0.262 0.54866 0.19491 0.17707 0.262 0.54866 0.12601 0.30579 0.19491 0.17707 0.9736 0.65463 0.80248 0.82575 0.76694 0.44254 0.80248 0.82575 0.58635 0.62313 0.76694 0.44254 0.58635 0.62313 0.39138 0.39935 0.76694 0.44254 0.76694 0.44254 0.39138 0.39935 0.55732 0.2333999 0.55732 0.2333999 0.39138 0.39935 0.32246 0.04951 0.39138 0.39935 0.19491 0.17707 0.32246 0.04951 1.04773 0.40103 0.9736 0.65463 0.90827 0.2413799 0.9736 0.65463 0.76694 0.44254 0.90827 0.2413799 0.76694 0.44254 0.55732 0.2333999 0.90827 0.2413799 0.90827 0.2413799 0.55732 0.2333999 0.74352 0.1070299 0.74352 0.1070299 0.55732 0.2333999 0.54637 0.005069971 0.55732 0.2333999 0.32246 0.04951 0.54637 0.005069971 1.04773 0.40103 0.90827 0.2413799 0.99861 0.001489996 0.90827 0.2413799 0.74352 0.1070299 0.99861 0.001489996 0.74352 0.1070299 0.54637 0.005069971 0.99861 0.001489996 0.31925 0.96002 0.001589953 0.99851 0.20654 0.88662 0.20654 0.88662 0.001589953 0.99851 0.11092 0.79613 0.11092 0.79613 0.001589953 0.99851 0.03772997 0.6832 0.66094 0.90746 0.31925 0.96002 0.4368 0.75274 0.31925 0.96002 0.20654 0.88662 0.4368 0.75274 0.20654 0.88662 0.11092 0.79613 0.4368 0.75274 0.4368 0.75274 0.11092 0.79613 0.23827 0.57239 0.23827 0.57239 0.11092 0.79613 0.07725 0.35455 0.11092 0.79613 0.03772997 0.6832 0.07725 0.35455 0.82131 0.80691 0.66094 0.90746 0.60004 0.60944 0.66094 0.90746 0.4368 0.75274 0.60004 0.60944 0.4368 0.75274 0.23827 0.57239 0.60004 0.60944 0.60004 0.60944 0.23827 0.57239 0.37528 0.41544 0.37528 0.41544 0.23827 0.57239 0.15582 0.2161499 0.23827 0.57239 0.07725 0.35455 0.15582 0.2161499 0.952 0.67622 0.82131 0.80691 0.76604 0.44343 0.82131 0.80691 0.60004 0.60944 0.76604 0.44343 0.60004 0.60944 0.37528 0.41544 0.76604 0.44343 0.76604 0.44343 0.37528 0.41544 0.54941 0.24131 0.54941 0.24131 0.37528 0.41544 0.3016 0.07037001 0.37528 0.41544 0.15582 0.2161499 0.3016 0.07037001 1.00559 0.44317 0.952 0.67622 0.8967 0.25296 0.952 0.67622 0.76604 0.44343 0.8967 0.25296 0.76604 0.44343 0.54941 0.24131 0.8967 0.25296 0.8967 0.25296 0.54941 0.24131 0.74803 0.1025199 0.74803 0.1025199 0.54941 0.24131 0.55147 -3.00407e-5 0.54941 0.24131 0.3016 0.07037001 0.55147 -3.00407e-5 1.00559 0.44317 0.8967 0.25296 0.99861 0.001489996 0.8967 0.25296 0.74803 0.1025199 0.99861 0.001489996 0.74803 0.1025199 0.55147 -3.00407e-5 0.99861 0.001489996 0.001829981 0.71911 0.001589953 0.99851 0.09779 0.80925 0.09779 0.80925 0.001589953 0.99851 0.21698 0.87618 0.21698 0.87618 0.001589953 0.99851 0.3607 0.91857 0.02788996 0.40391 0.001829981 0.71911 0.22145 0.58922 0.001829981 0.71911 0.09779 0.80925 0.22145 0.58922 0.09779 0.80925 0.21698 0.87618 0.22145 0.58922 0.22145 0.58922 0.21698 0.87618 0.45049 0.73904 0.45049 0.73904 0.21698 0.87618 0.72165 0.84675 0.21698 0.87618 0.3607 0.91857 0.72165 0.84675 0.16879 0.20319 0.02788996 0.40391 0.37861 0.41212 0.02788996 0.40391 0.22145 0.58922 0.37861 0.41212 0.22145 0.58922 0.45049 0.73904 0.37861 0.41212 0.37861 0.41212 0.45049 0.73904 0.59519 0.61428 0.59519 0.61428 0.45049 0.73904 0.81108 0.81714 0.45049 0.73904 0.72165 0.84675 0.81108 0.81714 0.34389 0.02809 0.16879 0.20319 0.56038 0.23035 0.16879 0.20319 0.37861 0.41212 0.56038 0.23035 0.37861 0.41212 0.59519 0.61428 0.56038 0.23035 0.56038 0.23035 0.59519 0.61428 0.75836 0.45111 0.75836 0.45111 0.59519 0.61428 0.90913 0.71909 0.59519 0.61428 0.81108 0.81714 0.90913 0.71909 0.59965 -0.04821002 0.34389 0.02809 0.76068 0.08986997 0.34389 0.02809 0.56038 0.23035 0.76068 0.08986997 0.56038 0.23035 0.75836 0.45111 0.76068 0.08986997 0.76068 0.08986997 0.75836 0.45111 0.8875 0.26216 0.8875 0.26216 0.75836 0.45111 0.9533 0.49546 0.75836 0.45111 0.90913 0.71909 0.9533 0.49546 0.59965 -0.04821002 0.76068 0.08986997 0.99861 0.001489996 0.76068 0.08986997 0.8875 0.26216 0.99861 0.001489996 0.8875 0.26216 0.9533 0.49546 0.99861 0.001489996 0.001599967 0.71934 0.001589953 0.99851 0.09724998 0.80979 0.09724998 0.80979 0.001589953 0.99851 0.21807 0.87508 0.21807 0.87508 0.001589953 0.99851 0.36158 0.91769 0.02752995 0.40427 0.001599967 0.71934 0.22043 0.59023 0.001599967 0.71934 0.09724998 0.80979 0.22043 0.59023 0.09724998 0.80979 0.21807 0.87508 0.22043 0.59023 0.22043 0.59023 0.21807 0.87508 0.4527 0.73683 0.4527 0.73683 0.21807 0.87508 0.7238 0.8446 0.21807 0.87508 0.36158 0.91769 0.7238 0.8446 0.1684 0.20357 0.02752995 0.40427 0.37749 0.41323 0.02752995 0.40427 0.22043 0.59023 0.37749 0.41323 0.22043 0.59023 0.4527 0.73683 0.37749 0.41323 0.37749 0.41323 0.4527 0.73683 0.59733 0.61215 0.59733 0.61215 0.4527 0.73683 0.81686 0.81136 0.4527 0.73683 0.7238 0.8446 0.81686 0.81136 0.34404 0.02793997 0.1684 0.20357 0.55962 0.2311 0.1684 0.20357 0.37749 0.41323 0.55962 0.2311 0.37749 0.41323 0.59733 0.61215 0.55962 0.2311 0.55962 0.2311 0.59733 0.61215 0.76016 0.44931 0.76016 0.44931 0.59733 0.61215 0.91704 0.71118 0.59733 0.61215 0.81686 0.81136 0.91704 0.71118 0.60096 -0.04952001 0.34404 0.02793997 0.76082 0.08973002 0.34404 0.02793997 0.55962 0.2311 0.76082 0.08973002 0.55962 0.2311 0.76016 0.44931 0.76082 0.08973002 0.76082 0.08973002 0.76016 0.44931 0.88788 0.26177 0.88788 0.26177 0.76016 0.44931 0.95856 0.4902 0.76016 0.44931 0.91704 0.71118 0.95856 0.4902 0.60096 -0.04952001 0.76082 0.08973002 0.99861 0.001489996 0.76082 0.08973002 0.88788 0.26177 0.99861 0.001489996 0.88788 0.26177 0.95856 0.4902 0.99861 0.001489996 0.27843 1.00083 0.001589953 0.99851 0.1894299 0.90372 0.1894299 0.90372 0.001589953 0.99851 0.12582 0.78122 0.12582 0.78122 0.001589953 0.99851 0.08741998 0.63351 0.59009 0.97831 0.27843 1.00083 0.40765 0.78188 0.27843 1.00083 0.1894299 0.90372 0.40765 0.78188 0.1894299 0.90372 0.12582 0.78122 0.40765 0.78188 0.40765 0.78188 0.12582 0.78122 0.26485 0.54582 0.26485 0.54582 0.12582 0.78122 0.16442 0.26738 0.12582 0.78122 0.08741998 0.63351 0.16442 0.26738 0.78911 0.83911 0.59009 0.97831 0.58421 0.62527 0.59009 0.97831 0.40765 0.78188 0.58421 0.62527 0.40765 0.78188 0.26485 0.54582 0.58421 0.62527 0.58421 0.62527 0.26485 0.54582 0.38974 0.40099 0.38974 0.40099 0.26485 0.54582 0.19135 0.18063 0.26485 0.54582 0.16442 0.26738 0.19135 0.18063 0.9662 0.66202 0.78911 0.83911 0.7668 0.44268 0.78911 0.83911 0.58421 0.62527 0.7668 0.44268 0.58421 0.62527 0.38974 0.40099 0.7668 0.44268 0.7668 0.44268 0.38974 0.40099 0.55165 0.23908 0.55165 0.23908 0.38974 0.40099 0.28468 0.0873 0.38974 0.40099 0.19135 0.18063 0.28468 0.0873 1.04728 0.40148 0.9662 0.66202 0.90937 0.2402799 0.9662 0.66202 0.7668 0.44268 0.90937 0.2402799 0.7668 0.44268 0.55165 0.23908 0.90937 0.2402799 0.90937 0.2402799 0.55165 0.23908 0.73855 0.1119999 0.73855 0.1119999 0.55165 0.23908 0.50414 0.04729998 0.55165 0.23908 0.28468 0.0873 0.50414 0.04729998 1.04728 0.40148 0.90937 0.2402799 0.99861 0.001489996 0.90937 0.2402799 0.73855 0.1119999 0.99861 0.001489996 0.73855 0.1119999 0.50414 0.04729998 0.99861 0.001489996 0.28308 0.99618 0.001589953 0.99851 0.1909199 0.90224 0.1909199 0.90224 0.001589953 0.99851 0.12474 0.78231 0.12474 0.78231 0.001589953 0.99851 0.07911998 0.64181 0.59941 0.96899 0.28308 0.99618 0.41066 0.77888 0.28308 0.99618 0.1909199 0.90224 0.41066 0.77888 0.1909199 0.90224 0.12474 0.78231 0.41066 0.77888 0.41066 0.77888 0.12474 0.78231 0.26356 0.5471 0.26356 0.5471 0.12474 0.78231 0.1514 0.2804 0.12474 0.78231 0.07911998 0.64181 0.1514 0.2804 0.79668 0.83154 0.59941 0.96899 0.58603 0.6234501 0.59941 0.96899 0.41066 0.77888 0.58603 0.6234501 0.41066 0.77888 0.26356 0.5471 0.58603 0.6234501 0.58603 0.6234501 0.26356 0.5471 0.38985 0.40088 0.38985 0.40088 0.26356 0.5471 0.19402 0.17795 0.26356 0.5471 0.1514 0.2804 0.19402 0.17795 0.97034 0.65788 0.79668 0.83154 0.76765 0.44183 0.79668 0.83154 0.58603 0.6234501 0.76765 0.44183 0.58603 0.6234501 0.38985 0.40088 0.76765 0.44183 0.76765 0.44183 0.38985 0.40088 0.5534 0.23732 0.5534 0.23732 0.38985 0.40088 0.29982 0.07216 0.38985 0.40088 0.19402 0.17795 0.29982 0.07216 1.0474 0.40135 0.97034 0.65788 0.90926 0.24039 0.97034 0.65788 0.76765 0.44183 0.90926 0.24039 0.76765 0.44183 0.5534 0.23732 0.90926 0.24039 0.90926 0.24039 0.5534 0.23732 0.74009 0.1104599 0.74009 0.1104599 0.5534 0.23732 0.51954 0.03191 0.5534 0.23732 0.29982 0.07216 0.51954 0.03191 1.0474 0.40135 0.90926 0.24039 0.99861 0.001489996 0.90926 0.24039 0.74009 0.1104599 0.99861 0.001489996 0.74009 0.1104599 0.51954 0.03191 0.99861 0.001489996 0.01800996 0.70293 0.001589953 0.99851 0.10375 0.8033 0.10375 0.8033 0.001589953 0.99851 0.2125599 0.8806 0.2125599 0.8806 0.001589953 0.99851 0.34643 0.93284 0.05513 0.37667 0.01800996 0.70293 0.23122 0.57945 0.01800996 0.70293 0.10375 0.8033 0.23122 0.57945 0.10375 0.8033 0.2125599 0.8806 0.23122 0.57945 0.23122 0.57945 0.2125599 0.8806 0.44458 0.74495 0.44458 0.74495 0.2125599 0.8806 0.70095 0.86745 0.2125599 0.8806 0.34643 0.93284 0.70095 0.86745 0.17941 0.1925699 0.05513 0.37667 0.38159 0.40913 0.05513 0.37667 0.23122 0.57945 0.38159 0.40913 0.23122 0.57945 0.44458 0.74495 0.38159 0.40913 0.38159 0.40913 0.44458 0.74495 0.59546 0.61402 0.59546 0.61402 0.44458 0.74495 0.81803 0.81019 0.44458 0.74495 0.70095 0.86745 0.81803 0.81019 0.33956 0.03241997 0.17941 0.1925699 0.55879 0.2319399 0.17941 0.1925699 0.38159 0.40913 0.55879 0.2319399 0.38159 0.40913 0.59546 0.61402 0.55879 0.2319399 0.55879 0.2319399 0.59546 0.61402 0.76261 0.44687 0.76261 0.44687 0.59546 0.61402 0.9332 0.69502 0.59546 0.61402 0.81803 0.81019 0.9332 0.69502 0.58518 -0.03374004 0.33956 0.03241997 0.75577 0.09478002 0.33956 0.03241997 0.55879 0.2319399 0.75577 0.09478002 0.55879 0.2319399 0.76261 0.44687 0.75577 0.09478002 0.75577 0.09478002 0.76261 0.44687 0.89298 0.25667 0.89298 0.25667 0.76261 0.44687 0.97898 0.46978 0.76261 0.44687 0.9332 0.69502 0.97898 0.46978 0.58518 -0.03374004 0.75577 0.09478002 0.99861 0.001489996 0.75577 0.09478002 0.89298 0.25667 0.99861 0.001489996 0.89298 0.25667 0.97898 0.46978 0.99861 0.001489996 0.28087 0.9984 0.001589953 0.99851 0.19037 0.90279 0.19037 0.90279 0.001589953 0.99851 0.12492 0.78213 0.12492 0.78213 0.001589953 0.99851 0.08449 0.63644 0.59364 0.97476 0.28087 0.9984 0.40894 0.7806 0.28087 0.9984 0.19037 0.90279 0.40894 0.7806 0.19037 0.90279 0.12492 0.78213 0.40894 0.7806 0.40894 0.7806 0.12492 0.78213 0.26388 0.54679 0.26388 0.54679 0.12492 0.78213 0.1607699 0.27103 0.12492 0.78213 0.08449 0.63644 0.1607699 0.27103 0.78863 0.83959 0.59364 0.97476 0.58371 0.62576 0.59364 0.97476 0.40894 0.7806 0.58371 0.62576 0.40894 0.7806 0.26388 0.54679 0.58371 0.62576 0.58371 0.62576 0.26388 0.54679 0.39056 0.40017 0.39056 0.40017 0.26388 0.54679 0.19488 0.1770899 0.26388 0.54679 0.1607699 0.27103 0.19488 0.1770899 0.96315 0.66507 0.78863 0.83959 0.76548 0.44399 0.78863 0.83959 0.58371 0.62576 0.76548 0.44399 0.58371 0.62576 0.39056 0.40017 0.76548 0.44399 0.76548 0.44399 0.39056 0.40017 0.55337 0.2373499 0.55337 0.2373499 0.39056 0.40017 0.29153 0.08044999 0.39056 0.40017 0.19488 0.1770899 0.29153 0.08044999 1.04357 0.40519 0.96315 0.66507 0.90794 0.24172 0.96315 0.66507 0.76548 0.44399 0.90794 0.24172 0.76548 0.44399 0.55337 0.2373499 0.90794 0.24172 0.90794 0.24172 0.55337 0.2373499 0.74014 0.1104 0.74014 0.1104 0.55337 0.2373499 0.51018 0.04126 0.55337 0.2373499 0.29153 0.08044999 0.51018 0.04126 1.04357 0.40519 0.90794 0.24172 0.99861 0.001489996 0.90794 0.24172 0.74014 0.1104 0.99861 0.001489996 0.74014 0.1104 0.51018 0.04126 0.99861 0.001489996 0.27549 1.00378 0.001589953 0.99851 0.18831 0.90485 0.18831 0.90485 0.001589953 0.99851 0.12698 0.78007 0.12698 0.78007 0.001589953 0.99851 0.0909 0.63003 0.58584 0.98256 0.27549 1.00378 0.40611 0.78343 0.27549 1.00378 0.18831 0.90485 0.40611 0.78343 0.18831 0.90485 0.12698 0.78007 0.40611 0.78343 0.40611 0.78343 0.12698 0.78007 0.26591 0.54476 0.26591 0.54476 0.12698 0.78007 0.16822 0.26358 0.12698 0.78007 0.0909 0.63003 0.16822 0.26358 0.78997 0.83825 0.58584 0.98256 0.58502 0.62445 0.58584 0.98256 0.40611 0.78343 0.58502 0.62445 0.40611 0.78343 0.26591 0.54476 0.58502 0.62445 0.58502 0.62445 0.26591 0.54476 0.38832 0.4024 0.38832 0.4024 0.26591 0.54476 0.18543 0.18655 0.26591 0.54476 0.16822 0.26358 0.18543 0.18655 0.97015 0.65807 0.78997 0.83825 0.76855 0.44093 0.78997 0.83825 0.58502 0.62445 0.76855 0.44093 0.58502 0.62445 0.38832 0.4024 0.76855 0.44093 0.76855 0.44093 0.38832 0.4024 0.54902 0.24171 0.54902 0.24171 0.38832 0.4024 0.27492 0.09706002 0.38832 0.4024 0.18543 0.18655 0.27492 0.09706002 1.05184 0.39692 0.97015 0.65807 0.91117 0.2384799 0.97015 0.65807 0.76855 0.44093 0.91117 0.2384799 0.76855 0.44093 0.54902 0.24171 0.91117 0.2384799 0.91117 0.2384799 0.54902 0.24171 0.73634 0.11421 0.73634 0.11421 0.54902 0.24171 0.49612 0.05532002 0.54902 0.24171 0.27492 0.09706002 0.49612 0.05532002 1.05184 0.39692 0.91117 0.2384799 0.99861 0.001489996 0.91117 0.2384799 0.73634 0.11421 0.99861 0.001489996 0.73634 0.11421 0.49612 0.05532002 0.99861 0.001489996 0.27846 1.0008 0.001589953 0.99851 0.18952 0.90364 0.18952 0.90364 0.001589953 0.99851 0.12569 0.78136 0.12569 0.78136 0.001589953 0.99851 0.08613997 0.6348 0.59157 0.97683 0.27846 1.0008 0.40843 0.78111 0.27846 1.0008 0.18952 0.90364 0.40843 0.78111 0.18952 0.90364 0.12569 0.78136 0.40843 0.78111 0.40843 0.78111 0.12569 0.78136 0.26402 0.54664 0.26402 0.54664 0.12569 0.78136 0.16095 0.27085 0.12569 0.78136 0.08613997 0.6348 0.16095 0.27085 0.79399 0.83424 0.59157 0.97683 0.58635 0.62312 0.59157 0.97683 0.40843 0.78111 0.58635 0.62312 0.40843 0.78111 0.26402 0.54664 0.58635 0.62312 0.58635 0.62312 0.26402 0.54664 0.38766 0.40307 0.38766 0.40307 0.26402 0.54664 0.18638 0.1855999 0.26402 0.54664 0.16095 0.27085 0.18638 0.1855999 0.97153 0.6567 0.79399 0.83424 0.76904 0.44044 0.79399 0.83424 0.58635 0.62312 0.76904 0.44044 0.58635 0.62312 0.38766 0.40307 0.76904 0.44044 0.76904 0.44044 0.38766 0.40307 0.54964 0.2410899 0.54964 0.2410899 0.38766 0.40307 0.28134 0.09064 0.38766 0.40307 0.18638 0.1855999 0.28134 0.09064 1.05058 0.39818 0.97153 0.6567 0.91079 0.23886 0.97153 0.6567 0.76904 0.44044 0.91079 0.23886 0.76904 0.44044 0.54964 0.2410899 0.91079 0.23886 0.91079 0.23886 0.54964 0.2410899 0.73731 0.11324 0.73731 0.11324 0.54964 0.2410899 0.50267 0.04877001 0.54964 0.2410899 0.28134 0.09064 0.50267 0.04877001 1.05058 0.39818 0.91079 0.23886 0.99861 0.001489996 0.91079 0.23886 0.73731 0.11324 0.99861 0.001489996 0.73731 0.11324 0.50267 0.04877001 0.99861 0.001489996 0.27911 1.00016 0.001589953 0.99851 0.19004 0.90312 0.19004 0.90312 0.001589953 0.99851 0.12481 0.78224 0.12481 0.78224 0.001589953 0.99851 0.08464998 0.63628 0.59252 0.97589 0.27911 1.00016 0.40929 0.78024 0.27911 1.00016 0.19004 0.90312 0.40929 0.78024 0.19004 0.90312 0.12481 0.78224 0.40929 0.78024 0.40929 0.78024 0.12481 0.78224 0.26248 0.54818 0.26248 0.54818 0.12481 0.78224 0.15845 0.27335 0.12481 0.78224 0.08464998 0.63628 0.15845 0.27335 0.79411 0.83412 0.59252 0.97589 0.58686 0.62261 0.59252 0.97589 0.40929 0.78024 0.58686 0.62261 0.40929 0.78024 0.26248 0.54818 0.58686 0.62261 0.58686 0.62261 0.26248 0.54818 0.38667 0.40405 0.38667 0.40405 0.26248 0.54818 0.18402 0.18796 0.26248 0.54818 0.15845 0.27335 0.18402 0.18796 0.97083 0.65739 0.79411 0.83412 0.76916 0.44031 0.79411 0.83412 0.58686 0.62261 0.76916 0.44031 0.58686 0.62261 0.38667 0.40405 0.76916 0.44031 0.76916 0.44031 0.38667 0.40405 0.54909 0.24163 0.54909 0.24163 0.38667 0.40405 0.27883 0.09314 0.38667 0.40405 0.18402 0.18796 0.27883 0.09314 1.04904 0.39972 0.97083 0.65739 0.91037 0.2392799 0.97083 0.65739 0.76916 0.44031 0.91037 0.2392799 0.76916 0.44031 0.54909 0.24163 0.91037 0.2392799 0.91037 0.2392799 0.54909 0.24163 0.73754 0.1130099 0.73754 0.1130099 0.54909 0.24163 0.50149 0.04995 0.54909 0.24163 0.27883 0.09314 0.50149 0.04995 1.04904 0.39972 0.91037 0.2392799 0.99861 0.001489996 0.91037 0.2392799 0.73754 0.1130099 0.99861 0.001489996 0.73754 0.1130099 0.50149 0.04995 0.99861 0.001489996 0.30842 0.97084 0.001589953 0.99851 0.20109 0.89206 0.20109 0.89206 0.001589953 0.99851 0.1170099 0.79003 0.1170099 0.79003 0.001589953 0.99851 0.06075996 0.66017 0.62822 0.94018 0.30842 0.97084 0.42043 0.76911 0.30842 0.97084 0.20109 0.89206 0.42043 0.76911 0.20109 0.89206 0.1170099 0.79003 0.42043 0.76911 0.42043 0.76911 0.1170099 0.79003 0.25264 0.55803 0.25264 0.55803 0.1170099 0.79003 0.12757 0.30423 0.1170099 0.79003 0.06075996 0.66017 0.12757 0.30423 0.77188 0.85634 0.62822 0.94018 0.57639 0.63308 0.62822 0.94018 0.42043 0.76911 0.57639 0.63308 0.42043 0.76911 0.25264 0.55803 0.57639 0.63308 0.57639 0.63308 0.25264 0.55803 0.3937 0.39702 0.3937 0.39702 0.25264 0.55803 0.20497 0.16701 0.25264 0.55803 0.12757 0.30423 0.20497 0.16701 0.93083 0.69739 0.77188 0.85634 0.75337 0.45611 0.77188 0.85634 0.57639 0.63308 0.75337 0.45611 0.57639 0.63308 0.3937 0.39702 0.75337 0.45611 0.75337 0.45611 0.3937 0.39702 0.55775 0.23298 0.55775 0.23298 0.3937 0.39702 0.31342 0.05856001 0.3937 0.39702 0.20497 0.16701 0.31342 0.05856001 1.01176 0.437 0.93083 0.69739 0.89778 0.25187 0.93083 0.69739 0.75337 0.45611 0.89778 0.25187 0.75337 0.45611 0.55775 0.23298 0.89778 0.25187 0.89778 0.25187 0.55775 0.23298 0.7451 0.10544 0.7451 0.10544 0.55775 0.23298 0.53117 0.02026998 0.55775 0.23298 0.31342 0.05856001 0.53117 0.02026998 1.01176 0.437 0.89778 0.25187 0.99861 0.001489996 0.89778 0.25187 0.7451 0.10544 0.99861 0.001489996 0.7451 0.10544 0.53117 0.02026998 0.99861 0.001489996 0.33003 0.94924 0.001589953 0.99851 0.20951 0.88364 0.20951 0.88364 0.001589953 0.99851 0.11063 0.79642 0.11063 0.79642 0.001589953 0.99851 0.04029995 0.68064 0.67173 0.89667 0.33003 0.94924 0.43816 0.75137 0.33003 0.94924 0.20951 0.88364 0.43816 0.75137 0.20951 0.88364 0.11063 0.79642 0.43816 0.75137 0.43816 0.75137 0.11063 0.79642 0.24268 0.56798 0.24268 0.56798 0.11063 0.79642 0.09373998 0.33806 0.11063 0.79642 0.04029995 0.68064 0.09373998 0.33806 0.80339 0.82483 0.67173 0.89667 0.58817 0.62131 0.67173 0.89667 0.43816 0.75137 0.58817 0.62131 0.43816 0.75137 0.24268 0.56798 0.58817 0.62131 0.58817 0.62131 0.24268 0.56798 0.38864 0.40209 0.38864 0.40209 0.24268 0.56798 0.19995 0.1720299 0.24268 0.56798 0.09373998 0.33806 0.19995 0.1720299 0.93357 0.69465 0.80339 0.82483 0.75495 0.45453 0.80339 0.82483 0.58817 0.62131 0.75495 0.45453 0.58817 0.62131 0.38864 0.40209 0.75495 0.45453 0.75495 0.45453 0.38864 0.40209 0.56242 0.2283099 0.56242 0.2283099 0.38864 0.40209 0.34081 0.03117001 0.38864 0.40209 0.19995 0.1720299 0.34081 0.03117001 0.99528 0.45348 0.93357 0.69465 0.89196 0.25769 0.93357 0.69465 0.75495 0.45453 0.89196 0.25769 0.75495 0.45453 0.56242 0.2283099 0.89196 0.25769 0.89196 0.25769 0.56242 0.2283099 0.75216 0.09838998 0.75216 0.09838998 0.56242 0.2283099 0.56252 -0.01107001 0.56242 0.2283099 0.34081 0.03117001 0.56252 -0.01107001 0.99528 0.45348 0.89196 0.25769 0.99861 0.001489996 0.89196 0.25769 0.75216 0.09838998 0.99861 0.001489996 0.75216 0.09838998 0.56252 -0.01107001 0.99861 0.001489996 0.31654 0.96273 0.001589953 0.99851 0.20564 0.88752 0.20564 0.88752 0.001589953 0.99851 0.1104 0.79664 0.1104 0.79664 0.001589953 0.99851 0.03347998 0.68745 0.64334 0.92506 0.31654 0.96273 0.42893 0.7606 0.31654 0.96273 0.20564 0.88752 0.42893 0.7606 0.20564 0.88752 0.1104 0.79664 0.42893 0.7606 0.42893 0.7606 0.1104 0.79664 0.2432799 0.56738 0.2432799 0.56738 0.1104 0.79664 0.08471995 0.34708 0.1104 0.79664 0.03347998 0.68745 0.08471995 0.34708 0.77402 0.8542 0.64334 0.92506 0.57774 0.63173 0.64334 0.92506 0.42893 0.7606 0.57774 0.63173 0.42893 0.7606 0.2432799 0.56738 0.57774 0.63173 0.57774 0.63173 0.2432799 0.56738 0.39166 0.39907 0.39166 0.39907 0.2432799 0.56738 0.20126 0.17071 0.2432799 0.56738 0.08471995 0.34708 0.20126 0.17071 0.91663 0.71159 0.77402 0.8542 0.74833 0.46114 0.77402 0.8542 0.57774 0.63173 0.74833 0.46114 0.57774 0.63173 0.39166 0.39907 0.74833 0.46114 0.74833 0.46114 0.39166 0.39907 0.56413 0.2265999 0.56413 0.2265999 0.39166 0.39907 0.34343 0.02855002 0.39166 0.39907 0.20126 0.17071 0.34343 0.02855002 0.99573 0.45303 0.91663 0.71159 0.89116 0.2585 0.91663 0.71159 0.74833 0.46114 0.89116 0.2585 0.74833 0.46114 0.56413 0.2265999 0.89116 0.2585 0.89116 0.2585 0.56413 0.2265999 0.75305 0.09750002 0.75305 0.09750002 0.56413 0.2265999 0.56646 -0.01502001 0.56413 0.2265999 0.34343 0.02855002 0.56646 -0.01502001 0.99573 0.45303 0.89116 0.2585 0.99861 0.001489996 0.89116 0.2585 0.75305 0.09750002 0.99861 0.001489996 0.75305 0.09750002 0.56646 -0.01502001 0.99861 0.001489996 0.32044 0.95882 0.001589953 0.99851 0.2052 0.88796 0.2052 0.88796 0.001589953 0.99851 0.11487 0.79218 0.11487 0.79218 0.001589953 0.99851 0.05566996 0.66526 0.65435 0.91406 0.32044 0.95882 0.43029 0.75924 0.32044 0.95882 0.2052 0.88796 0.43029 0.75924 0.2052 0.88796 0.11487 0.79218 0.43029 0.75924 0.43029 0.75924 0.11487 0.79218 0.24853 0.56213 0.24853 0.56213 0.11487 0.79218 0.11675 0.31505 0.11487 0.79218 0.05566996 0.66526 0.11675 0.31505 0.79622 0.832 0.65435 0.91406 0.58542 0.62406 0.65435 0.91406 0.43029 0.75924 0.58542 0.62406 0.43029 0.75924 0.24853 0.56213 0.58542 0.62406 0.58542 0.62406 0.24853 0.56213 0.38971 0.40102 0.38971 0.40102 0.24853 0.56213 0.1992599 0.17272 0.24853 0.56213 0.11675 0.31505 0.1992599 0.17272 0.93826 0.68997 0.79622 0.832 0.75654 0.45293 0.79622 0.832 0.58542 0.62406 0.75654 0.45293 0.58542 0.62406 0.38971 0.40102 0.75654 0.45293 0.75654 0.45293 0.38971 0.40102 0.55843 0.2322999 0.55843 0.2322999 0.38971 0.40102 0.32127 0.0507 0.38971 0.40102 0.1992599 0.17272 0.32127 0.0507 1.00643 0.44233 0.93826 0.68997 0.8964 0.25325 0.93826 0.68997 0.75654 0.45293 0.8964 0.25325 0.75654 0.45293 0.55843 0.2322999 0.8964 0.25325 0.8964 0.25325 0.55843 0.2322999 0.74689 0.1036599 0.74689 0.1036599 0.55843 0.2322999 0.54032 0.01112002 0.55843 0.2322999 0.32127 0.0507 0.54032 0.01112002 1.00643 0.44233 0.8964 0.25325 0.99861 0.001489996 0.8964 0.25325 0.74689 0.1036599 0.99861 0.001489996 0.74689 0.1036599 0.54032 0.01112002 0.99861 0.001489996 0.33509 0.94418 0.001589953 0.99851 0.21259 0.88056 0.21259 0.88056 0.001589953 0.99851 0.10623 0.80082 0.10623 0.80082 0.001589953 0.99851 0.02169996 0.69924 0.67799 0.89041 0.33509 0.94418 0.44216 0.74738 0.33509 0.94418 0.21259 0.88056 0.44216 0.74738 0.21259 0.88056 0.10623 0.80082 0.44216 0.74738 0.44216 0.74738 0.10623 0.80082 0.23563 0.57504 0.23563 0.57504 0.10623 0.80082 0.06281995 0.36898 0.10623 0.80082 0.02169996 0.69924 0.06281995 0.36898 0.79528 0.83295 0.67799 0.89041 0.587 0.62247 0.67799 0.89041 0.44216 0.74738 0.587 0.62247 0.44216 0.74738 0.23563 0.57504 0.587 0.62247 0.587 0.62247 0.23563 0.57504 0.3862 0.40453 0.3862 0.40453 0.23563 0.57504 0.1883299 0.18365 0.23563 0.57504 0.06281995 0.36898 0.1883299 0.18365 0.91698 0.71125 0.79528 0.83295 0.75088 0.4586 0.79528 0.83295 0.587 0.62247 0.75088 0.4586 0.587 0.62247 0.3862 0.40453 0.75088 0.4586 0.75088 0.4586 0.3862 0.40453 0.56315 0.22758 0.56315 0.22758 0.3862 0.40453 0.34566 0.02631998 0.3862 0.40453 0.1883299 0.18365 0.34566 0.02631998 0.98103 0.46773 0.91698 0.71125 0.88752 0.26213 0.91698 0.71125 0.75088 0.4586 0.88752 0.26213 0.75088 0.4586 0.56315 0.22758 0.88752 0.26213 0.88752 0.26213 0.56315 0.22758 0.75549 0.09504997 0.75549 0.09504997 0.56315 0.22758 0.57765 -0.02620995 0.56315 0.22758 0.34566 0.02631998 0.57765 -0.02620995 0.98103 0.46773 0.88752 0.26213 0.99861 0.001489996 0.88752 0.26213 0.75549 0.09504997 0.99861 0.001489996 0.75549 0.09504997 0.57765 -0.02620995 0.99861 0.001489996 0.32202 0.95725 0.001589953 0.99851 0.20619 0.88696 0.20619 0.88696 0.001589953 0.99851 0.11338 0.79367 0.11338 0.79367 0.001589953 0.99851 0.04993999 0.67099 0.65676 0.91164 0.32202 0.95725 0.43182 0.75772 0.32202 0.95725 0.20619 0.88696 0.43182 0.75772 0.20619 0.88696 0.11338 0.79367 0.43182 0.75772 0.43182 0.75772 0.11338 0.79367 0.24627 0.5644 0.24627 0.5644 0.11338 0.79367 0.10796 0.32384 0.11338 0.79367 0.04993999 0.67099 0.10796 0.32384 0.79544 0.83279 0.65676 0.91164 0.58563 0.62385 0.65676 0.91164 0.43182 0.75772 0.58563 0.62385 0.43182 0.75772 0.24627 0.5644 0.58563 0.62385 0.58563 0.62385 0.24627 0.5644 0.3891 0.40163 0.3891 0.40163 0.24627 0.5644 0.19819 0.17378 0.24627 0.5644 0.10796 0.32384 0.19819 0.17378 0.93467 0.69356 0.79544 0.83279 0.75573 0.45375 0.79544 0.83279 0.58563 0.62385 0.75573 0.45375 0.58563 0.62385 0.3891 0.40163 0.75573 0.45375 0.75573 0.45375 0.3891 0.40163 0.55903 0.2316899 0.55903 0.2316899 0.3891 0.40163 0.32502 0.04695999 0.3891 0.40163 0.19819 0.17378 0.32502 0.04695999 1.00292 0.44583 0.93467 0.69356 0.89529 0.25436 0.93467 0.69356 0.75573 0.45375 0.89529 0.25436 0.75573 0.45375 0.55903 0.2316899 0.89529 0.25436 0.89529 0.25436 0.55903 0.2316899 0.74811 0.1024399 0.74811 0.1024399 0.55903 0.2316899 0.54532 0.006120026 0.55903 0.2316899 0.32502 0.04695999 0.54532 0.006120026 1.00292 0.44583 0.89529 0.25436 0.99861 0.001489996 0.89529 0.25436 0.74811 0.1024399 0.99861 0.001489996 0.74811 0.1024399 0.54532 0.006120026 0.99861 0.001489996 0.3354 0.94386 0.001589953 0.99851 0.21292 0.88024 0.21292 0.88024 0.001589953 0.99851 0.10603 0.80102 0.10603 0.80102 0.001589953 0.99851 0.02085995 0.70007 0.67892 0.88948 0.3354 0.94386 0.44286 0.74668 0.3354 0.94386 0.21292 0.88024 0.44286 0.74668 0.21292 0.88024 0.10603 0.80102 0.44286 0.74668 0.44286 0.74668 0.10603 0.80102 0.2347 0.57597 0.2347 0.57597 0.10603 0.80102 0.06011998 0.37168 0.10603 0.80102 0.02085995 0.70007 0.06011998 0.37168 0.79814 0.83008 0.67892 0.88948 0.58886 0.62061 0.67892 0.88948 0.44286 0.74668 0.58886 0.62061 0.44286 0.74668 0.2347 0.57597 0.58886 0.62061 0.58886 0.62061 0.2347 0.57597 0.38471 0.40602 0.38471 0.40602 0.2347 0.57597 0.18349 0.1884899 0.2347 0.57597 0.06011998 0.37168 0.18349 0.1884899 0.9199 0.70832 0.79814 0.83008 0.75263 0.45684 0.79814 0.83008 0.58886 0.62061 0.75263 0.45684 0.58886 0.62061 0.38471 0.40602 0.75263 0.45684 0.75263 0.45684 0.38471 0.40602 0.56134 0.22939 0.56134 0.22939 0.38471 0.40602 0.34053 0.03144997 0.38471 0.40602 0.18349 0.1884899 0.34053 0.03144997 0.98289 0.46587 0.9199 0.70832 0.88861 0.26104 0.9199 0.70832 0.75263 0.45684 0.88861 0.26104 0.75263 0.45684 0.56134 0.22939 0.88861 0.26104 0.88861 0.26104 0.56134 0.22939 0.75444 0.09609997 0.75444 0.09609997 0.56134 0.22939 0.57487 -0.02342998 0.56134 0.22939 0.34053 0.03144997 0.57487 -0.02342998 0.98289 0.46587 0.88861 0.26104 0.99861 0.001489996 0.88861 0.26104 0.75444 0.09609997 0.99861 0.001489996 0.75444 0.09609997 0.57487 -0.02342998 0.99861 0.001489996 0.33072 0.94854 0.001589953 0.99851 0.2096 0.88355 0.2096 0.88355 0.001589953 0.99851 0.1118 0.79525 0.1118 0.79525 0.001589953 0.99851 0.04646998 0.67446 0.67655 0.89185 0.33072 0.94854 0.44022 0.74931 0.33072 0.94854 0.2096 0.88355 0.44022 0.74931 0.2096 0.88355 0.1118 0.79525 0.44022 0.74931 0.44022 0.74931 0.1118 0.79525 0.24297 0.56769 0.24297 0.56769 0.1118 0.79525 0.10001 0.33179 0.1118 0.79525 0.04646998 0.67446 0.10001 0.33179 0.82008 0.80814 0.67655 0.89185 0.59548 0.614 0.67655 0.89185 0.44022 0.74931 0.59548 0.614 0.44022 0.74931 0.24297 0.56769 0.59548 0.614 0.59548 0.614 0.24297 0.56769 0.38455 0.40617 0.38455 0.40617 0.24297 0.56769 0.19117 0.1808099 0.24297 0.56769 0.10001 0.33179 0.19117 0.1808099 0.95229 0.67593 0.82008 0.80814 0.76276 0.44672 0.82008 0.80814 0.59548 0.614 0.76276 0.44672 0.59548 0.614 0.38455 0.40617 0.76276 0.44672 0.76276 0.44672 0.38455 0.40617 0.55736 0.2333599 0.55736 0.2333599 0.38455 0.40617 0.32755 0.04443001 0.38455 0.40617 0.19117 0.1808099 0.32755 0.04443001 1.00547 0.44329 0.95229 0.67593 0.89625 0.2534 0.95229 0.67593 0.76276 0.44672 0.89625 0.2534 0.76276 0.44672 0.55736 0.2333599 0.89625 0.2534 0.89625 0.2534 0.55736 0.2333599 0.74851 0.1020399 0.74851 0.1020399 0.55736 0.2333599 0.55153 -9.0003e-5 0.55736 0.2333599 0.32755 0.04443001 0.55153 -9.0003e-5 1.00547 0.44329 0.89625 0.2534 0.99861 0.001489996 0.89625 0.2534 0.74851 0.1020399 0.99861 0.001489996 0.74851 0.1020399 0.55153 -9.0003e-5 0.99861 0.001489996 0.34903 0.93024 0.001589953 0.99851 0.21986 0.87329 0.21986 0.87329 0.001589953 0.99851 0.10331 0.80374 0.10331 0.80374 0.001589953 0.99851 0.01739996 0.70353 0.70716 0.86124 0.34903 0.93024 0.45754 0.73199 0.34903 0.93024 0.21986 0.87329 0.45754 0.73199 0.21986 0.87329 0.10331 0.80374 0.45754 0.73199 0.45754 0.73199 0.10331 0.80374 0.23027 0.5804 0.23027 0.5804 0.10331 0.80374 0.05460995 0.37719 0.10331 0.80374 0.01739996 0.70353 0.05460995 0.37719 0.82964 0.79858 0.70716 0.86124 0.60223 0.60724 0.70716 0.86124 0.45754 0.73199 0.60223 0.60724 0.45754 0.73199 0.23027 0.5804 0.60223 0.60724 0.60223 0.60724 0.23027 0.5804 0.38049 0.41024 0.38049 0.41024 0.23027 0.5804 0.1820999 0.18988 0.23027 0.5804 0.05460995 0.37719 0.1820999 0.18988 0.94683 0.6814 0.82964 0.79858 0.76255 0.44692 0.82964 0.79858 0.60223 0.60724 0.76255 0.44692 0.60223 0.60724 0.38049 0.41024 0.76255 0.44692 0.76255 0.44692 0.38049 0.41024 0.56048 0.2302399 0.56048 0.2302399 0.38049 0.41024 0.3477 0.02428001 0.38049 0.41024 0.1820999 0.18988 0.3477 0.02428001 0.98839 0.46037 0.94683 0.6814 0.8888 0.26085 0.94683 0.6814 0.76255 0.44692 0.8888 0.26085 0.76255 0.44692 0.56048 0.2302399 0.8888 0.26085 0.8888 0.26085 0.56048 0.2302399 0.75646 0.09407997 0.75646 0.09407997 0.56048 0.2302399 0.58637 -0.03491997 0.56048 0.2302399 0.3477 0.02428001 0.58637 -0.03491997 0.98839 0.46037 0.8888 0.26085 0.99861 0.001489996 0.8888 0.26085 0.75646 0.09407997 0.99861 0.001489996 0.75646 0.09407997 0.58637 -0.03491997 0.99861 0.001489996 0.05583 0.6651 0.001589953 0.99851 0.12265 0.7844 0.12265 0.7844 0.001589953 0.99851 0.19932 0.89383 0.19932 0.89383 0.001589953 0.99851 0.30634 0.97293 0.11687 0.31493 0.05583 0.6651 0.26222 0.54844 0.05583 0.6651 0.12265 0.7844 0.26222 0.54844 0.12265 0.7844 0.19932 0.89383 0.26222 0.54844 0.26222 0.54844 0.19932 0.89383 0.42503 0.7645 0.42503 0.7645 0.19932 0.89383 0.64045 0.92795 0.19932 0.89383 0.30634 0.97293 0.64045 0.92795 0.20181 0.17017 0.11687 0.31493 0.39229 0.39844 0.11687 0.31493 0.26222 0.54844 0.39229 0.39844 0.26222 0.54844 0.42503 0.7645 0.39229 0.39844 0.39229 0.39844 0.42503 0.7645 0.59248 0.61699 0.59248 0.61699 0.42503 0.7645 0.82213 0.8061 0.42503 0.7645 0.64045 0.92795 0.82213 0.8061 0.33771 0.03426998 0.20181 0.17017 0.55669 0.23404 0.20181 0.17017 0.39229 0.39844 0.55669 0.23404 0.39229 0.39844 0.59248 0.61699 0.55669 0.23404 0.55669 0.23404 0.59248 0.61699 0.77105 0.43842 0.77105 0.43842 0.59248 0.61699 0.98304 0.64518 0.59248 0.61699 0.82213 0.8061 0.98304 0.64518 0.5618 -0.01036 0.33771 0.03426998 0.74374 0.1068099 0.33771 0.03426998 0.55669 0.23404 0.74374 0.1068099 0.55669 0.23404 0.77105 0.43842 0.74374 0.1068099 0.74374 0.1068099 0.77105 0.43842 0.90511 0.2445399 0.90511 0.2445399 0.77105 0.43842 1.03502 0.41374 0.77105 0.43842 0.98304 0.64518 1.03502 0.41374 0.5618 -0.01036 0.74374 0.1068099 0.99861 0.001489996 0.74374 0.1068099 0.90511 0.2445399 0.99861 0.001489996 0.90511 0.2445399 1.03502 0.41374 0.99861 0.001489996 0.37458 0.90469 0.001589953 0.99851 0.22952 0.86363 0.22952 0.86363 0.001589953 0.99851 0.09698998 0.81006 0.09698998 0.81006 0.001589953 0.99851 -0.006449997 0.72739 0.74044 0.82796 0.37458 0.90469 0.46849 0.72105 0.37458 0.90469 0.22952 0.86363 0.46849 0.72105 0.22952 0.86363 0.09698998 0.81006 0.46849 0.72105 0.46849 0.72105 0.09698998 0.81006 0.21959 0.59107 0.21959 0.59107 0.09698998 0.81006 0.01397997 0.41782 0.09698998 0.81006 -0.006449997 0.72739 0.01397997 0.41782 0.80381 0.82441 0.74044 0.82796 0.59576 0.61371 0.74044 0.82796 0.46849 0.72105 0.59576 0.61371 0.46849 0.72105 0.21959 0.59107 0.59576 0.61371 0.59576 0.61371 0.21959 0.59107 0.37891 0.41182 0.37891 0.41182 0.21959 0.59107 0.16568 0.2063 0.21959 0.59107 0.01397997 0.41782 0.16568 0.2063 0.88822 0.74001 0.80381 0.82441 0.74594 0.46354 0.80381 0.82441 0.59576 0.61371 0.74594 0.46354 0.59576 0.61371 0.37891 0.41182 0.74594 0.46354 0.74594 0.46354 0.37891 0.41182 0.5627 0.22803 0.5627 0.22803 0.37891 0.41182 0.35099 0.02099001 0.37891 0.41182 0.16568 0.2063 0.35099 0.02099001 0.93769 0.51107 0.88822 0.74001 0.87412 0.27553 0.88822 0.74001 0.74594 0.46354 0.87412 0.27553 0.74594 0.46354 0.5627 0.22803 0.87412 0.27553 0.87412 0.27553 0.5627 0.22803 0.76193 0.08862 0.76193 0.08862 0.5627 0.22803 0.60569 -0.05425 0.5627 0.22803 0.35099 0.02099001 0.60569 -0.05425 0.93769 0.51107 0.87412 0.27553 0.99861 0.001489996 0.87412 0.27553 0.76193 0.08862 0.99861 0.001489996 0.76193 0.08862 0.60569 -0.05425 0.99861 0.001489996 0.32963 0.94964 0.001589953 0.99851 0.21018 0.88297 0.21018 0.88297 0.001589953 0.99851 0.10906 0.79798 0.10906 0.79798 0.001589953 0.99851 0.03342998 0.68751 0.67137 0.89703 0.32963 0.94964 0.43934 0.7502 0.32963 0.94964 0.21018 0.88297 0.43934 0.7502 0.21018 0.88297 0.10906 0.79798 0.43934 0.7502 0.43934 0.7502 0.10906 0.79798 0.23848 0.57219 0.23848 0.57219 0.10906 0.79798 0.07874 0.35306 0.10906 0.79798 0.03342998 0.68751 0.07874 0.35306 0.80565 0.82258 0.67137 0.89703 0.59164 0.61784 0.67137 0.89703 0.43934 0.7502 0.59164 0.61784 0.43934 0.7502 0.23848 0.57219 0.59164 0.61784 0.59164 0.61784 0.23848 0.57219 0.38365 0.40708 0.38365 0.40708 0.23848 0.57219 0.18263 0.18935 0.23848 0.57219 0.07874 0.35306 0.18263 0.18935 0.93533 0.69289 0.80565 0.82258 0.75819 0.45128 0.80565 0.82258 0.59164 0.61784 0.75819 0.45128 0.59164 0.61784 0.38365 0.40708 0.75819 0.45128 0.75819 0.45128 0.38365 0.40708 0.55717 0.23356 0.55717 0.23356 0.38365 0.40708 0.3256 0.04637998 0.38365 0.40708 0.18263 0.18935 0.3256 0.04637998 0.99651 0.45225 0.93533 0.69289 0.89389 0.25576 0.93533 0.69289 0.75819 0.45128 0.89389 0.25576 0.75819 0.45128 0.55717 0.23356 0.89389 0.25576 0.89389 0.25576 0.55717 0.23356 0.74984 0.1007099 0.74984 0.1007099 0.55717 0.23356 0.55638 -0.004940032 0.55717 0.23356 0.3256 0.04637998 0.55638 -0.004940032 0.99651 0.45225 0.89389 0.25576 0.99861 0.001489996 0.89389 0.25576 0.74984 0.1007099 0.99861 0.001489996 0.74984 0.1007099 0.55638 -0.004940032 0.99861 0.001489996 0.33271 0.94655 0.001589953 0.99851 0.21027 0.88288 0.21027 0.88288 0.001589953 0.99851 0.11112 0.79593 0.11112 0.79593 0.001589953 0.99851 0.04360997 0.67733 0.678 0.8904 0.33271 0.94655 0.44026 0.74927 0.33271 0.94655 0.21027 0.88288 0.44026 0.74927 0.21027 0.88288 0.11112 0.79593 0.44026 0.74927 0.44026 0.74927 0.11112 0.79593 0.24283 0.56784 0.24283 0.56784 0.11112 0.79593 0.09784001 0.33396 0.11112 0.79593 0.04360997 0.67733 0.09784001 0.33396 0.81284 0.81538 0.678 0.8904 0.59193 0.61754 0.678 0.8904 0.44026 0.74927 0.59193 0.61754 0.44026 0.74927 0.24283 0.56784 0.59193 0.61754 0.59193 0.61754 0.24283 0.56784 0.38734 0.40339 0.38734 0.40339 0.24283 0.56784 0.19828 0.1736999 0.24283 0.56784 0.09784001 0.33396 0.19828 0.1736999 0.94142 0.6868 0.81284 0.81538 0.75816 0.45132 0.81284 0.81538 0.59193 0.61754 0.75816 0.45132 0.59193 0.61754 0.38734 0.40339 0.75816 0.45132 0.75816 0.45132 0.38734 0.40339 0.56083 0.2299 0.56083 0.2299 0.38734 0.40339 0.33683 0.03513997 0.38734 0.40339 0.19828 0.1736999 0.33683 0.03513997 0.99808 0.45068 0.94142 0.6868 0.89332 0.25634 0.94142 0.6868 0.75816 0.45132 0.89332 0.25634 0.75816 0.45132 0.56083 0.2299 0.89332 0.25634 0.89332 0.25634 0.56083 0.2299 0.75086 0.09968 0.75086 0.09968 0.56083 0.2299 0.55819 -0.006749987 0.56083 0.2299 0.33683 0.03513997 0.55819 -0.006749987 0.99808 0.45068 0.89332 0.25634 0.99861 0.001489996 0.89332 0.25634 0.75086 0.09968 0.99861 0.001489996 0.75086 0.09968 0.55819 -0.006749987 0.99861 0.001489996 0.07343 0.6475 0.001589953 0.99851 0.12626 0.78079 0.12626 0.78079 0.001589953 0.99851 0.19547 0.89769 0.19547 0.89769 0.001589953 0.99851 0.28941 0.98986 0.14073 0.29107 0.07343 0.6475 0.26463 0.5460301 0.07343 0.6475 0.12626 0.78079 0.26463 0.5460301 0.12626 0.78079 0.19547 0.89769 0.26463 0.5460301 0.26463 0.5460301 0.19547 0.89769 0.41801 0.77153 0.41801 0.77153 0.19547 0.89769 0.61 0.9584 0.19547 0.89769 0.28941 0.98986 0.61 0.9584 0.1831099 0.18887 0.14073 0.29107 0.38565 0.40507 0.14073 0.29107 0.26463 0.5460301 0.38565 0.40507 0.26463 0.5460301 0.41801 0.77153 0.38565 0.40507 0.38565 0.40507 0.41801 0.77153 0.59066 0.61882 0.59066 0.61882 0.41801 0.77153 0.80285 0.82537 0.41801 0.77153 0.61 0.9584 0.80285 0.82537 0.28776 0.08421999 0.1831099 0.18887 0.54434 0.2463899 0.1831099 0.18887 0.38565 0.40507 0.54434 0.2463899 0.38565 0.40507 0.59066 0.61882 0.54434 0.2463899 0.54434 0.2463899 0.59066 0.61882 0.77057 0.4389 0.77057 0.4389 0.59066 0.61882 0.97168 0.65655 0.59066 0.61882 0.80285 0.82537 0.97168 0.65655 0.5189 0.03254002 0.28776 0.08421999 0.73506 0.11549 0.28776 0.08421999 0.54434 0.2463899 0.73506 0.11549 0.54434 0.2463899 0.77057 0.4389 0.73506 0.11549 0.73506 0.11549 0.77057 0.4389 0.90664 0.2430099 0.90664 0.2430099 0.77057 0.4389 1.035 0.41376 0.77057 0.4389 0.97168 0.65655 1.035 0.41376 0.5189 0.03254002 0.73506 0.11549 0.99861 0.001489996 0.73506 0.11549 0.90664 0.2430099 0.99861 0.001489996 0.90664 0.2430099 1.035 0.41376 0.99861 0.001489996 0.007639944 0.7133 0.001589953 0.99851 0.10002 0.80702 0.10002 0.80702 0.001589953 0.99851 0.21509 0.87807 0.21509 0.87807 0.001589953 0.99851 0.35375 0.92552 0.03906995 0.39272 0.007639944 0.7133 0.22574 0.58493 0.007639944 0.7133 0.10002 0.80702 0.22574 0.58493 0.10002 0.80702 0.21509 0.87807 0.22574 0.58493 0.22574 0.58493 0.21509 0.87807 0.4477 0.74183 0.4477 0.74183 0.21509 0.87807 0.7109 0.8575 0.21509 0.87807 0.35375 0.92552 0.7109 0.8575 0.17718 0.1948 0.03906995 0.39272 0.38149 0.40924 0.03906995 0.39272 0.22574 0.58493 0.38149 0.40924 0.22574 0.58493 0.4477 0.74183 0.38149 0.40924 0.38149 0.40924 0.4477 0.74183 0.59399 0.61548 0.59399 0.61548 0.4477 0.74183 0.81181 0.81641 0.4477 0.74183 0.7109 0.8575 0.81181 0.81641 0.34759 0.02438998 0.17718 0.1948 0.56188 0.2288399 0.17718 0.1948 0.38149 0.40924 0.56188 0.2288399 0.38149 0.40924 0.59399 0.61548 0.56188 0.2288399 0.56188 0.2288399 0.59399 0.61548 0.75889 0.45058 0.75889 0.45058 0.59399 0.61548 0.91814 0.71008 0.59399 0.61548 0.81181 0.81641 0.91814 0.71008 0.59787 -0.04642999 0.34759 0.02438998 0.76031 0.09024 0.34759 0.02438998 0.56188 0.2288399 0.76031 0.09024 0.56188 0.2288399 0.75889 0.45058 0.76031 0.09024 0.76031 0.09024 0.75889 0.45058 0.88879 0.26087 0.88879 0.26087 0.75889 0.45058 0.96342 0.48533 0.75889 0.45058 0.91814 0.71008 0.96342 0.48533 0.59787 -0.04642999 0.76031 0.09024 0.99861 0.001489996 0.76031 0.09024 0.88879 0.26087 0.99861 0.001489996 0.88879 0.26087 0.96342 0.48533 0.99861 0.001489996 0.01205998 0.70888 0.001589953 0.99851 0.10131 0.80573 0.10131 0.80573 0.001589953 0.99851 0.21478 0.87838 0.21478 0.87838 0.001589953 0.99851 0.35276 0.9265 0.04569 0.38611 0.01205998 0.70888 0.2274 0.58327 0.01205998 0.70888 0.10131 0.80573 0.2274 0.58327 0.10131 0.80573 0.21478 0.87838 0.2274 0.58327 0.2274 0.58327 0.21478 0.87838 0.44807 0.74146 0.44807 0.74146 0.21478 0.87838 0.71117 0.85723 0.21478 0.87838 0.35276 0.9265 0.71117 0.85723 0.17738 0.1945999 0.04569 0.38611 0.38057 0.41015 0.04569 0.38611 0.2274 0.58327 0.38057 0.41015 0.2274 0.58327 0.44807 0.74146 0.38057 0.41015 0.38057 0.41015 0.44807 0.74146 0.59659 0.61288 0.59659 0.61288 0.44807 0.74146 0.82025 0.80797 0.44807 0.74146 0.71117 0.85723 0.82025 0.80797 0.34366 0.02831 0.17738 0.1945999 0.55983 0.2308899 0.17738 0.1945999 0.38057 0.41015 0.55983 0.2308899 0.38057 0.41015 0.59659 0.61288 0.55983 0.2308899 0.55983 0.2308899 0.59659 0.61288 0.76215 0.44732 0.76215 0.44732 0.59659 0.61288 0.9297 0.69852 0.59659 0.61288 0.82025 0.80797 0.9297 0.69852 0.5926 -0.04115998 0.34366 0.02831 0.75821 0.09233999 0.34366 0.02831 0.55983 0.2308899 0.75821 0.09233999 0.55983 0.2308899 0.76215 0.44732 0.75821 0.09233999 0.75821 0.09233999 0.76215 0.44732 0.89109 0.25857 0.89109 0.25857 0.76215 0.44732 0.97233 0.47643 0.76215 0.44732 0.9297 0.69852 0.97233 0.47643 0.5926 -0.04115998 0.75821 0.09233999 0.99861 0.001489996 0.75821 0.09233999 0.89109 0.25857 0.99861 0.001489996 0.89109 0.25857 0.97233 0.47643 0.99861 0.001489996 0.3089 0.97037 0.001589953 0.99851 0.20137 0.89179 0.20137 0.89179 0.001589953 0.99851 0.11634 0.7907 0.11634 0.7907 0.001589953 0.99851 0.05636996 0.66456 0.64555 0.92285 0.3089 0.97037 0.42938 0.76015 0.3089 0.97037 0.20137 0.89179 0.42938 0.76015 0.20137 0.89179 0.11634 0.7907 0.42938 0.76015 0.42938 0.76015 0.11634 0.7907 0.25002 0.56064 0.25002 0.56064 0.11634 0.7907 0.11469 0.31711 0.11634 0.7907 0.05636996 0.66456 0.11469 0.31711 0.82435 0.80388 0.64555 0.92285 0.59751 0.61197 0.64555 0.92285 0.42938 0.76015 0.59751 0.61197 0.42938 0.76015 0.25002 0.56064 0.59751 0.61197 0.59751 0.61197 0.25002 0.56064 0.38274 0.40798 0.38274 0.40798 0.25002 0.56064 0.18607 0.1859099 0.25002 0.56064 0.11469 0.31711 0.18607 0.1859099 0.9764 0.65182 0.82435 0.80388 0.77211 0.43736 0.82435 0.80388 0.59751 0.61197 0.77211 0.43736 0.59751 0.61197 0.38274 0.40798 0.77211 0.43736 0.77211 0.43736 0.38274 0.40798 0.55224 0.2384899 0.55224 0.2384899 0.38274 0.40798 0.31386 0.05812001 0.38274 0.40798 0.18607 0.1859099 0.31386 0.05812001 1.03214 0.41662 0.9764 0.65182 0.90512 0.24453 0.9764 0.65182 0.77211 0.43736 0.90512 0.24453 0.77211 0.43736 0.55224 0.2384899 0.90512 0.24453 0.90512 0.24453 0.55224 0.2384899 0.7448 0.10574 0.7448 0.10574 0.55224 0.2384899 0.54472 0.006720006 0.55224 0.2384899 0.31386 0.05812001 0.54472 0.006720006 1.03214 0.41662 0.90512 0.24453 0.99861 0.001489996 0.90512 0.24453 0.7448 0.10574 0.99861 0.001489996 0.7448 0.10574 0.54472 0.006720006 0.99861 0.001489996 0.31849 0.96078 0.001589953 0.99851 0.2047899 0.88836 0.2047899 0.88836 0.001589953 0.99851 0.11522 0.79183 0.11522 0.79183 0.001589953 0.99851 0.05403995 0.66689 0.65972 0.90868 0.31849 0.96078 0.4341 0.75543 0.31849 0.96078 0.2047899 0.88836 0.4341 0.75543 0.2047899 0.88836 0.11522 0.79183 0.4341 0.75543 0.4341 0.75543 0.11522 0.79183 0.24874 0.56192 0.24874 0.56192 0.11522 0.79183 0.11219 0.31961 0.11522 0.79183 0.05403995 0.66689 0.11219 0.31961 0.82585 0.80237 0.65972 0.90868 0.59758 0.61189 0.65972 0.90868 0.4341 0.75543 0.59758 0.61189 0.4341 0.75543 0.24874 0.56192 0.59758 0.61189 0.59758 0.61189 0.24874 0.56192 0.38447 0.40625 0.38447 0.40625 0.24874 0.56192 0.19227 0.1797 0.24874 0.56192 0.11219 0.31961 0.19227 0.1797 0.9701 0.65812 0.82585 0.80237 0.76947 0.44001 0.82585 0.80237 0.59758 0.61189 0.76947 0.44001 0.59758 0.61189 0.38447 0.40625 0.76947 0.44001 0.76947 0.44001 0.38447 0.40625 0.55485 0.23588 0.55485 0.23588 0.38447 0.40625 0.32418 0.0478 0.38447 0.40625 0.19227 0.1797 0.32418 0.0478 1.02261 0.42615 0.9701 0.65812 0.90127 0.24838 0.9701 0.65812 0.76947 0.44001 0.90127 0.24838 0.76947 0.44001 0.55485 0.23588 0.90127 0.24838 0.90127 0.24838 0.55485 0.23588 0.74748 0.10307 0.74748 0.10307 0.55485 0.23588 0.55475 -0.003309965 0.55485 0.23588 0.32418 0.0478 0.55475 -0.003309965 1.02261 0.42615 0.90127 0.24838 0.99861 0.001489996 0.90127 0.24838 0.74748 0.10307 0.99861 0.001489996 0.74748 0.10307 0.55475 -0.003309965 0.99861 0.001489996 0.05171996 0.66921 0.001589953 0.99851 0.11737 0.78967 0.11737 0.78967 0.001589953 0.99851 0.2045699 0.88858 0.2045699 0.88858 0.001589953 0.99851 0.32397 0.95529 0.11109 0.3207 0.05171996 0.66921 0.2539 0.55677 0.05171996 0.66921 0.11737 0.78967 0.2539 0.55677 0.11737 0.78967 0.2045699 0.88858 0.2539 0.55677 0.2539 0.55677 0.2045699 0.88858 0.43069 0.75884 0.43069 0.75884 0.2045699 0.88858 0.66208 0.90632 0.2045699 0.88858 0.32397 0.95529 0.66208 0.90632 0.20222 0.1697599 0.11109 0.3207 0.39358 0.39714 0.11109 0.3207 0.2539 0.55677 0.39358 0.39714 0.2539 0.55677 0.43069 0.75884 0.39358 0.39714 0.39358 0.39714 0.43069 0.75884 0.58772 0.62175 0.58772 0.62175 0.43069 0.75884 0.80371 0.82451 0.43069 0.75884 0.66208 0.90632 0.80371 0.82451 0.3323 0.03968 0.20222 0.1697599 0.55979 0.2309299 0.20222 0.1697599 0.39358 0.39714 0.55979 0.2309299 0.39358 0.39714 0.58772 0.62175 0.55979 0.2309299 0.55979 0.2309299 0.58772 0.62175 0.76064 0.44884 0.76064 0.44884 0.58772 0.62175 0.94368 0.68454 0.58772 0.62175 0.80371 0.82451 0.94368 0.68454 0.55997 -0.00853002 0.3323 0.03968 0.74754 0.1030099 0.3323 0.03968 0.55979 0.2309299 0.74754 0.1030099 0.55979 0.2309299 0.76064 0.44884 0.74754 0.1030099 0.74754 0.1030099 0.76064 0.44884 0.89826 0.25139 0.89826 0.25139 0.76064 0.44884 1.00748 0.44128 0.76064 0.44884 0.94368 0.68454 1.00748 0.44128 0.55997 -0.00853002 0.74754 0.1030099 0.99861 0.001489996 0.74754 0.1030099 0.89826 0.25139 0.99861 0.001489996 0.89826 0.25139 1.00748 0.44128 0.99861 0.001489996 0.32011 0.95916 0.001589953 0.99851 0.20627 0.88689 0.20627 0.88689 0.001589953 0.99851 0.11213 0.79492 0.11213 0.79492 0.001589953 0.99851 0.04295998 0.67797 0.66134 0.90706 0.32011 0.95916 0.43569 0.75384 0.32011 0.95916 0.20627 0.88689 0.43569 0.75384 0.20627 0.88689 0.11213 0.79492 0.43569 0.75384 0.43569 0.75384 0.11213 0.79492 0.24064 0.57002 0.24064 0.57002 0.11213 0.79492 0.08727997 0.34452 0.11213 0.79492 0.04295998 0.67797 0.08727997 0.34452 0.81999 0.80824 0.66134 0.90706 0.59877 0.6107 0.66134 0.90706 0.43569 0.75384 0.59877 0.6107 0.43569 0.75384 0.24064 0.57002 0.59877 0.6107 0.59877 0.6107 0.24064 0.57002 0.37746 0.41327 0.37746 0.41327 0.24064 0.57002 0.16297 0.2089999 0.24064 0.57002 0.08727997 0.34452 0.16297 0.2089999 0.9504 0.67782 0.81999 0.80824 0.76523 0.44424 0.81999 0.80824 0.59877 0.6107 0.76523 0.44424 0.59877 0.6107 0.37746 0.41327 0.76523 0.44424 0.76523 0.44424 0.37746 0.41327 0.55022 0.2405099 0.55022 0.2405099 0.37746 0.41327 0.30272 0.06926 0.37746 0.41327 0.16297 0.2089999 0.30272 0.06926 1.00381 0.44495 0.9504 0.67782 0.89622 0.25343 0.9504 0.67782 0.76523 0.44424 0.89622 0.25343 0.76523 0.44424 0.55022 0.2405099 0.89622 0.25343 0.89622 0.25343 0.55022 0.2405099 0.74793 0.10262 0.74793 0.10262 0.55022 0.2405099 0.54908 0.002359986 0.55022 0.2405099 0.30272 0.06926 0.54908 0.002359986 1.00381 0.44495 0.89622 0.25343 0.99861 0.001489996 0.89622 0.25343 0.74793 0.10262 0.99861 0.001489996 0.74793 0.10262 0.54908 0.002359986 0.99861 0.001489996 0.28333 0.99594 0.001589953 0.99851 0.19112 0.90204 0.19112 0.90204 0.001589953 0.99851 0.12495 0.78209 0.12495 0.78209 0.001589953 0.99851 0.08443999 0.63649 0.59936 0.96904 0.28333 0.99594 0.4108 0.77874 0.28333 0.99594 0.19112 0.90204 0.4108 0.77874 0.19112 0.90204 0.12495 0.78209 0.4108 0.77874 0.4108 0.77874 0.12495 0.78209 0.26374 0.54693 0.26374 0.54693 0.12495 0.78209 0.16034 0.27146 0.12495 0.78209 0.08443999 0.63649 0.16034 0.27146 0.79572 0.8325 0.59936 0.96904 0.58617 0.62331 0.59936 0.96904 0.4108 0.77874 0.58617 0.62331 0.4108 0.77874 0.26374 0.54693 0.58617 0.62331 0.58617 0.62331 0.26374 0.54693 0.38993 0.40079 0.38993 0.40079 0.26374 0.54693 0.19524 0.1767399 0.26374 0.54693 0.16034 0.27146 0.19524 0.1767399 0.96861 0.65962 0.79572 0.8325 0.76756 0.44192 0.79572 0.8325 0.58617 0.62331 0.76756 0.44192 0.58617 0.62331 0.38993 0.40079 0.76756 0.44192 0.76756 0.44192 0.38993 0.40079 0.55295 0.2377799 0.55295 0.2377799 0.38993 0.40079 0.29349 0.07849001 0.38993 0.40079 0.19524 0.1767399 0.29349 0.07849001 1.04538 0.40338 0.96861 0.65962 0.90887 0.24079 0.96861 0.65962 0.76756 0.44192 0.90887 0.24079 0.76756 0.44192 0.55295 0.2377799 0.90887 0.24079 0.90887 0.24079 0.55295 0.2377799 0.73971 0.11084 0.73971 0.11084 0.55295 0.2377799 0.5118 0.03964 0.55295 0.2377799 0.29349 0.07849001 0.5118 0.03964 1.04538 0.40338 0.90887 0.24079 0.99861 0.001489996 0.90887 0.24079 0.73971 0.11084 0.99861 0.001489996 0.73971 0.11084 0.5118 0.03964 0.99861 0.001489996 0.28492 0.99435 0.001589953 0.99851 0.19083 0.90233 0.19083 0.90233 0.001589953 0.99851 0.1259 0.78114 0.1259 0.78114 0.001589953 0.99851 0.07750999 0.64342 0.60079 0.96761 0.28492 0.99435 0.40953 0.78001 0.28492 0.99435 0.19083 0.90233 0.40953 0.78001 0.19083 0.90233 0.1259 0.78114 0.40953 0.78001 0.40953 0.78001 0.1259 0.78114 0.26687 0.54379 0.26687 0.54379 0.1259 0.78114 0.15062 0.28118 0.1259 0.78114 0.07750999 0.64342 0.15062 0.28118 0.79189 0.83633 0.60079 0.96761 0.58226 0.62722 0.60079 0.96761 0.40953 0.78001 0.58226 0.62722 0.40953 0.78001 0.26687 0.54379 0.58226 0.62722 0.58226 0.62722 0.26687 0.54379 0.39533 0.3954 0.39533 0.3954 0.26687 0.54379 0.20338 0.1686 0.26687 0.54379 0.15062 0.28118 0.20338 0.1686 0.96377 0.66445 0.79189 0.83633 0.76362 0.44586 0.79189 0.83633 0.58226 0.62722 0.76362 0.44586 0.58226 0.62722 0.39533 0.3954 0.76362 0.44586 0.76362 0.44586 0.39533 0.3954 0.55888 0.23185 0.55888 0.23185 0.39533 0.3954 0.31454 0.05743002 0.39533 0.3954 0.20338 0.1686 0.31454 0.05743002 1.0432 0.40556 0.96377 0.66445 0.90696 0.2426999 0.96377 0.66445 0.76362 0.44586 0.90696 0.2426999 0.76362 0.44586 0.55888 0.23185 0.90696 0.2426999 0.90696 0.2426999 0.55888 0.23185 0.74288 0.10767 0.74288 0.10767 0.55888 0.23185 0.53166 0.01977998 0.55888 0.23185 0.31454 0.05743002 0.53166 0.01977998 1.0432 0.40556 0.90696 0.2426999 0.99861 0.001489996 0.90696 0.2426999 0.74288 0.10767 0.99861 0.001489996 0.74288 0.10767 0.53166 0.01977998 0.99861 0.001489996 0.03646999 0.6844601 0.001589953 0.99851 0.1103399 0.79671 0.1103399 0.79671 0.001589953 0.99851 0.20933 0.88382 0.20933 0.88382 0.001589953 0.99851 0.33854 0.94073 0.08698999 0.34481 0.03646999 0.6844601 0.24235 0.56832 0.03646999 0.6844601 0.1103399 0.79671 0.24235 0.56832 0.1103399 0.79671 0.20933 0.88382 0.24235 0.56832 0.24235 0.56832 0.20933 0.88382 0.43915 0.75038 0.43915 0.75038 0.20933 0.88382 0.68797 0.88043 0.20933 0.88382 0.33854 0.94073 0.68797 0.88043 0.19668 0.1752899 0.08698999 0.34481 0.38823 0.40249 0.08698999 0.34481 0.24235 0.56832 0.38823 0.40249 0.24235 0.56832 0.43915 0.75038 0.38823 0.40249 0.38823 0.40249 0.43915 0.75038 0.59307 0.6164 0.59307 0.6164 0.43915 0.75038 0.81679 0.81144 0.43915 0.75038 0.68797 0.88043 0.81679 0.81144 0.34077 0.03119999 0.19668 0.1752899 0.56061 0.2301099 0.19668 0.1752899 0.38823 0.40249 0.56061 0.2301099 0.38823 0.40249 0.59307 0.6164 0.56061 0.2301099 0.56061 0.2301099 0.59307 0.6164 0.76225 0.44723 0.76225 0.44723 0.59307 0.6164 0.94073 0.68749 0.59307 0.6164 0.81679 0.81144 0.94073 0.68749 0.57292 -0.02147996 0.34077 0.03119999 0.75238 0.09816002 0.34077 0.03119999 0.56061 0.2301099 0.75238 0.09816002 0.56061 0.2301099 0.76225 0.44723 0.75238 0.09816002 0.75238 0.09816002 0.76225 0.44723 0.89537 0.25428 0.89537 0.25428 0.76225 0.44723 0.99186 0.4569 0.76225 0.44723 0.94073 0.68749 0.99186 0.4569 0.57292 -0.02147996 0.75238 0.09816002 0.99861 0.001489996 0.75238 0.09816002 0.89537 0.25428 0.99861 0.001489996 0.89537 0.25428 0.99186 0.4569 0.99861 0.001489996 0.04045999 0.68047 0.001589953 0.99851 0.11263 0.79442 0.11263 0.79442 0.001589953 0.99851 0.20667 0.88648 0.20667 0.88648 0.001589953 0.99851 0.32999 0.94927 0.09538996 0.3364 0.04045999 0.68047 0.24705 0.56361 0.04045999 0.68047 0.11263 0.79442 0.24705 0.56361 0.11263 0.79442 0.20667 0.88648 0.24705 0.56361 0.24705 0.56361 0.20667 0.88648 0.43279 0.75674 0.43279 0.75674 0.20667 0.88648 0.66899 0.89941 0.20667 0.88648 0.32999 0.94927 0.66899 0.89941 0.20464 0.1673399 0.09538996 0.3364 0.39414 0.39658 0.09538996 0.3364 0.24705 0.56361 0.39414 0.39658 0.24705 0.56361 0.43279 0.75674 0.39414 0.39658 0.39414 0.39658 0.43279 0.75674 0.58571 0.62376 0.58571 0.62376 0.43279 0.75674 0.79291 0.83531 0.43279 0.75674 0.66899 0.89941 0.79291 0.83531 0.34102 0.03096002 0.20464 0.1673399 0.56349 0.22723 0.20464 0.1673399 0.39414 0.39658 0.56349 0.22723 0.39414 0.39658 0.58571 0.62376 0.56349 0.22723 0.56349 0.22723 0.58571 0.62376 0.75663 0.45284 0.75663 0.45284 0.58571 0.62376 0.92314 0.70509 0.58571 0.62376 0.79291 0.83531 0.92314 0.70509 0.56805 -0.01661002 0.34102 0.03096002 0.75184 0.09871 0.34102 0.03096002 0.56349 0.22723 0.75184 0.09871 0.56349 0.22723 0.75663 0.45284 0.75184 0.09871 0.75184 0.09871 0.75663 0.45284 0.89457 0.25508 0.89457 0.25508 0.75663 0.45284 0.98875 0.46001 0.75663 0.45284 0.92314 0.70509 0.98875 0.46001 0.56805 -0.01661002 0.75184 0.09871 0.99861 0.001489996 0.75184 0.09871 0.89457 0.25508 0.99861 0.001489996 0.89457 0.25508 0.98875 0.46001 0.99861 0.001489996 0.01120996 0.70973 0.001589953 0.99851 0.10028 0.80676 0.10028 0.80676 0.001589953 0.99851 0.2172099 0.87594 0.2172099 0.87594 0.001589953 0.99851 0.3618 0.91747 0.04188996 0.38991 0.01120996 0.70973 0.22439 0.58627 0.01120996 0.70973 0.10028 0.80676 0.22439 0.58627 0.10028 0.80676 0.2172099 0.87594 0.22439 0.58627 0.22439 0.58627 0.2172099 0.87594 0.45293 0.73661 0.45293 0.73661 0.2172099 0.87594 0.72814 0.84026 0.2172099 0.87594 0.3618 0.91747 0.72814 0.84026 0.16906 0.20292 0.04188996 0.38991 0.37613 0.4146 0.04188996 0.38991 0.22439 0.58627 0.37613 0.4146 0.22439 0.58627 0.45293 0.73661 0.37613 0.4146 0.37613 0.4146 0.45293 0.73661 0.60238 0.6071 0.60238 0.6071 0.45293 0.73661 0.83418 0.79405 0.45293 0.73661 0.72814 0.84026 0.83418 0.79405 0.33512 0.03684997 0.16906 0.20292 0.55558 0.2351499 0.16906 0.20292 0.37613 0.4146 0.55558 0.2351499 0.37613 0.4146 0.60238 0.6071 0.55558 0.2351499 0.55558 0.2351499 0.60238 0.6071 0.76657 0.4429 0.76657 0.4429 0.60238 0.6071 0.93665 0.6915701 0.60238 0.6071 0.83418 0.79405 0.93665 0.6915701 0.58822 -0.03677999 0.33512 0.03684997 0.75613 0.09442001 0.33512 0.03684997 0.55558 0.2351499 0.75613 0.09442001 0.55558 0.2351499 0.76657 0.4429 0.75613 0.09442001 0.75613 0.09442001 0.76657 0.4429 0.89251 0.25714 0.89251 0.25714 0.76657 0.4429 0.97221 0.47655 0.76657 0.4429 0.93665 0.6915701 0.97221 0.47655 0.58822 -0.03677999 0.75613 0.09442001 0.99861 0.001489996 0.75613 0.09442001 0.89251 0.25714 0.99861 0.001489996 0.89251 0.25714 0.97221 0.47655 0.99861 0.001489996 0.29763 0.98163 0.001589953 0.99851 0.19555 0.89761 0.19555 0.89761 0.001589953 0.99851 0.12256 0.78449 0.12256 0.78449 0.001589953 0.99851 0.06633996 0.6546 0.62326 0.94514 0.29763 0.98163 0.41767 0.77186 0.29763 0.98163 0.19555 0.89761 0.41767 0.77186 0.19555 0.89761 0.12256 0.78449 0.41767 0.77186 0.41767 0.77186 0.12256 0.78449 0.26248 0.54818 0.26248 0.54818 0.12256 0.78449 0.13462 0.29718 0.12256 0.78449 0.06633996 0.6546 0.13462 0.29718 0.80538 0.82284 0.62326 0.94514 0.58581 0.62366 0.62326 0.94514 0.41767 0.77186 0.58581 0.62366 0.41767 0.77186 0.26248 0.54818 0.58581 0.62366 0.58581 0.62366 0.26248 0.54818 0.39565 0.39508 0.39565 0.39508 0.26248 0.54818 0.2094399 0.16253 0.26248 0.54818 0.13462 0.29718 0.2094399 0.16253 0.96839 0.65984 0.80538 0.82284 0.76407 0.44541 0.80538 0.82284 0.58581 0.62366 0.76407 0.44541 0.58581 0.62366 0.39565 0.39508 0.76407 0.44541 0.76407 0.44541 0.39565 0.39508 0.56264 0.2280799 0.56264 0.2280799 0.39565 0.39508 0.33583 0.03614997 0.39565 0.39508 0.2094399 0.16253 0.33583 0.03614997 1.03729 0.41147 0.96839 0.65984 0.90416 0.2455 0.96839 0.65984 0.76407 0.44541 0.90416 0.2455 0.76407 0.44541 0.56264 0.2280799 0.90416 0.2455 0.90416 0.2455 0.56264 0.2280799 0.74733 0.1032199 0.74733 0.1032199 0.56264 0.2280799 0.55399 -0.002550005 0.56264 0.2280799 0.33583 0.03614997 0.55399 -0.002550005 1.03729 0.41147 0.90416 0.2455 0.99861 0.001489996 0.90416 0.2455 0.74733 0.1032199 0.99861 0.001489996 0.74733 0.1032199 0.55399 -0.002550005 0.99861 0.001489996 0.33283 0.94644 0.001589953 0.99851 0.21014 0.88301 0.21014 0.88301 0.001589953 0.99851 0.11296 0.79409 0.11296 0.79409 0.001589953 0.99851 0.05110996 0.66982 0.68311 0.8853 0.33283 0.94644 0.44263 0.7469 0.33283 0.94644 0.21014 0.88301 0.44263 0.7469 0.21014 0.88301 0.11296 0.79409 0.44263 0.7469 0.44263 0.7469 0.11296 0.79409 0.24353 0.56713 0.24353 0.56713 0.11296 0.79409 0.10473 0.32707 0.11296 0.79409 0.05110996 0.66982 0.10473 0.32707 0.83517 0.79306 0.68311 0.8853 0.60376 0.6057201 0.68311 0.8853 0.44263 0.7469 0.60376 0.6057201 0.44263 0.7469 0.24353 0.56713 0.60376 0.6057201 0.60376 0.6057201 0.24353 0.56713 0.37969 0.41104 0.37969 0.41104 0.24353 0.56713 0.18035 0.19163 0.24353 0.56713 0.10473 0.32707 0.18035 0.19163 0.96262 0.6656 0.83517 0.79306 0.77047 0.439 0.83517 0.79306 0.60376 0.6057201 0.77047 0.439 0.60376 0.6057201 0.37969 0.41104 0.77047 0.439 0.77047 0.439 0.37969 0.41104 0.55064 0.2400799 0.55064 0.2400799 0.37969 0.41104 0.31172 0.06025999 0.37969 0.41104 0.18035 0.19163 0.31172 0.06025999 1.00675 0.44201 0.96262 0.6656 0.89746 0.2522 0.96262 0.6656 0.77047 0.439 0.89746 0.2522 0.77047 0.439 0.55064 0.2400799 0.89746 0.2522 0.89746 0.2522 0.55064 0.2400799 0.74765 0.1029 0.74765 0.1029 0.55064 0.2400799 0.5523 -8.59976e-4 0.55064 0.2400799 0.31172 0.06025999 0.5523 -8.59976e-4 1.00675 0.44201 0.89746 0.2522 0.99861 0.001489996 0.89746 0.2522 0.74765 0.1029 0.99861 0.001489996 0.74765 0.1029 0.5523 -8.59976e-4 0.99861 0.001489996 0.04605996 0.67487 0.001589953 0.99851 0.11378 0.79327 0.11378 0.79327 0.001589953 0.99851 0.2078199 0.88534 0.2078199 0.88534 0.001589953 0.99851 0.33566 0.94361 0.1027 0.3291 0.04605996 0.67487 0.24775 0.56292 0.04605996 0.67487 0.11378 0.79327 0.24775 0.56292 0.11378 0.79327 0.2078199 0.88534 0.24775 0.56292 0.24775 0.56292 0.2078199 0.88534 0.43596 0.75358 0.43596 0.75358 0.2078199 0.88534 0.68205 0.88636 0.2078199 0.88534 0.33566 0.94361 0.68205 0.88636 0.20322 0.1687499 0.1027 0.3291 0.39167 0.39905 0.1027 0.3291 0.24775 0.56292 0.39167 0.39905 0.24775 0.56292 0.43596 0.75358 0.39167 0.39905 0.39167 0.39905 0.43596 0.75358 0.59084 0.61864 0.59084 0.61864 0.43596 0.75358 0.81135 0.81687 0.43596 0.75358 0.68205 0.88636 0.81135 0.81687 0.33675 0.03522998 0.20322 0.1687499 0.56086 0.22987 0.20322 0.1687499 0.39167 0.39905 0.56086 0.22987 0.39167 0.39905 0.59084 0.61864 0.56086 0.22987 0.56086 0.22987 0.59084 0.61864 0.76057 0.44891 0.76057 0.44891 0.59084 0.61864 0.93673 0.69149 0.59084 0.61864 0.81135 0.81687 0.93673 0.69149 0.56286 -0.01142001 0.33675 0.03522998 0.74975 0.1007999 0.33675 0.03522998 0.56086 0.22987 0.74975 0.1007999 0.56086 0.22987 0.76057 0.44891 0.74975 0.1007999 0.74975 0.1007999 0.76057 0.44891 0.89604 0.25362 0.89604 0.25362 0.76057 0.44891 0.99334 0.45542 0.76057 0.44891 0.93673 0.69149 0.99334 0.45542 0.56286 -0.01142001 0.74975 0.1007999 0.99861 0.001489996 0.74975 0.1007999 0.89604 0.25362 0.99861 0.001489996 0.89604 0.25362 0.99334 0.45542 0.99861 0.001489996 0.05711996 0.66381 0.001589953 0.99851 0.12048 0.78656 0.12048 0.78656 0.001589953 0.99851 0.20086 0.89229 0.20086 0.89229 0.001589953 0.99851 0.31056 0.96871 0.11681 0.31499 0.05711996 0.66381 0.25691 0.55376 0.05711996 0.66381 0.12048 0.78656 0.25691 0.55376 0.12048 0.78656 0.20086 0.89229 0.25691 0.55376 0.25691 0.55376 0.20086 0.89229 0.42817 0.76136 0.42817 0.76136 0.20086 0.89229 0.64886 0.91954 0.20086 0.89229 0.31056 0.96871 0.64886 0.91954 0.19074 0.18124 0.11681 0.31499 0.38467 0.40606 0.11681 0.31499 0.25691 0.55376 0.38467 0.40606 0.25691 0.55376 0.42817 0.76136 0.38467 0.40606 0.38467 0.40606 0.42817 0.76136 0.59648 0.61299 0.59648 0.61299 0.42817 0.76136 0.82909 0.79913 0.42817 0.76136 0.64886 0.91954 0.82909 0.79913 0.31868 0.05330002 0.19074 0.18124 0.54875 0.24197 0.19074 0.18124 0.38467 0.40606 0.54875 0.24197 0.38467 0.40606 0.59648 0.61299 0.54875 0.24197 0.54875 0.24197 0.59648 0.61299 0.77393 0.43555 0.77393 0.43555 0.59648 0.61299 0.9839 0.64433 0.59648 0.61299 0.82909 0.79913 0.9839 0.64433 0.54832 0.003130018 0.31868 0.05330002 0.74041 0.11013 0.31868 0.05330002 0.54875 0.24197 0.74041 0.11013 0.54875 0.24197 0.77393 0.43555 0.74041 0.11013 0.74041 0.11013 0.77393 0.43555 0.90557 0.24408 0.90557 0.24408 0.77393 0.43555 1.0298 0.41896 0.77393 0.43555 0.9839 0.64433 1.0298 0.41896 0.54832 0.003130018 0.74041 0.11013 0.99861 0.001489996 0.74041 0.11013 0.90557 0.24408 0.99861 0.001489996 0.90557 0.24408 1.0298 0.41896 0.99861 0.001489996 0.35003 0.92924 0.001589953 0.99851 0.21827 0.87489 0.21827 0.87489 0.001589953 0.99851 0.10326 0.80379 0.10326 0.80379 0.001589953 0.99851 0.01368999 0.70724 0.70476 0.86364 0.35003 0.92924 0.45234 0.73719 0.35003 0.92924 0.21827 0.87489 0.45234 0.73719 0.21827 0.87489 0.10326 0.80379 0.45234 0.73719 0.45234 0.73719 0.10326 0.80379 0.23067 0.57999 0.23067 0.57999 0.10326 0.80379 0.04930996 0.38249 0.10326 0.80379 0.01368999 0.70724 0.04930996 0.38249 0.80965 0.81857 0.70476 0.86364 0.59303 0.61645 0.70476 0.86364 0.45234 0.73719 0.59303 0.61645 0.45234 0.73719 0.23067 0.57999 0.59303 0.61645 0.59303 0.61645 0.23067 0.57999 0.38344 0.40728 0.38344 0.40728 0.23067 0.57999 0.18301 0.18896 0.23067 0.57999 0.04930996 0.38249 0.18301 0.18896 0.91748 0.71074 0.80965 0.81857 0.75252 0.45695 0.80965 0.81857 0.59303 0.61645 0.75252 0.45695 0.59303 0.61645 0.38344 0.40728 0.75252 0.45695 0.75252 0.45695 0.38344 0.40728 0.56328 0.22745 0.56328 0.22745 0.38344 0.40728 0.35001 0.02196997 0.38344 0.40728 0.18301 0.18896 0.35001 0.02196997 0.96957 0.47919 0.91748 0.71074 0.88411 0.26554 0.91748 0.71074 0.75252 0.45695 0.88411 0.26554 0.75252 0.45695 0.56328 0.22745 0.88411 0.26554 0.88411 0.26554 0.56328 0.22745 0.75794 0.09259998 0.75794 0.09259998 0.56328 0.22745 0.58806 -0.03662002 0.56328 0.22745 0.35001 0.02196997 0.58806 -0.03662002 0.96957 0.47919 0.88411 0.26554 0.99861 0.001489996 0.88411 0.26554 0.75794 0.09259998 0.99861 0.001489996 0.75794 0.09259998 0.58806 -0.03662002 0.99861 0.001489996 0.3162 0.96306 0.001589953 0.99851 0.20328 0.88987 0.20328 0.88987 0.001589953 0.99851 0.11656 0.79049 0.11656 0.79049 0.001589953 0.99851 0.05760997 0.66332 0.64397 0.92443 0.3162 0.96306 0.42551 0.76402 0.3162 0.96306 0.20328 0.88987 0.42551 0.76402 0.20328 0.88987 0.11656 0.79049 0.42551 0.76402 0.42551 0.76402 0.11656 0.79049 0.25313 0.55754 0.25313 0.55754 0.11656 0.79049 0.12289 0.30891 0.11656 0.79049 0.05760997 0.66332 0.12289 0.30891 0.77933 0.8489 0.64397 0.92443 0.57648 0.633 0.64397 0.92443 0.42551 0.76402 0.57648 0.633 0.42551 0.76402 0.25313 0.55754 0.57648 0.633 0.57648 0.633 0.25313 0.55754 0.39655 0.39418 0.39655 0.39418 0.25313 0.55754 0.21107 0.1608999 0.25313 0.55754 0.12289 0.30891 0.21107 0.1608999 0.9307 0.69753 0.77933 0.8489 0.75076 0.45872 0.77933 0.8489 0.57648 0.633 0.75076 0.45872 0.57648 0.633 0.39655 0.39418 0.75076 0.45872 0.75076 0.45872 0.39655 0.39418 0.56378 0.2269499 0.56378 0.2269499 0.39655 0.39418 0.33326 0.03872001 0.39655 0.39418 0.21107 0.1608999 0.33326 0.03872001 1.00753 0.44123 0.9307 0.69753 0.89484 0.25481 0.9307 0.69753 0.75076 0.45872 0.89484 0.25481 0.75076 0.45872 0.56378 0.2269499 0.89484 0.25481 0.89484 0.25481 0.56378 0.2269499 0.749 0.1015499 0.749 0.1015499 0.56378 0.2269499 0.54912 0.002330005 0.56378 0.2269499 0.33326 0.03872001 0.54912 0.002330005 1.00753 0.44123 0.89484 0.25481 0.99861 0.001489996 0.89484 0.25481 0.749 0.1015499 0.99861 0.001489996 0.749 0.1015499 0.54912 0.002330005 0.99861 0.001489996 0.07321995 0.64771 0.001589953 0.99851 0.1267 0.78035 0.1267 0.78035 0.001589953 0.99851 0.19603 0.89713 0.19603 0.89713 0.001589953 0.99851 0.29372 0.98555 0.14232 0.28948 0.07321995 0.64771 0.26645 0.54422 0.07321995 0.64771 0.1267 0.78035 0.26645 0.54422 0.1267 0.78035 0.19603 0.89713 0.26645 0.54422 0.26645 0.54422 0.19603 0.89713 0.41947 0.77006 0.41947 0.77006 0.19603 0.89713 0.61883 0.94957 0.19603 0.89713 0.29372 0.98555 0.61883 0.94957 0.1923 0.1796799 0.14232 0.28948 0.38812 0.40261 0.14232 0.28948 0.26645 0.54422 0.38812 0.40261 0.26645 0.54422 0.41947 0.77006 0.38812 0.40261 0.38812 0.40261 0.41947 0.77006 0.5915 0.61798 0.5915 0.61798 0.41947 0.77006 0.81079 0.81743 0.41947 0.77006 0.61883 0.94957 0.81079 0.81743 0.30133 0.07064002 0.1923 0.1796799 0.54728 0.2434399 0.1923 0.1796799 0.38812 0.40261 0.54728 0.2434399 0.38812 0.40261 0.5915 0.61798 0.54728 0.2434399 0.54728 0.2434399 0.5915 0.61798 0.77168 0.43779 0.77168 0.43779 0.5915 0.61798 0.97791 0.65031 0.5915 0.61798 0.81079 0.81743 0.97791 0.65031 0.52641 0.02503001 0.30133 0.07064002 0.73582 0.11473 0.30133 0.07064002 0.54728 0.2434399 0.73582 0.11473 0.54728 0.2434399 0.77168 0.43779 0.73582 0.11473 0.73582 0.11473 0.77168 0.43779 0.90726 0.2423899 0.90726 0.2423899 0.77168 0.43779 1.03708 0.41168 0.77168 0.43779 0.97791 0.65031 1.03708 0.41168 0.52641 0.02503001 0.73582 0.11473 0.99861 0.001489996 0.73582 0.11473 0.90726 0.2423899 0.99861 0.001489996 0.90726 0.2423899 1.03708 0.41168 0.99861 0.001489996 0.05258995 0.66834 0.001589953 0.99851 0.11704 0.79 0.11704 0.79 0.001589953 0.99851 0.20408 0.88908 0.20408 0.88908 0.001589953 0.99851 0.32139 0.95788 0.10706 0.32474 0.05258995 0.66834 0.24998 0.56068 0.05258995 0.66834 0.11704 0.79 0.24998 0.56068 0.11704 0.79 0.20408 0.88908 0.24998 0.56068 0.24998 0.56068 0.20408 0.88908 0.43323 0.7563 0.43323 0.7563 0.20408 0.88908 0.66634 0.90206 0.20408 0.88908 0.32139 0.95788 0.66634 0.90206 0.17925 0.19273 0.10706 0.32474 0.3792 0.41152 0.10706 0.32474 0.24998 0.56068 0.3792 0.41152 0.24998 0.56068 0.43323 0.7563 0.3792 0.41152 0.3792 0.41152 0.43323 0.7563 0.59963 0.60984 0.59963 0.60984 0.43323 0.7563 0.83436 0.79386 0.43323 0.7563 0.66634 0.90206 0.83436 0.79386 0.30858 0.06339001 0.17925 0.19273 0.54521 0.2455199 0.17925 0.19273 0.3792 0.41152 0.54521 0.2455199 0.3792 0.41152 0.59963 0.60984 0.54521 0.2455199 0.54521 0.2455199 0.59963 0.60984 0.77391 0.43556 0.77391 0.43556 0.59963 0.60984 0.97614 0.65208 0.59963 0.60984 0.83436 0.79386 0.97614 0.65208 0.54739 0.004050016 0.30858 0.06339001 0.7416 0.10895 0.30858 0.06339001 0.54521 0.2455199 0.7416 0.10895 0.54521 0.2455199 0.77391 0.43556 0.7416 0.10895 0.7416 0.10895 0.77391 0.43556 0.90286 0.2467899 0.90286 0.2467899 0.77391 0.43556 1.01552 0.43323 0.77391 0.43556 0.97614 0.65208 1.01552 0.43323 0.54739 0.004050016 0.7416 0.10895 0.99861 0.001489996 0.7416 0.10895 0.90286 0.2467899 0.99861 0.001489996 0.90286 0.2467899 1.01552 0.43323 0.99861 0.001489996 0.07230997 0.64862 0.001589953 0.99851 0.12757 0.77948 0.12757 0.77948 0.001589953 0.99851 0.19638 0.89678 0.19638 0.89678 0.001589953 0.99851 0.29712 0.98214 0.14314 0.28866 0.07230997 0.64862 0.26942 0.54125 0.07230997 0.64862 0.12757 0.77948 0.26942 0.54125 0.12757 0.77948 0.19638 0.89678 0.26942 0.54125 0.26942 0.54125 0.19638 0.89678 0.41966 0.76988 0.41966 0.76988 0.19638 0.89678 0.62384 0.94456 0.19638 0.89678 0.29712 0.98214 0.62384 0.94456 0.20412 0.1678599 0.14314 0.28866 0.39393 0.3968 0.14314 0.28866 0.26942 0.54125 0.39393 0.3968 0.26942 0.54125 0.41966 0.76988 0.39393 0.3968 0.39393 0.3968 0.41966 0.76988 0.58994 0.61953 0.58994 0.61953 0.41966 0.76988 0.81096 0.81726 0.41966 0.76988 0.62384 0.94456 0.81096 0.81726 0.31931 0.05267 0.20412 0.1678599 0.55371 0.23701 0.20412 0.1678599 0.39393 0.3968 0.55371 0.23701 0.39393 0.3968 0.58994 0.61953 0.55371 0.23701 0.55371 0.23701 0.58994 0.61953 0.76993 0.43954 0.76993 0.43954 0.58994 0.61953 0.97614 0.65208 0.58994 0.61953 0.81096 0.81726 0.97614 0.65208 0.53873 0.01270997 0.31931 0.05267 0.73913 0.1114199 0.31931 0.05267 0.55371 0.23701 0.73913 0.1114199 0.55371 0.23701 0.76993 0.43954 0.73913 0.1114199 0.73913 0.1114199 0.76993 0.43954 0.90602 0.24364 0.90602 0.24364 0.76993 0.43954 1.03476 0.414 0.76993 0.43954 0.97614 0.65208 1.03476 0.414 0.53873 0.01270997 0.73913 0.1114199 0.99861 0.001489996 0.73913 0.1114199 0.90602 0.24364 0.99861 0.001489996 0.90602 0.24364 1.03476 0.414 0.99861 0.001489996 0.07231998 0.64861 0.001589953 0.99851 0.12704 0.78001 0.12704 0.78001 0.001589953 0.99851 0.19692 0.89624 0.19692 0.89624 0.001589953 0.99851 0.29893 0.98034 0.14313 0.28867 0.07231998 0.64861 0.26842 0.54224 0.07231998 0.64861 0.12704 0.78001 0.26842 0.54224 0.12704 0.78001 0.19692 0.89624 0.26842 0.54224 0.26842 0.54224 0.19692 0.89624 0.4206 0.76894 0.4206 0.76894 0.19692 0.89624 0.62703 0.94137 0.19692 0.89624 0.29893 0.98034 0.62703 0.94137 0.2037799 0.1682 0.14313 0.28867 0.39319 0.39753 0.14313 0.28867 0.26842 0.54224 0.39319 0.39753 0.26842 0.54224 0.4206 0.76894 0.39319 0.39753 0.39319 0.39753 0.4206 0.76894 0.59068 0.61879 0.59068 0.61879 0.4206 0.76894 0.81295 0.81527 0.4206 0.76894 0.62703 0.94137 0.81295 0.81527 0.31833 0.05365002 0.2037799 0.1682 0.55315 0.2375699 0.2037799 0.1682 0.39319 0.39753 0.55315 0.2375699 0.39319 0.39753 0.59068 0.61879 0.55315 0.2375699 0.55315 0.2375699 0.59068 0.61879 0.77033 0.43915 0.77033 0.43915 0.59068 0.61879 0.97652 0.6517 0.59068 0.61879 0.81295 0.81527 0.97652 0.6517 0.53813 0.01331001 0.31833 0.05365002 0.73913 0.1114199 0.31833 0.05365002 0.55315 0.2375699 0.73913 0.1114199 0.55315 0.2375699 0.77033 0.43915 0.73913 0.1114199 0.73913 0.1114199 0.77033 0.43915 0.90585 0.2438099 0.90585 0.2438099 0.77033 0.43915 1.03333 0.41543 0.77033 0.43915 0.97652 0.6517 1.03333 0.41543 0.53813 0.01331001 0.73913 0.1114199 0.99861 0.001489996 0.73913 0.1114199 0.90585 0.2438099 0.99861 0.001489996 0.90585 0.2438099 1.03333 0.41543 0.99861 0.001489996 0.34946 0.92981 0.001589953 0.99851 0.2222599 0.87089 0.2222599 0.87089 0.001589953 0.99851 0.10245 0.80459 0.10245 0.80459 0.001589953 0.99851 0.01646995 0.70447 0.70908 0.85932 0.34946 0.92981 0.46278 0.72676 0.34946 0.92981 0.2222599 0.87089 0.46278 0.72676 0.2222599 0.87089 0.10245 0.80459 0.46278 0.72676 0.46278 0.72676 0.10245 0.80459 0.22826 0.58241 0.22826 0.58241 0.10245 0.80459 0.05184996 0.37995 0.10245 0.80459 0.01646995 0.70447 0.05184996 0.37995 0.83761 0.79062 0.70908 0.85932 0.60879 0.60069 0.70908 0.85932 0.46278 0.72676 0.60879 0.60069 0.46278 0.72676 0.22826 0.58241 0.60879 0.60069 0.60879 0.60069 0.22826 0.58241 0.3777 0.41302 0.3777 0.41302 0.22826 0.58241 0.17768 0.1942899 0.22826 0.58241 0.05184996 0.37995 0.17768 0.1942899 0.95906 0.66916 0.83761 0.79062 0.76866 0.44081 0.83761 0.79062 0.60879 0.60069 0.76866 0.44081 0.60879 0.60069 0.3777 0.41302 0.76866 0.44081 0.76866 0.44081 0.3777 0.41302 0.55815 0.23258 0.55815 0.23258 0.3777 0.41302 0.34472 0.02724999 0.3777 0.41302 0.17768 0.1942899 0.34472 0.02724999 0.9968 0.45196 0.95906 0.66916 0.89123 0.25842 0.95906 0.66916 0.76866 0.44081 0.89123 0.25842 0.76866 0.44081 0.55815 0.23258 0.89123 0.25842 0.89123 0.25842 0.55815 0.23258 0.75561 0.09494 0.75561 0.09494 0.55815 0.23258 0.58663 -0.03518998 0.55815 0.23258 0.34472 0.02724999 0.58663 -0.03518998 0.9968 0.45196 0.89123 0.25842 0.99861 0.001489996 0.89123 0.25842 0.75561 0.09494 0.99861 0.001489996 0.75561 0.09494 0.58663 -0.03518998 0.99861 0.001489996 0.07908999 0.64184 0.001589953 0.99851 0.13094 0.77611 0.13094 0.77611 0.001589953 0.99851 0.19424 0.89891 0.19424 0.89891 0.001589953 0.99851 0.28986 0.98941 0.15321 0.27859 0.07908999 0.64184 0.27437 0.53629 0.07908999 0.64184 0.13094 0.77611 0.27437 0.53629 0.13094 0.77611 0.19424 0.89891 0.27437 0.53629 0.27437 0.53629 0.19424 0.89891 0.41605 0.77348 0.41605 0.77348 0.19424 0.89891 0.61162 0.95678 0.19424 0.89891 0.28986 0.98941 0.61162 0.95678 0.2035199 0.16846 0.15321 0.27859 0.3951 0.39563 0.15321 0.27859 0.27437 0.53629 0.3951 0.39563 0.27437 0.53629 0.41605 0.77348 0.3951 0.39563 0.3951 0.39563 0.41605 0.77348 0.58864 0.62083 0.58864 0.62083 0.41605 0.77348 0.80567 0.82255 0.41605 0.77348 0.61162 0.95678 0.80567 0.82255 0.31191 0.06006002 0.2035199 0.16846 0.55227 0.23846 0.2035199 0.16846 0.3951 0.39563 0.55227 0.23846 0.3951 0.39563 0.58864 0.62083 0.55227 0.23846 0.55227 0.23846 0.58864 0.62083 0.76996 0.43952 0.76996 0.43952 0.58864 0.62083 0.97676 0.65147 0.58864 0.62083 0.80567 0.82255 0.97676 0.65147 0.52979 0.02165001 0.31191 0.06006002 0.73619 0.11435 0.31191 0.06006002 0.55227 0.23846 0.73619 0.11435 0.55227 0.23846 0.76996 0.43952 0.73619 0.11435 0.73619 0.11435 0.76996 0.43952 0.90755 0.2421 0.90755 0.2421 0.76996 0.43952 1.04089 0.40787 0.76996 0.43952 0.97676 0.65147 1.04089 0.40787 0.52979 0.02165001 0.73619 0.11435 0.99861 0.001489996 0.73619 0.11435 0.90755 0.2421 0.99861 0.001489996 0.90755 0.2421 1.04089 0.40787 0.99861 0.001489996 0.34351 0.93575 0.001589953 0.99851 0.21461 0.87855 0.21461 0.87855 0.001589953 0.99851 0.10778 0.79926 0.10778 0.79926 0.001589953 0.99851 0.03118997 0.68975 0.69409 0.87431 0.34351 0.93575 0.44622 0.74331 0.34351 0.93575 0.21461 0.87855 0.44622 0.74331 0.21461 0.87855 0.10778 0.79926 0.44622 0.74331 0.44622 0.74331 0.10778 0.79926 0.23859 0.57207 0.23859 0.57207 0.10778 0.79926 0.08056998 0.35123 0.10778 0.79926 0.03118997 0.68975 0.08056998 0.35123 0.80938 0.81885 0.69409 0.87431 0.59018 0.61929 0.69409 0.87431 0.44622 0.74331 0.59018 0.61929 0.44622 0.74331 0.23859 0.57207 0.59018 0.61929 0.59018 0.61929 0.23859 0.57207 0.38915 0.40157 0.38915 0.40157 0.23859 0.57207 0.20317 0.16881 0.23859 0.57207 0.08056998 0.35123 0.20317 0.16881 0.9246 0.70363 0.80938 0.81885 0.75195 0.45752 0.80938 0.81885 0.59018 0.61929 0.75195 0.45752 0.59018 0.61929 0.38915 0.40157 0.75195 0.45752 0.75195 0.45752 0.38915 0.40157 0.56607 0.22465 0.56607 0.22465 0.38915 0.40157 0.35519 0.01678997 0.38915 0.40157 0.20317 0.16881 0.35519 0.01678997 0.97996 0.4688 0.9246 0.70363 0.88653 0.26313 0.9246 0.70363 0.75195 0.45752 0.88653 0.26313 0.75195 0.45752 0.56607 0.22465 0.88653 0.26313 0.88653 0.26313 0.56607 0.22465 0.75632 0.09422999 0.75632 0.09422999 0.56607 0.22465 0.57761 -0.02617001 0.56607 0.22465 0.35519 0.01678997 0.57761 -0.02617001 0.97996 0.4688 0.88653 0.26313 0.99861 0.001489996 0.88653 0.26313 0.75632 0.09422999 0.99861 0.001489996 0.75632 0.09422999 0.57761 -0.02617001 0.99861 0.001489996 0.07905 0.64189 0.001589953 0.99851 0.12745 0.7796 0.12745 0.7796 0.001589953 0.99851 0.19728 0.89588 0.19728 0.89588 0.001589953 0.99851 0.29918 0.98009 0.15276 0.27904 0.07905 0.64189 0.26784 0.54282 0.07905 0.64189 0.12745 0.7796 0.26784 0.54282 0.12745 0.7796 0.19728 0.89588 0.26784 0.54282 0.26784 0.54282 0.19728 0.89588 0.42079 0.76875 0.42079 0.76875 0.19728 0.89588 0.62673 0.94167 0.19728 0.89588 0.29918 0.98009 0.62673 0.94167 0.19986 0.1721199 0.15276 0.27904 0.39108 0.39965 0.15276 0.27904 0.26784 0.54282 0.39108 0.39965 0.26784 0.54282 0.42079 0.76875 0.39108 0.39965 0.39108 0.39965 0.42079 0.76875 0.59171 0.61776 0.59171 0.61776 0.42079 0.76875 0.81179 0.81643 0.42079 0.76875 0.62673 0.94167 0.81179 0.81643 0.30297 0.069 0.19986 0.1721199 0.54944 0.2412899 0.19986 0.1721199 0.39108 0.39965 0.54944 0.2412899 0.39108 0.39965 0.59171 0.61776 0.54944 0.2412899 0.54944 0.2412899 0.59171 0.61776 0.77061 0.43886 0.77061 0.43886 0.59171 0.61776 0.97295 0.65527 0.59171 0.61776 0.81179 0.81643 0.97295 0.65527 0.52506 0.02638 0.30297 0.069 0.73724 0.1133099 0.30297 0.069 0.54944 0.2412899 0.73724 0.1133099 0.54944 0.2412899 0.77061 0.43886 0.73724 0.1133099 0.73724 0.1133099 0.77061 0.43886 0.90535 0.2443 0.90535 0.2443 0.77061 0.43886 1.02858 0.42018 0.77061 0.43886 0.97295 0.65527 1.02858 0.42018 0.52506 0.02638 0.73724 0.1133099 0.99861 0.001489996 0.73724 0.1133099 0.90535 0.2443 0.99861 0.001489996 0.90535 0.2443 1.02858 0.42018 0.99861 0.001489996 0.07274997 0.64819 0.001589953 0.99851 0.12473 0.78231 0.12473 0.78231 0.001589953 0.99851 0.19947 0.89369 0.19947 0.89369 0.001589953 0.99851 0.30726 0.97201 0.14244 0.28936 0.07274997 0.64819 0.26341 0.54725 0.07274997 0.64819 0.12473 0.78231 0.26341 0.54725 0.12473 0.78231 0.19947 0.89369 0.26341 0.54725 0.26341 0.54725 0.19947 0.89369 0.42455 0.76498 0.42455 0.76498 0.19947 0.89369 0.64084 0.92756 0.19947 0.89369 0.30726 0.97201 0.64084 0.92756 0.1976799 0.17429 0.14244 0.28936 0.38897 0.40176 0.14244 0.28936 0.26341 0.54725 0.38897 0.40176 0.26341 0.54725 0.42455 0.76498 0.38897 0.40176 0.38897 0.40176 0.42455 0.76498 0.59394 0.61553 0.59394 0.61553 0.42455 0.76498 0.81975 0.80847 0.42455 0.76498 0.64084 0.92756 0.81975 0.80847 0.30706 0.06492 0.1976799 0.17429 0.54917 0.24155 0.1976799 0.17429 0.38897 0.40176 0.54917 0.24155 0.38897 0.40176 0.59394 0.61553 0.54917 0.24155 0.54917 0.24155 0.59394 0.61553 0.77143 0.43805 0.77143 0.43805 0.59394 0.61553 0.97398 0.65424 0.59394 0.61553 0.81975 0.80847 0.97398 0.65424 0.53191 0.01952999 0.30706 0.06492 0.73886 0.1116899 0.30706 0.06492 0.54917 0.24155 0.73886 0.1116899 0.54917 0.24155 0.77143 0.43805 0.73886 0.1116899 0.73886 0.1116899 0.77143 0.43805 0.90428 0.2453699 0.90428 0.2453699 0.77143 0.43805 1.02291 0.42585 0.77143 0.43805 0.97398 0.65424 1.02291 0.42585 0.53191 0.01952999 0.73886 0.1116899 0.99861 0.001489996 0.73886 0.1116899 0.90428 0.2453699 0.99861 0.001489996 0.90428 0.2453699 1.02291 0.42585 0.99861 0.001489996 -0.01011997 0.73106 0.001589953 0.99851 0.09337997 0.81366 0.09337997 0.81366 0.001589953 0.99851 0.21762 0.87554 0.21762 0.87554 0.001589953 0.99851 0.32277 0.95649 0.002649962 0.42915 -0.01011997 0.73106 0.21128 0.59939 -0.01011997 0.73106 0.09337997 0.81366 0.21128 0.59939 0.09337997 0.81366 0.21762 0.87554 0.21128 0.59939 0.21128 0.59939 0.21762 0.87554 0.45496 0.73457 0.45496 0.73457 0.21762 0.87554 0.66158 0.90682 0.21762 0.87554 0.32277 0.95649 0.66158 0.90682 0.14437 0.2276099 0.002649962 0.42915 0.36539 0.42533 0.002649962 0.42915 0.21128 0.59939 0.36539 0.42533 0.21128 0.59939 0.45496 0.73457 0.36539 0.42533 0.36539 0.42533 0.45496 0.73457 0.60767 0.6018 0.60767 0.6018 0.45496 0.73457 0.81376 0.81446 0.45496 0.73457 0.66158 0.90682 0.81376 0.81446 0.33365 0.03833001 0.14437 0.2276099 0.55063 0.24009 0.14437 0.2276099 0.36539 0.42533 0.55063 0.24009 0.36539 0.42533 0.60767 0.6018 0.55063 0.24009 0.55063 0.24009 0.60767 0.6018 0.77311 0.43636 0.77311 0.43636 0.60767 0.6018 0.96103 0.6672 0.60767 0.6018 0.81376 0.81446 0.96103 0.6672 0.60311 -0.05166995 0.33365 0.03833001 0.75744 0.09311002 0.33365 0.03833001 0.55063 0.24009 0.75744 0.09311002 0.55063 0.24009 0.77311 0.43636 0.75744 0.09311002 0.75744 0.09311002 0.77311 0.43636 0.89576 0.25389 0.89576 0.25389 0.77311 0.43636 1.01003 0.43873 0.77311 0.43636 0.96103 0.6672 1.01003 0.43873 0.60311 -0.05166995 0.75744 0.09311002 0.99861 0.001489996 0.75744 0.09311002 0.89576 0.25389 0.99861 0.001489996 0.89576 0.25389 1.01003 0.43873 0.99861 0.001489996 0.10017 0.62077 0.001589953 0.99851 0.1358 0.77124 0.1358 0.77124 0.001589953 0.99851 0.19245 0.90071 0.19245 0.90071 0.001589953 0.99851 0.28263 0.99664 0.18617 0.24563 0.10017 0.62077 0.28076 0.52991 0.10017 0.62077 0.1358 0.77124 0.28076 0.52991 0.1358 0.77124 0.19245 0.90071 0.28076 0.52991 0.28076 0.52991 0.19245 0.90071 0.41243 0.7771 0.41243 0.7771 0.19245 0.90071 0.59802 0.97038 0.19245 0.90071 0.28263 0.99664 0.59802 0.97038 0.20327 0.1687099 0.18617 0.24563 0.39596 0.39477 0.18617 0.24563 0.28076 0.52991 0.39596 0.39477 0.28076 0.52991 0.41243 0.7771 0.39596 0.39477 0.39596 0.39477 0.41243 0.7771 0.58778 0.6217 0.58778 0.6217 0.41243 0.7771 0.79706 0.83116 0.41243 0.7771 0.59802 0.97038 0.79706 0.83116 0.28559 0.08638 0.20327 0.1687099 0.54788 0.2428399 0.20327 0.1687099 0.39596 0.39477 0.54788 0.2428399 0.39596 0.39477 0.58778 0.6217 0.54788 0.2428399 0.54788 0.2428399 0.58778 0.6217 0.76983 0.43965 0.76983 0.43965 0.58778 0.6217 0.97275 0.65548 0.58778 0.6217 0.79706 0.83116 0.97275 0.65548 0.50135 0.05010002 0.28559 0.08638 0.73104 0.1195099 0.28559 0.08638 0.54788 0.2428399 0.73104 0.1195099 0.54788 0.2428399 0.76983 0.43965 0.73104 0.1195099 0.73104 0.1195099 0.76983 0.43965 0.90844 0.2412099 0.90844 0.2412099 0.76983 0.43965 1.04259 0.40617 0.76983 0.43965 0.97275 0.65548 1.04259 0.40617 0.50135 0.05010002 0.73104 0.1195099 0.99861 0.001489996 0.73104 0.1195099 0.90844 0.2412099 0.99861 0.001489996 0.90844 0.2412099 1.04259 0.40617 0.99861 0.001489996 0.01782 0.70312 0.001589953 0.99851 0.10409 0.80295 0.10409 0.80295 0.001589953 0.99851 0.2118999 0.88126 0.2118999 0.88126 0.001589953 0.99851 0.3448 0.93446 0.05685997 0.37493 0.01782 0.70312 0.23281 0.57786 0.01782 0.70312 0.10409 0.80295 0.23281 0.57786 0.10409 0.80295 0.2118999 0.88126 0.23281 0.57786 0.23281 0.57786 0.2118999 0.88126 0.44249 0.74704 0.44249 0.74704 0.2118999 0.88126 0.69607 0.87233 0.2118999 0.88126 0.3448 0.93446 0.69607 0.87233 0.18676 0.18522 0.05685997 0.37493 0.38562 0.4051 0.05685997 0.37493 0.23281 0.57786 0.38562 0.4051 0.23281 0.57786 0.44249 0.74704 0.38562 0.4051 0.38562 0.4051 0.44249 0.74704 0.59153 0.61795 0.59153 0.61795 0.44249 0.74704 0.8076 0.82062 0.44249 0.74704 0.69607 0.87233 0.8076 0.82062 0.3476 0.02438002 0.18676 0.18522 0.56297 0.22775 0.18676 0.18522 0.38562 0.4051 0.56297 0.22775 0.38562 0.4051 0.59153 0.61795 0.56297 0.22775 0.56297 0.22775 0.59153 0.61795 0.75863 0.45084 0.75863 0.45084 0.59153 0.61795 0.92229 0.70593 0.59153 0.61795 0.8076 0.82062 0.92229 0.70593 0.58955 -0.03811001 0.3476 0.02438002 0.75801 0.09253001 0.3476 0.02438002 0.56297 0.22775 0.75801 0.09253001 0.56297 0.22775 0.75863 0.45084 0.75801 0.09253001 0.75801 0.09253001 0.75863 0.45084 0.89095 0.2587 0.89095 0.2587 0.75863 0.45084 0.97298 0.47578 0.75863 0.45084 0.92229 0.70593 0.97298 0.47578 0.58955 -0.03811001 0.75801 0.09253001 0.99861 0.001489996 0.75801 0.09253001 0.89095 0.2587 0.99861 0.001489996 0.89095 0.2587 0.97298 0.47578 0.99861 0.001489996 0.29628 0.98299 0.001589953 0.99851 0.1957499 0.8974 0.1957499 0.8974 0.001589953 0.99851 0.1216199 0.78542 0.1216199 0.78542 0.001589953 0.99851 0.07157999 0.64936 0.62263 0.94577 0.29628 0.98299 0.41902 0.77052 0.29628 0.98299 0.1957499 0.8974 0.41902 0.77052 0.1957499 0.8974 0.1216199 0.78542 0.41902 0.77052 0.41902 0.77052 0.1216199 0.78542 0.2593 0.55137 0.2593 0.55137 0.1216199 0.78542 0.14125 0.29055 0.1216199 0.78542 0.07157999 0.64936 0.14125 0.29055 0.80978 0.81845 0.62263 0.94577 0.5902 0.61928 0.62263 0.94577 0.41902 0.77052 0.5902 0.61928 0.41902 0.77052 0.2593 0.55137 0.5902 0.61928 0.5902 0.61928 0.2593 0.55137 0.38965 0.40107 0.38965 0.40107 0.2593 0.55137 0.20046 0.1715199 0.2593 0.55137 0.14125 0.29055 0.20046 0.1715199 0.97256 0.65566 0.80978 0.81845 0.76855 0.44092 0.80978 0.81845 0.5902 0.61928 0.76855 0.44092 0.5902 0.61928 0.38965 0.40107 0.76855 0.44092 0.76855 0.44092 0.38965 0.40107 0.55589 0.23483 0.55589 0.23483 0.38965 0.40107 0.31555 0.05642002 0.38965 0.40107 0.20046 0.1715199 0.31555 0.05642002 1.03897 0.40979 0.97256 0.65566 0.90662 0.24304 0.97256 0.65566 0.76855 0.44092 0.90662 0.24304 0.76855 0.44092 0.55589 0.23483 0.90662 0.24304 0.90662 0.24304 0.55589 0.23483 0.74351 0.1070399 0.74351 0.1070399 0.55589 0.23483 0.53515 0.01629 0.55589 0.23483 0.31555 0.05642002 0.53515 0.01629 1.03897 0.40979 0.90662 0.24304 0.99861 0.001489996 0.90662 0.24304 0.74351 0.1070399 0.99861 0.001489996 0.74351 0.1070399 0.53515 0.01629 0.99861 0.001489996 0.32825 0.95101 0.001589953 0.99851 0.2103 0.88285 0.2103 0.88285 0.001589953 0.99851 0.10939 0.79765 0.10939 0.79765 0.001589953 0.99851 0.03634995 0.68458 0.67883 0.88957 0.32825 0.95101 0.44535 0.74418 0.32825 0.95101 0.2103 0.88285 0.44535 0.74418 0.2103 0.88285 0.10939 0.79765 0.44535 0.74418 0.44535 0.74418 0.10939 0.79765 0.23574 0.57493 0.23574 0.57493 0.10939 0.79765 0.074 0.3578 0.10939 0.79765 0.03634995 0.68458 0.074 0.3578 0.83742 0.79081 0.67883 0.88957 0.60871 0.60077 0.67883 0.88957 0.44535 0.74418 0.60871 0.60077 0.44535 0.74418 0.23574 0.57493 0.60871 0.60077 0.60871 0.60077 0.23574 0.57493 0.37042 0.4203 0.37042 0.4203 0.23574 0.57493 0.14912 0.22285 0.23574 0.57493 0.074 0.3578 0.14912 0.22285 0.96572 0.6625 0.83742 0.79081 0.77334 0.43613 0.83742 0.79081 0.60871 0.60077 0.77334 0.43613 0.60871 0.60077 0.37042 0.4203 0.77334 0.43613 0.77334 0.43613 0.37042 0.4203 0.54658 0.24414 0.54658 0.24414 0.37042 0.4203 0.30024 0.07173997 0.37042 0.4203 0.14912 0.22285 0.30024 0.07173997 1.01238 0.43638 0.96572 0.6625 0.89943 0.25023 0.96572 0.6625 0.77334 0.43613 0.89943 0.25023 0.77334 0.43613 0.54658 0.24414 0.89943 0.25023 0.89943 0.25023 0.54658 0.24414 0.74739 0.10315 0.74739 0.10315 0.54658 0.24414 0.55525 -0.003810048 0.54658 0.24414 0.30024 0.07173997 0.55525 -0.003810048 1.01238 0.43638 0.89943 0.25023 0.99861 0.001489996 0.89943 0.25023 0.74739 0.10315 0.99861 0.001489996 0.74739 0.10315 0.55525 -0.003810048 0.99861 0.001489996 0.31935 0.95992 0.001589953 0.99851 0.20515 0.888 0.20515 0.888 0.001589953 0.99851 0.1146 0.79245 0.1146 0.79245 0.001589953 0.99851 0.05432999 0.6666 0.66221 0.90619 0.31935 0.95992 0.43512 0.75441 0.31935 0.95992 0.20515 0.888 0.43512 0.75441 0.20515 0.888 0.1146 0.79245 0.43512 0.75441 0.43512 0.75441 0.1146 0.79245 0.24612 0.5645501 0.24612 0.5645501 0.1146 0.79245 0.10928 0.32252 0.1146 0.79245 0.05432999 0.6666 0.10928 0.32252 0.82936 0.79886 0.66221 0.90619 0.60075 0.60872 0.66221 0.90619 0.43512 0.75441 0.60075 0.60872 0.43512 0.75441 0.24612 0.5645501 0.60075 0.60872 0.60075 0.60872 0.24612 0.5645501 0.38002 0.41071 0.38002 0.41071 0.24612 0.5645501 0.17773 0.1942499 0.24612 0.5645501 0.10928 0.32252 0.17773 0.1942499 0.96851 0.65972 0.82936 0.79886 0.77134 0.43814 0.82936 0.79886 0.60075 0.60872 0.77134 0.43814 0.60075 0.60872 0.38002 0.41071 0.77134 0.43814 0.77134 0.43814 0.38002 0.41071 0.55024 0.24049 0.55024 0.24049 0.38002 0.41071 0.30542 0.06655997 0.38002 0.41071 0.17773 0.1942499 0.30542 0.06655997 1.01808 0.43068 0.96851 0.65972 0.90132 0.2483299 0.96851 0.65972 0.77134 0.43814 0.90132 0.2483299 0.77134 0.43814 0.55024 0.24049 0.90132 0.2483299 0.90132 0.2483299 0.55024 0.24049 0.7457 0.1048499 0.7457 0.1048499 0.55024 0.24049 0.54316 0.008279979 0.55024 0.24049 0.30542 0.06655997 0.54316 0.008279979 1.01808 0.43068 0.90132 0.2483299 0.99861 0.001489996 0.90132 0.2483299 0.7457 0.1048499 0.99861 0.001489996 0.7457 0.1048499 0.54316 0.008279979 0.99861 0.001489996 0.02288997 0.69805 0.001589953 0.99851 0.10637 0.80067 0.10637 0.80067 0.001589953 0.99851 0.2101899 0.88297 0.2101899 0.88297 0.001589953 0.99851 0.33909 0.94018 0.06384998 0.36795 0.02288997 0.69805 0.2356899 0.57498 0.02288997 0.69805 0.10637 0.80067 0.2356899 0.57498 0.10637 0.80067 0.2101899 0.88297 0.2356899 0.57498 0.2356899 0.57498 0.2101899 0.88297 0.43886 0.75068 0.43886 0.75068 0.2101899 0.88297 0.68493 0.88347 0.2101899 0.88297 0.33909 0.94018 0.68493 0.88347 0.18581 0.1861699 0.06384998 0.36795 0.38628 0.40445 0.06384998 0.36795 0.2356899 0.57498 0.38628 0.40445 0.2356899 0.57498 0.43886 0.75068 0.38628 0.40445 0.38628 0.40445 0.43886 0.75068 0.59018 0.61929 0.59018 0.61929 0.43886 0.75068 0.8006 0.82762 0.43886 0.75068 0.68493 0.88347 0.8006 0.82762 0.33855 0.03342998 0.18581 0.1861699 0.56041 0.2303199 0.18581 0.1861699 0.38628 0.40445 0.56041 0.2303199 0.38628 0.40445 0.59018 0.61929 0.56041 0.2303199 0.56041 0.2303199 0.59018 0.61929 0.75835 0.45113 0.75835 0.45113 0.59018 0.61929 0.92045 0.70777 0.59018 0.61929 0.8006 0.82762 0.92045 0.70777 0.5781 -0.02665996 0.33855 0.03342998 0.75409 0.09645998 0.33855 0.03342998 0.56041 0.2303199 0.75409 0.09645998 0.56041 0.2303199 0.75835 0.45113 0.75409 0.09645998 0.75409 0.09645998 0.75835 0.45113 0.89286 0.2568 0.89286 0.2568 0.75835 0.45113 0.97759 0.47117 0.75835 0.45113 0.92045 0.70777 0.97759 0.47117 0.5781 -0.02665996 0.75409 0.09645998 0.99861 0.001489996 0.75409 0.09645998 0.89286 0.2568 0.99861 0.001489996 0.89286 0.2568 0.97759 0.47117 0.99861 0.001489996 0.28373 0.99553 0.001589953 0.99851 0.19056 0.90259 0.19056 0.90259 0.001589953 0.99851 0.12638 0.78067 0.12638 0.78067 0.001589953 0.99851 0.08218997 0.63874 0.60006 0.96834 0.28373 0.99553 0.40965 0.77989 0.28373 0.99553 0.19056 0.90259 0.40965 0.77989 0.19056 0.90259 0.12638 0.78067 0.40965 0.77989 0.40965 0.77989 0.12638 0.78067 0.26683 0.54384 0.26683 0.54384 0.12638 0.78067 0.15744 0.27436 0.12638 0.78067 0.08218997 0.63874 0.15744 0.27436 0.79571 0.83251 0.60006 0.96834 0.58451 0.62497 0.60006 0.96834 0.40965 0.77989 0.58451 0.62497 0.40965 0.77989 0.26683 0.54384 0.58451 0.62497 0.58451 0.62497 0.26683 0.54384 0.39354 0.39719 0.39354 0.39719 0.26683 0.54384 0.2019 0.1700699 0.26683 0.54384 0.15744 0.27436 0.2019 0.1700699 0.96881 0.65942 0.79571 0.83251 0.76621 0.44326 0.79571 0.83251 0.58451 0.62497 0.76621 0.44326 0.58451 0.62497 0.39354 0.39719 0.76621 0.44326 0.76621 0.44326 0.39354 0.39719 0.55639 0.2343299 0.55639 0.2343299 0.39354 0.39719 0.30748 0.06449997 0.39354 0.39719 0.2019 0.1700699 0.30748 0.06449997 1.04669 0.40206 0.96881 0.65942 0.90871 0.2409399 0.96881 0.65942 0.76621 0.44326 0.90871 0.2409399 0.76621 0.44326 0.55639 0.2343299 0.90871 0.2409399 0.90871 0.2409399 0.55639 0.2343299 0.74095 0.1096 0.74095 0.1096 0.55639 0.2343299 0.52364 0.02780997 0.55639 0.2343299 0.30748 0.06449997 0.52364 0.02780997 1.04669 0.40206 0.90871 0.2409399 0.99861 0.001489996 0.90871 0.2409399 0.74095 0.1096 0.99861 0.001489996 0.74095 0.1096 0.52364 0.02780997 0.99861 0.001489996 0.30547 0.97379 0.001589953 0.99851 0.19957 0.89358 0.19957 0.89358 0.001589953 0.99851 0.11905 0.78799 0.11905 0.78799 0.001589953 0.99851 0.06888997 0.65204 0.63816 0.93024 0.30547 0.97379 0.42534 0.7642 0.30547 0.97379 0.19957 0.89358 0.42534 0.7642 0.19957 0.89358 0.11905 0.78799 0.42534 0.7642 0.42534 0.7642 0.11905 0.78799 0.25384 0.55682 0.25384 0.55682 0.11905 0.78799 0.13471 0.29709 0.11905 0.78799 0.06888997 0.65204 0.13471 0.29709 0.81777 0.81045 0.63816 0.93024 0.59507 0.6144101 0.63816 0.93024 0.42534 0.7642 0.59507 0.6144101 0.42534 0.7642 0.25384 0.55682 0.59507 0.6144101 0.59507 0.6144101 0.25384 0.55682 0.38516 0.40557 0.38516 0.40557 0.25384 0.55682 0.18989 0.1820799 0.25384 0.55682 0.13471 0.29709 0.18989 0.1820799 0.97018 0.65805 0.81777 0.81045 0.77013 0.43935 0.81777 0.81045 0.59507 0.6144101 0.77013 0.43935 0.59507 0.6144101 0.38516 0.40557 0.77013 0.43935 0.77013 0.43935 0.38516 0.40557 0.5521 0.2386299 0.5521 0.2386299 0.38516 0.40557 0.30294 0.06902998 0.38516 0.40557 0.18989 0.1820799 0.30294 0.06902998 1.0283 0.42046 0.97018 0.65805 0.90428 0.2453699 0.97018 0.65805 0.77013 0.43935 0.90428 0.2453699 0.77013 0.43935 0.5521 0.2386299 0.90428 0.2453699 0.90428 0.2453699 0.5521 0.2386299 0.7435 0.10705 0.7435 0.10705 0.5521 0.2386299 0.5297 0.02174001 0.5521 0.2386299 0.30294 0.06902998 0.5297 0.02174001 1.0283 0.42046 0.90428 0.2453699 0.99861 0.001489996 0.90428 0.2453699 0.7435 0.10705 0.99861 0.001489996 0.7435 0.10705 0.5297 0.02174001 0.99861 0.001489996 0.01907998 0.70186 0.001589953 0.99851 0.10248 0.80457 0.10248 0.80457 0.001589953 0.99851 0.21628 0.87687 0.21628 0.87687 0.001589953 0.99851 0.34678 0.93248 0.05600994 0.37579 0.01907998 0.70186 0.22812 0.58255 0.01907998 0.70186 0.10248 0.80457 0.22812 0.58255 0.10248 0.80457 0.21628 0.87687 0.22812 0.58255 0.22812 0.58255 0.21628 0.87687 0.45321 0.73632 0.45321 0.73632 0.21628 0.87687 0.70533 0.86307 0.21628 0.87687 0.34678 0.93248 0.70533 0.86307 0.17813 0.19384 0.05600994 0.37579 0.37626 0.41447 0.05600994 0.37579 0.22812 0.58255 0.37626 0.41447 0.22812 0.58255 0.45321 0.73632 0.37626 0.41447 0.37626 0.41447 0.45321 0.73632 0.60645 0.60303 0.60645 0.60303 0.45321 0.73632 0.8403 0.78792 0.45321 0.73632 0.70533 0.86307 0.8403 0.78792 0.3409 0.03108 0.17813 0.19384 0.55451 0.2362099 0.17813 0.19384 0.37626 0.41447 0.55451 0.2362099 0.37626 0.41447 0.60645 0.60303 0.55451 0.2362099 0.55451 0.2362099 0.60645 0.60303 0.77321 0.43627 0.77321 0.43627 0.60645 0.60303 0.96661 0.66161 0.60645 0.60303 0.8403 0.78792 0.96661 0.66161 0.58872 -0.03727996 0.3409 0.03108 0.75446 0.09609001 0.3409 0.03108 0.55451 0.2362099 0.75446 0.09609001 0.55451 0.2362099 0.77321 0.43627 0.75446 0.09609001 0.75446 0.09609001 0.77321 0.43627 0.89726 0.2524 0.89726 0.2524 0.77321 0.43627 1.00408 0.44468 0.77321 0.43627 0.96661 0.66161 1.00408 0.44468 0.58872 -0.03727996 0.75446 0.09609001 0.99861 0.001489996 0.75446 0.09609001 0.89726 0.2524 0.99861 0.001489996 0.89726 0.2524 1.00408 0.44468 0.99861 0.001489996 0.09481 0.62613 0.001589953 0.99851 0.1377699 0.76927 0.1377699 0.76927 0.001589953 0.99851 0.18931 0.90385 0.18931 0.90385 0.001589953 0.99851 0.26923 1.01003 0.16716 0.26464 0.09481 0.62613 0.27841 0.53226 0.09481 0.62613 0.1377699 0.76927 0.27841 0.53226 0.1377699 0.76927 0.18931 0.90385 0.27841 0.53226 0.27841 0.53226 0.18931 0.90385 0.40827 0.78126 0.40827 0.78126 0.18931 0.90385 0.57891 0.98949 0.18931 0.90385 0.26923 1.01003 0.57891 0.98949 0.16337 0.2085999 0.16716 0.26464 0.37939 0.41134 0.16716 0.26464 0.27841 0.53226 0.37939 0.41134 0.27841 0.53226 0.40827 0.78126 0.37939 0.41134 0.37939 0.41134 0.40827 0.78126 0.59163 0.61784 0.59163 0.61784 0.40827 0.78126 0.80281 0.82542 0.40827 0.78126 0.57891 0.98949 0.80281 0.82542 0.2458299 0.12615 0.16337 0.2085999 0.52825 0.26247 0.16337 0.2085999 0.37939 0.41134 0.52825 0.26247 0.37939 0.41134 0.59163 0.61784 0.52825 0.26247 0.52825 0.26247 0.59163 0.61784 0.77491 0.43457 0.77491 0.43457 0.59163 0.61784 0.98774 0.6404801 0.59163 0.61784 0.80281 0.82542 0.98774 0.6404801 0.48287 0.06857001 0.2458299 0.12615 0.72076 0.1297799 0.2458299 0.12615 0.52825 0.26247 0.72076 0.1297799 0.52825 0.26247 0.77491 0.43457 0.72076 0.1297799 0.72076 0.1297799 0.77491 0.43457 0.91281 0.23684 0.91281 0.23684 0.77491 0.43457 1.05905 0.38971 0.77491 0.43457 0.98774 0.6404801 1.05905 0.38971 0.48287 0.06857001 0.72076 0.1297799 0.99861 0.001489996 0.72076 0.1297799 0.91281 0.23684 0.99861 0.001489996 0.91281 0.23684 1.05905 0.38971 0.99861 0.001489996 0.00691998 0.71401 0.001589953 0.99851 0.09794998 0.80909 0.09794998 0.80909 0.001589953 0.99851 0.22047 0.87268 0.22047 0.87268 0.001589953 0.99851 0.36421 0.91505 0.03631997 0.39548 0.00691998 0.71401 0.22101 0.58966 0.00691998 0.71401 0.09794998 0.80909 0.22101 0.58966 0.09794998 0.80909 0.22047 0.87268 0.22101 0.58966 0.22101 0.58966 0.22047 0.87268 0.45825 0.73128 0.45825 0.73128 0.22047 0.87268 0.73124 0.83717 0.22047 0.87268 0.36421 0.91505 0.73124 0.83717 0.17158 0.2003999 0.03631997 0.39548 0.37582 0.4149 0.03631997 0.39548 0.22101 0.58966 0.37582 0.4149 0.22101 0.58966 0.45825 0.73128 0.37582 0.4149 0.37582 0.4149 0.45825 0.73128 0.60525 0.60422 0.60525 0.60422 0.45825 0.73128 0.83695 0.79127 0.45825 0.73128 0.73124 0.83717 0.83695 0.79127 0.34286 0.02912002 0.17158 0.2003999 0.55716 0.2335699 0.17158 0.2003999 0.37582 0.4149 0.55716 0.2335699 0.37582 0.4149 0.60525 0.60422 0.55716 0.2335699 0.55716 0.2335699 0.60525 0.60422 0.76786 0.44161 0.76786 0.44161 0.60525 0.60422 0.9423 0.68592 0.60525 0.60422 0.83695 0.79127 0.9423 0.68592 0.59787 -0.04642999 0.34286 0.02912002 0.75909 0.09145998 0.34286 0.02912002 0.55716 0.2335699 0.75909 0.09145998 0.55716 0.2335699 0.76786 0.44161 0.75909 0.09145998 0.75909 0.09145998 0.76786 0.44161 0.89109 0.25856 0.89109 0.25856 0.76786 0.44161 0.97567 0.47309 0.76786 0.44161 0.9423 0.68592 0.97567 0.47309 0.59787 -0.04642999 0.75909 0.09145998 0.99861 0.001489996 0.75909 0.09145998 0.89109 0.25856 0.99861 0.001489996 0.89109 0.25856 0.97567 0.47309 0.99861 0.001489996 0.35267 0.9266 0.001589953 0.99851 0.22842 0.86473 0.22842 0.86473 0.001589953 0.99851 0.09611999 0.81093 0.09611999 0.81093 0.001589953 0.99851 -0.01346999 0.73441 0.7093 0.8591 0.35267 0.9266 0.4698 0.71974 0.35267 0.9266 0.22842 0.86473 0.4698 0.71974 0.22842 0.86473 0.09611999 0.81093 0.4698 0.71974 0.4698 0.71974 0.09611999 0.81093 0.21681 0.59386 0.21681 0.59386 0.09611999 0.81093 -0.001369953 0.43316 0.09611999 0.81093 -0.01346999 0.73441 -0.001369953 0.43316 0.81744 0.81078 0.7093 0.8591 0.6059 0.60358 0.7093 0.8591 0.4698 0.71974 0.6059 0.60358 0.4698 0.71974 0.21681 0.59386 0.6059 0.60358 0.6059 0.60358 0.21681 0.59386 0.37368 0.41705 0.37368 0.41705 0.21681 0.59386 0.14938 0.2225999 0.21681 0.59386 -0.001369953 0.43316 0.14938 0.2225999 0.92497 0.70325 0.81744 0.81078 0.75771 0.45177 0.81744 0.81078 0.6059 0.60358 0.75771 0.45177 0.6059 0.60358 0.37368 0.41705 0.75771 0.45177 0.75771 0.45177 0.37368 0.41705 0.55812 0.2326099 0.55812 0.2326099 0.37368 0.41705 0.3408 0.03118002 0.37368 0.41705 0.14938 0.2225999 0.3408 0.03118002 0.97258 0.47618 0.92497 0.70325 0.88156 0.2681 0.92497 0.70325 0.75771 0.45177 0.88156 0.2681 0.75771 0.45177 0.55812 0.2326099 0.88156 0.2681 0.88156 0.2681 0.55812 0.2326099 0.75974 0.09079998 0.75974 0.09079998 0.55812 0.2326099 0.60603 -0.05457997 0.55812 0.2326099 0.3408 0.03118002 0.60603 -0.05457997 0.97258 0.47618 0.88156 0.2681 0.99861 0.001489996 0.88156 0.2681 0.75974 0.09079998 0.99861 0.001489996 0.75974 0.09079998 0.60603 -0.05457997 0.99861 0.001489996 0.01756 0.70338 0.001589953 0.99851 0.11597 0.79108 0.11597 0.79108 0.001589953 0.99851 0.19612 0.89704 0.19612 0.89704 0.001589953 0.99851 0.27265 1.00661 0.04598999 0.38581 0.01756 0.70338 0.24829 0.56238 0.01756 0.70338 0.11597 0.79108 0.24829 0.56238 0.11597 0.79108 0.19612 0.89704 0.24829 0.56238 0.24829 0.56238 0.19612 0.89704 0.41758 0.77196 0.41758 0.77196 0.19612 0.89704 0.57635 0.99205 0.19612 0.89704 0.27265 1.00661 0.57635 0.99205 0.15146 0.22052 0.04598999 0.38581 0.38198 0.40875 0.04598999 0.38581 0.24829 0.56238 0.38198 0.40875 0.24829 0.56238 0.41758 0.77196 0.38198 0.40875 0.38198 0.40875 0.41758 0.77196 0.58802 0.62146 0.58802 0.62146 0.41758 0.77196 0.77481 0.85341 0.41758 0.77196 0.57635 0.99205 0.77481 0.85341 0.31267 0.05931001 0.15146 0.22052 0.54895 0.24177 0.15146 0.22052 0.38198 0.40875 0.54895 0.24177 0.38198 0.40875 0.58802 0.62146 0.54895 0.24177 0.54895 0.24177 0.58802 0.62146 0.76763 0.44185 0.76763 0.44185 0.58802 0.62146 0.96023 0.66799 0.58802 0.62146 0.77481 0.85341 0.96023 0.66799 0.57636 -0.02491998 0.31267 0.05931001 0.74493 0.10562 0.31267 0.05931001 0.54895 0.24177 0.74493 0.10562 0.54895 0.24177 0.76763 0.44185 0.74493 0.10562 0.74493 0.10562 0.76763 0.44185 0.90413 0.2455199 0.90413 0.2455199 0.76763 0.44185 1.04469 0.40407 0.76763 0.44185 0.96023 0.66799 1.04469 0.40407 0.57636 -0.02491998 0.74493 0.10562 0.99861 0.001489996 0.74493 0.10562 0.90413 0.2455199 0.99861 0.001489996 0.90413 0.2455199 1.04469 0.40407 0.99861 0.001489996 0.32546 0.9538 0.001589953 0.99851 0.2075 0.88566 0.2075 0.88566 0.001589953 0.99851 0.11211 0.79494 0.11211 0.79494 0.001589953 0.99851 0.04396998 0.67697 0.6608 0.9076 0.32546 0.9538 0.43308 0.75645 0.32546 0.9538 0.2075 0.88566 0.43308 0.75645 0.2075 0.88566 0.11211 0.79494 0.43308 0.75645 0.43308 0.75645 0.11211 0.79494 0.24634 0.56433 0.24634 0.56433 0.11211 0.79494 0.10283 0.32897 0.11211 0.79494 0.04396998 0.67697 0.10283 0.32897 0.78715 0.84107 0.6608 0.9076 0.58037 0.6291 0.6608 0.9076 0.43308 0.75645 0.58037 0.6291 0.43308 0.75645 0.24634 0.56433 0.58037 0.6291 0.58037 0.6291 0.24634 0.56433 0.39415 0.39658 0.39415 0.39658 0.24634 0.56433 0.21272 0.1592599 0.24634 0.56433 0.10283 0.32897 0.21272 0.1592599 0.92151 0.70672 0.78715 0.84107 0.74859 0.46088 0.78715 0.84107 0.58037 0.6291 0.74859 0.46088 0.58037 0.6291 0.39415 0.39658 0.74859 0.46088 0.74859 0.46088 0.39415 0.39658 0.56673 0.22399 0.56673 0.22399 0.39415 0.39658 0.34945 0.02252 0.39415 0.39658 0.21272 0.1592599 0.34945 0.02252 0.99333 0.45542 0.92151 0.70672 0.89017 0.25948 0.92151 0.70672 0.74859 0.46088 0.89017 0.25948 0.74859 0.46088 0.56673 0.22399 0.89017 0.25948 0.89017 0.25948 0.56673 0.22399 0.75351 0.09703999 0.75351 0.09703999 0.56673 0.22399 0.56492 -0.01347994 0.56673 0.22399 0.34945 0.02252 0.56492 -0.01347994 0.99333 0.45542 0.89017 0.25948 0.99861 0.001489996 0.89017 0.25948 0.75351 0.09703999 0.99861 0.001489996 0.75351 0.09703999 0.56492 -0.01347994 0.99861 0.001489996 0.05702996 0.6639 0.001589953 0.99851 0.12088 0.78617 0.12088 0.78617 0.001589953 0.99851 0.2018 0.89136 0.2018 0.89136 0.001589953 0.99851 0.31467 0.96459 0.11828 0.31351 0.05702996 0.6639 0.25851 0.55216 0.05702996 0.6639 0.12088 0.78617 0.25851 0.55216 0.12088 0.78617 0.2018 0.89136 0.25851 0.55216 0.25851 0.55216 0.2018 0.89136 0.4294 0.76013 0.4294 0.76013 0.2018 0.89136 0.65514 0.91326 0.2018 0.89136 0.31467 0.96459 0.65514 0.91326 0.1993899 0.17259 0.11828 0.31351 0.38843 0.4023 0.11828 0.31351 0.25851 0.55216 0.38843 0.4023 0.25851 0.55216 0.4294 0.76013 0.38843 0.4023 0.38843 0.4023 0.4294 0.76013 0.59633 0.61315 0.59633 0.61315 0.4294 0.76013 0.83143 0.7968 0.4294 0.76013 0.65514 0.91326 0.83143 0.7968 0.33096 0.04101002 0.1993899 0.17259 0.55272 0.2379999 0.1993899 0.17259 0.38843 0.4023 0.55272 0.2379999 0.38843 0.4023 0.59633 0.61315 0.55272 0.2379999 0.55272 0.2379999 0.59633 0.61315 0.77345 0.43603 0.77345 0.43603 0.59633 0.61315 0.98487 0.64336 0.59633 0.61315 0.83143 0.7968 0.98487 0.64336 0.55668 -0.005239963 0.33096 0.04101002 0.74246 0.1080899 0.33096 0.04101002 0.55272 0.2379999 0.74246 0.1080899 0.55272 0.2379999 0.77345 0.43603 0.74246 0.1080899 0.74246 0.1080899 0.77345 0.43603 0.90479 0.2448599 0.90479 0.2448599 0.77345 0.43603 1.02915 0.41961 0.77345 0.43603 0.98487 0.64336 1.02915 0.41961 0.55668 -0.005239963 0.74246 0.1080899 0.99861 0.001489996 0.74246 0.1080899 0.90479 0.2448599 0.99861 0.001489996 0.90479 0.2448599 1.02915 0.41961 0.99861 0.001489996 0.34459 0.93468 0.001589953 0.99851 0.21644 0.87672 0.21644 0.87672 0.001589953 0.99851 0.10357 0.80347 0.10357 0.80347 0.001589953 0.99851 0.01334995 0.70759 0.69401 0.87439 0.34459 0.93468 0.44839 0.74115 0.34459 0.93468 0.21644 0.87672 0.44839 0.74115 0.21644 0.87672 0.10357 0.80347 0.44839 0.74115 0.44839 0.74115 0.10357 0.80347 0.2319999 0.57867 0.2319999 0.57867 0.10357 0.80347 0.05063998 0.38116 0.10357 0.80347 0.01334995 0.70759 0.05063998 0.38116 0.79855 0.82967 0.69401 0.87439 0.58759 0.62188 0.69401 0.87439 0.44839 0.74115 0.58759 0.62188 0.44839 0.74115 0.2319999 0.57867 0.58759 0.62188 0.58759 0.62188 0.2319999 0.57867 0.38594 0.40479 0.38594 0.40479 0.2319999 0.57867 0.1891 0.1828799 0.2319999 0.57867 0.05063998 0.38116 0.1891 0.1828799 0.90994 0.71828 0.79855 0.82967 0.748 0.46148 0.79855 0.82967 0.58759 0.62188 0.748 0.46148 0.58759 0.62188 0.38594 0.40479 0.748 0.46148 0.748 0.46148 0.38594 0.40479 0.56596 0.2247599 0.56596 0.2247599 0.38594 0.40479 0.35713 0.01485002 0.38594 0.40479 0.1891 0.1828799 0.35713 0.01485002 0.96791 0.48085 0.90994 0.71828 0.88226 0.2674 0.90994 0.71828 0.748 0.46148 0.88226 0.2674 0.748 0.46148 0.56596 0.2247599 0.88226 0.2674 0.88226 0.2674 0.56596 0.2247599 0.75949 0.09105002 0.75949 0.09105002 0.56596 0.2247599 0.59257 -0.04112005 0.56596 0.2247599 0.35713 0.01485002 0.59257 -0.04112005 0.96791 0.48085 0.88226 0.2674 0.99861 0.001489996 0.88226 0.2674 0.75949 0.09105002 0.99861 0.001489996 0.75949 0.09105002 0.59257 -0.04112005 0.99861 0.001489996 0.04389995 0.67704 0.001589953 0.99851 0.11268 0.79436 0.11268 0.79436 0.001589953 0.99851 0.20851 0.88465 0.20851 0.88465 0.001589953 0.99851 0.33611 0.94315 0.08890998 0.34289 0.04389995 0.67704 0.24082 0.56984 0.04389995 0.67704 0.11268 0.79436 0.24082 0.56984 0.11268 0.79436 0.20851 0.88465 0.24082 0.56984 0.24082 0.56984 0.20851 0.88465 0.44024 0.7493 0.44024 0.7493 0.20851 0.88465 0.69023 0.87818 0.20851 0.88465 0.33611 0.94315 0.69023 0.87818 0.1608 0.2111799 0.08890998 0.34289 0.37124 0.41949 0.08890998 0.34289 0.24082 0.56984 0.37124 0.41949 0.24082 0.56984 0.44024 0.7493 0.37124 0.41949 0.37124 0.41949 0.44024 0.7493 0.60459 0.60488 0.60459 0.60488 0.44024 0.7493 0.84157 0.78665 0.44024 0.7493 0.69023 0.87818 0.84157 0.78665 0.29999 0.07199001 0.1608 0.2111799 0.54134 0.24939 0.1608 0.2111799 0.37124 0.41949 0.54134 0.24939 0.37124 0.41949 0.60459 0.60488 0.54134 0.24939 0.54134 0.24939 0.60459 0.60488 0.77354 0.43594 0.77354 0.43594 0.60459 0.60488 0.9641 0.66413 0.60459 0.60488 0.84157 0.78665 0.9641 0.66413 0.55246 -0.001019954 0.29999 0.07199001 0.74384 0.1067 0.29999 0.07199001 0.54134 0.24939 0.74384 0.1067 0.54134 0.24939 0.77354 0.43594 0.74384 0.1067 0.74384 0.1067 0.77354 0.43594 0.89909 0.25056 0.89909 0.25056 0.77354 0.43594 0.99754 0.45122 0.77354 0.43594 0.9641 0.66413 0.99754 0.45122 0.55246 -0.001019954 0.74384 0.1067 0.99861 0.001489996 0.74384 0.1067 0.89909 0.25056 0.99861 0.001489996 0.89909 0.25056 0.99754 0.45122 0.99861 0.001489996 0.36047 0.9188 0.001589953 0.99851 0.22198 0.87118 0.22198 0.87118 0.001589953 0.99851 0.1014299 0.80561 0.1014299 0.80561 0.001589953 0.99851 0.007619976 0.71332 0.72187 0.84653 0.36047 0.9188 0.4582 0.73133 0.36047 0.9188 0.22198 0.87118 0.4582 0.73133 0.22198 0.87118 0.1014299 0.80561 0.4582 0.73133 0.4582 0.73133 0.1014299 0.80561 0.22697 0.58369 0.22697 0.58369 0.1014299 0.80561 0.03759998 0.3942 0.1014299 0.80561 0.007619976 0.71332 0.03759998 0.3942 0.8144 0.81382 0.72187 0.84653 0.59654 0.61294 0.72187 0.84653 0.4582 0.73133 0.59654 0.61294 0.4582 0.73133 0.22697 0.58369 0.59654 0.61294 0.59654 0.61294 0.22697 0.58369 0.38111 0.40962 0.38111 0.40962 0.22697 0.58369 0.1745 0.19748 0.22697 0.58369 0.03759998 0.3942 0.1745 0.19748 0.91138 0.71684 0.8144 0.81382 0.75302 0.45645 0.8144 0.81382 0.59654 0.61294 0.75302 0.45645 0.59654 0.61294 0.38111 0.40962 0.75302 0.45645 0.75302 0.45645 0.38111 0.40962 0.56184 0.2288799 0.56184 0.2288799 0.38111 0.40962 0.34622 0.02575999 0.38111 0.40962 0.1745 0.19748 0.34622 0.02575999 0.95966 0.4891 0.91138 0.71684 0.88243 0.26723 0.91138 0.71684 0.75302 0.45645 0.88243 0.26723 0.75302 0.45645 0.56184 0.2288799 0.88243 0.26723 0.88243 0.26723 0.56184 0.2288799 0.75821 0.09233999 0.75821 0.09233999 0.56184 0.2288799 0.59034 -0.03890001 0.56184 0.2288799 0.34622 0.02575999 0.59034 -0.03890001 0.95966 0.4891 0.88243 0.26723 0.99861 0.001489996 0.88243 0.26723 0.75821 0.09233999 0.99861 0.001489996 0.75821 0.09233999 0.59034 -0.03890001 0.99861 0.001489996 0.27214 1.00713 0.001589953 0.99851 0.18613 0.90703 0.18613 0.90703 0.001589953 0.99851 0.12993 0.77711 0.12993 0.77711 0.001589953 0.99851 0.07867997 0.64226 0.58186 0.98654 0.27214 1.00713 0.40245 0.78709 0.27214 1.00713 0.18613 0.90703 0.40245 0.78709 0.18613 0.90703 0.12993 0.77711 0.40245 0.78709 0.40245 0.78709 0.12993 0.77711 0.2704 0.54027 0.2704 0.54027 0.12993 0.77711 0.14714 0.28466 0.12993 0.77711 0.07867997 0.64226 0.14714 0.28466 0.80009 0.82813 0.58186 0.98654 0.58673 0.6227501 0.58186 0.98654 0.40245 0.78709 0.58673 0.6227501 0.40245 0.78709 0.2704 0.54027 0.58673 0.6227501 0.58673 0.6227501 0.2704 0.54027 0.39055 0.40018 0.39055 0.40018 0.2704 0.54027 0.18923 0.1827499 0.2704 0.54027 0.14714 0.28466 0.18923 0.1827499 0.98588 0.64235 0.80009 0.82813 0.77242 0.43705 0.80009 0.82813 0.58673 0.6227501 0.77242 0.43705 0.58673 0.6227501 0.39055 0.40018 0.77242 0.43705 0.77242 0.43705 0.39055 0.40018 0.54853 0.24219 0.54853 0.24219 0.39055 0.40018 0.29723 0.07475 0.39055 0.40018 0.18923 0.1827499 0.29723 0.07475 1.0582 0.39056 0.98588 0.64235 0.91315 0.2365099 0.98588 0.64235 0.77242 0.43705 0.91315 0.2365099 0.77242 0.43705 0.54853 0.24219 0.91315 0.2365099 0.91315 0.2365099 0.54853 0.24219 0.73487 0.11567 0.73487 0.11567 0.54853 0.24219 0.51472 0.03672999 0.54853 0.24219 0.29723 0.07475 0.51472 0.03672999 1.0582 0.39056 0.91315 0.2365099 0.99861 0.001489996 0.91315 0.2365099 0.73487 0.11567 0.99861 0.001489996 0.73487 0.11567 0.51472 0.03672999 0.99861 0.001489996 0.07225996 0.64867 0.001589953 0.99851 0.12607 0.78098 0.12607 0.78098 0.001589953 0.99851 0.19874 0.89441 0.19874 0.89441 0.001589953 0.99851 0.30589 0.97338 0.14304 0.28876 0.07225996 0.64867 0.26658 0.54408 0.07225996 0.64867 0.12607 0.78098 0.26658 0.54408 0.12607 0.78098 0.19874 0.89441 0.26658 0.54408 0.26658 0.54408 0.19874 0.89441 0.42389 0.76564 0.42389 0.76564 0.19874 0.89441 0.63986 0.92855 0.19874 0.89441 0.30589 0.97338 0.63986 0.92855 0.2047899 0.16719 0.14304 0.28876 0.39193 0.3988 0.14304 0.28876 0.26658 0.54408 0.39193 0.3988 0.26658 0.54408 0.42389 0.76564 0.39193 0.3988 0.39193 0.3988 0.42389 0.76564 0.59368 0.61579 0.59368 0.61579 0.42389 0.76564 0.82307 0.80516 0.42389 0.76564 0.63986 0.92855 0.82307 0.80516 0.31933 0.05264997 0.2047899 0.16719 0.5521 0.2386199 0.2047899 0.16719 0.39193 0.3988 0.5521 0.2386199 0.39193 0.3988 0.59368 0.61579 0.5521 0.2386199 0.5521 0.2386199 0.59368 0.61579 0.7724 0.43707 0.7724 0.43707 0.59368 0.61579 0.98153 0.64669 0.59368 0.61579 0.82307 0.80516 0.98153 0.64669 0.53912 0.01231998 0.31933 0.05264997 0.73905 0.1115 0.31933 0.05264997 0.5521 0.2386199 0.73905 0.1115 0.5521 0.2386199 0.7724 0.43707 0.73905 0.1115 0.73905 0.1115 0.7724 0.43707 0.90584 0.24382 0.90584 0.24382 0.7724 0.43707 1.03104 0.41772 0.7724 0.43707 0.98153 0.64669 1.03104 0.41772 0.53912 0.01231998 0.73905 0.1115 0.99861 0.001489996 0.73905 0.1115 0.90584 0.24382 0.99861 0.001489996 0.90584 0.24382 1.03104 0.41772 0.99861 0.001489996 0.09047996 0.63046 0.001589953 0.99851 0.13495 0.77209 0.13495 0.77209 0.001589953 0.99851 0.19319 0.89996 0.19319 0.89996 0.001589953 0.99851 0.28779 0.99147 0.1729699 0.25883 0.09047996 0.63046 0.28161 0.52906 0.09047996 0.63046 0.13495 0.77209 0.28161 0.52906 0.13495 0.77209 0.19319 0.89996 0.28161 0.52906 0.28161 0.52906 0.19319 0.89996 0.41352 0.77602 0.41352 0.77602 0.19319 0.89996 0.60635 0.96205 0.19319 0.89996 0.28779 0.99147 0.60635 0.96205 0.21374 0.15823 0.1729699 0.25883 0.40144 0.38928 0.1729699 0.25883 0.28161 0.52906 0.40144 0.38928 0.28161 0.52906 0.41352 0.77602 0.40144 0.38928 0.40144 0.38928 0.41352 0.77602 0.58612 0.62336 0.58612 0.62336 0.41352 0.77602 0.79846 0.82976 0.41352 0.77602 0.60635 0.96205 0.79846 0.82976 0.31202 0.05996 0.21374 0.15823 0.55592 0.2347999 0.21374 0.15823 0.40144 0.38928 0.55592 0.2347999 0.40144 0.38928 0.58612 0.62336 0.55592 0.2347999 0.55592 0.2347999 0.58612 0.62336 0.7678 0.44167 0.7678 0.44167 0.58612 0.62336 0.97032 0.6579 0.58612 0.62336 0.79846 0.82976 0.97032 0.6579 0.5238 0.02763998 0.31202 0.05996 0.73626 0.1142899 0.31202 0.05996 0.55592 0.2347999 0.73626 0.1142899 0.55592 0.2347999 0.7678 0.44167 0.73626 0.1142899 0.73626 0.1142899 0.7678 0.44167 0.90678 0.2428699 0.90678 0.2428699 0.7678 0.44167 1.03854 0.41022 0.7678 0.44167 0.97032 0.6579 1.03854 0.41022 0.5238 0.02763998 0.73626 0.1142899 0.99861 0.001489996 0.73626 0.1142899 0.90678 0.2428699 0.99861 0.001489996 0.90678 0.2428699 1.03854 0.41022 0.99861 0.001489996 0.26726 1.012 0.001589953 0.99851 0.18597 0.90719 0.18597 0.90719 0.001589953 0.99851 0.12566 0.78138 0.12566 0.78138 0.001589953 0.99851 0.04979997 0.67114 0.56771 1.0007 0.26726 1.012 0.39975 0.78979 0.26726 1.012 0.18597 0.90719 0.39975 0.78979 0.18597 0.90719 0.12566 0.78138 0.39975 0.78979 0.39975 0.78979 0.12566 0.78138 0.26721 0.54345 0.26721 0.54345 0.12566 0.78138 0.10468 0.32712 0.12566 0.78138 0.04979997 0.67114 0.10468 0.32712 0.77082 0.8574 0.56771 1.0007 0.5745 0.63497 0.56771 1.0007 0.39975 0.78979 0.5745 0.63497 0.39975 0.78979 0.26721 0.54345 0.5745 0.63497 0.5745 0.63497 0.26721 0.54345 0.39912 0.39161 0.39912 0.39161 0.26721 0.54345 0.19249 0.1794899 0.26721 0.54345 0.10468 0.32712 0.19249 0.1794899 0.9612 0.66702 0.77082 0.8574 0.76003 0.44945 0.77082 0.8574 0.5745 0.63497 0.76003 0.44945 0.5745 0.63497 0.39912 0.39161 0.76003 0.44945 0.76003 0.44945 0.39912 0.39161 0.5631 0.22762 0.5631 0.22762 0.39912 0.39161 0.33241 0.03956001 0.39912 0.39161 0.19249 0.1794899 0.33241 0.03956001 1.05235 0.39641 0.9612 0.66702 0.90727 0.24238 0.9612 0.66702 0.76003 0.44945 0.90727 0.24238 0.76003 0.44945 0.5631 0.22762 0.90727 0.24238 0.90727 0.24238 0.5631 0.22762 0.74523 0.1053199 0.74523 0.1053199 0.5631 0.22762 0.55587 -0.004430055 0.5631 0.22762 0.33241 0.03956001 0.55587 -0.004430055 1.05235 0.39641 0.90727 0.24238 0.99861 0.001489996 0.90727 0.24238 0.74523 0.1053199 0.99861 0.001489996 0.74523 0.1053199 0.55587 -0.004430055 0.99861 0.001489996 0.04666996 0.67427 0.001589953 0.99851 0.11577 0.79127 0.11577 0.79127 0.001589953 0.99851 0.20367 0.88948 0.20367 0.88948 0.001589953 0.99851 0.31947 0.95979 0.1077499 0.32405 0.04666996 0.67427 0.2535 0.55717 0.04666996 0.67427 0.11577 0.79127 0.2535 0.55717 0.11577 0.79127 0.20367 0.88948 0.2535 0.55717 0.2535 0.55717 0.20367 0.88948 0.42645 0.76309 0.42645 0.76309 0.20367 0.88948 0.6476 0.9208 0.20367 0.88948 0.31947 0.95979 0.6476 0.9208 0.2138 0.1581799 0.1077499 0.32405 0.40035 0.39038 0.1077499 0.32405 0.2535 0.55717 0.40035 0.39038 0.2535 0.55717 0.42645 0.76309 0.40035 0.39038 0.40035 0.39038 0.42645 0.76309 0.5792 0.63027 0.5792 0.63027 0.42645 0.76309 0.77289 0.85533 0.42645 0.76309 0.6476 0.9208 0.77289 0.85533 0.34126 0.03071999 0.2138 0.1581799 0.56567 0.2250599 0.2138 0.1581799 0.40035 0.39038 0.56567 0.2250599 0.40035 0.39038 0.5792 0.63027 0.56567 0.2250599 0.56567 0.2250599 0.5792 0.63027 0.75368 0.4558 0.75368 0.4558 0.5792 0.63027 0.91729 0.71093 0.5792 0.63027 0.77289 0.85533 0.91729 0.71093 0.56423 -0.01278996 0.34126 0.03071999 0.75092 0.09962999 0.34126 0.03071999 0.56567 0.2250599 0.75092 0.09962999 0.56567 0.2250599 0.75368 0.4558 0.75092 0.09962999 0.75092 0.09962999 0.75368 0.4558 0.89526 0.25439 0.89526 0.25439 0.75368 0.4558 0.99476 0.454 0.75368 0.4558 0.91729 0.71093 0.99476 0.454 0.56423 -0.01278996 0.75092 0.09962999 0.99861 0.001489996 0.75092 0.09962999 0.89526 0.25439 0.99861 0.001489996 0.89526 0.25439 0.99476 0.454 0.99861 0.001489996 0.30986 0.96941 0.001589953 0.99851 0.20152 0.89164 0.20152 0.89164 0.001589953 0.99851 0.11708 0.78997 0.11708 0.78997 0.001589953 0.99851 0.06177997 0.65915 0.64733 0.92107 0.30986 0.96941 0.42956 0.75998 0.30986 0.96941 0.20152 0.89164 0.42956 0.75998 0.20152 0.89164 0.11708 0.78997 0.42956 0.75998 0.42956 0.75998 0.11708 0.78997 0.25031 0.56036 0.25031 0.56036 0.11708 0.78997 0.12199 0.30981 0.11708 0.78997 0.06177997 0.65915 0.12199 0.30981 0.82667 0.80155 0.64733 0.92107 0.59913 0.61034 0.64733 0.92107 0.42956 0.75998 0.59913 0.61034 0.42956 0.75998 0.25031 0.56036 0.59913 0.61034 0.59913 0.61034 0.25031 0.56036 0.38163 0.4091 0.38163 0.4091 0.25031 0.56036 0.18207 0.1899099 0.25031 0.56036 0.12199 0.30981 0.18207 0.1899099 0.97615 0.65207 0.82667 0.80155 0.77325 0.43623 0.82667 0.80155 0.59913 0.61034 0.77325 0.43623 0.59913 0.61034 0.38163 0.4091 0.77325 0.43623 0.77325 0.43623 0.38163 0.4091 0.54989 0.24083 0.54989 0.24083 0.38163 0.4091 0.3019 0.07007998 0.38163 0.4091 0.18207 0.1899099 0.3019 0.07007998 1.02938 0.41938 0.97615 0.65207 0.90509 0.24456 0.97615 0.65207 0.77325 0.43623 0.90509 0.24456 0.77325 0.43623 0.54989 0.24083 0.90509 0.24456 0.90509 0.24456 0.54989 0.24083 0.74338 0.1071599 0.74338 0.1071599 0.54989 0.24083 0.53424 0.01719999 0.54989 0.24083 0.3019 0.07007998 0.53424 0.01719999 1.02938 0.41938 0.90509 0.24456 0.99861 0.001489996 0.90509 0.24456 0.74338 0.1071599 0.99861 0.001489996 0.74338 0.1071599 0.53424 0.01719999 0.99861 0.001489996 0.03679996 0.68413 0.001589953 0.99851 0.11226 0.79478 0.11226 0.79478 0.001589953 0.99851 0.20534 0.88782 0.20534 0.88782 0.001589953 0.99851 0.32324 0.95602 0.09104996 0.34075 0.03679996 0.68413 0.2474 0.56326 0.03679996 0.68413 0.11226 0.79478 0.2474 0.56326 0.11226 0.79478 0.20534 0.88782 0.2474 0.56326 0.2474 0.56326 0.20534 0.88782 0.42921 0.76033 0.42921 0.76033 0.20534 0.88782 0.6541 0.9143 0.20534 0.88782 0.32324 0.95602 0.6541 0.9143 0.20753 0.1644399 0.09104996 0.34075 0.39707 0.39365 0.09104996 0.34075 0.2474 0.56326 0.39707 0.39365 0.2474 0.56326 0.42921 0.76033 0.39707 0.39365 0.39707 0.39365 0.42921 0.76033 0.58096 0.62852 0.58096 0.62852 0.42921 0.76033 0.77536 0.85286 0.42921 0.76033 0.6541 0.9143 0.77536 0.85286 0.3448 0.02718001 0.20753 0.1644399 0.56572 0.2250099 0.20753 0.1644399 0.39707 0.39365 0.56572 0.2250099 0.39707 0.39365 0.58096 0.62852 0.56572 0.2250099 0.56572 0.2250099 0.58096 0.62852 0.75338 0.4561 0.75338 0.4561 0.58096 0.62852 0.91277 0.71545 0.58096 0.62852 0.77536 0.85286 0.91277 0.71545 0.57113 -0.01969003 0.3448 0.02718001 0.75296 0.09759002 0.3448 0.02718001 0.56572 0.2250099 0.75296 0.09759002 0.56572 0.2250099 0.75338 0.4561 0.75296 0.09759002 0.75296 0.09759002 0.75338 0.4561 0.89374 0.25592 0.89374 0.25592 0.75338 0.4561 0.98728 0.46148 0.75338 0.4561 0.91277 0.71545 0.98728 0.46148 0.57113 -0.01969003 0.75296 0.09759002 0.99861 0.001489996 0.75296 0.09759002 0.89374 0.25592 0.99861 0.001489996 0.89374 0.25592 0.98728 0.46148 0.99861 0.001489996 0.01108998 0.70984 0.001589953 0.99851 0.1016 0.80545 0.1016 0.80545 0.001589953 0.99851 0.2140499 0.87911 0.2140499 0.87911 0.001589953 0.99851 0.35245 0.92681 0.04486995 0.38693 0.01108998 0.70984 0.22833 0.58234 0.01108998 0.70984 0.1016 0.80545 0.22833 0.58234 0.1016 0.80545 0.2140499 0.87911 0.22833 0.58234 0.22833 0.58234 0.2140499 0.87911 0.44547 0.74407 0.44547 0.74407 0.2140499 0.87911 0.70769 0.86072 0.2140499 0.87911 0.35245 0.92681 0.70769 0.86072 0.18044 0.19154 0.04486995 0.38693 0.38364 0.40709 0.04486995 0.38693 0.22833 0.58234 0.38364 0.40709 0.22833 0.58234 0.44547 0.74407 0.38364 0.40709 0.38364 0.40709 0.44547 0.74407 0.59239 0.61708 0.59239 0.61708 0.44547 0.74407 0.80676 0.82146 0.44547 0.74407 0.70769 0.86072 0.80676 0.82146 0.34698 0.02499997 0.18044 0.19154 0.56265 0.22807 0.18044 0.19154 0.38364 0.40709 0.56265 0.22807 0.38364 0.40709 0.59239 0.61708 0.56265 0.22807 0.56265 0.22807 0.59239 0.61708 0.75757 0.4519 0.75757 0.4519 0.59239 0.61708 0.91245 0.71577 0.59239 0.61708 0.80676 0.82146 0.91245 0.71577 0.59362 -0.04217994 0.34698 0.02499997 0.75931 0.09123998 0.34698 0.02499997 0.56265 0.22807 0.75931 0.09123998 0.56265 0.22807 0.75757 0.4519 0.75931 0.09123998 0.75931 0.09123998 0.75757 0.4519 0.88902 0.26063 0.88902 0.26063 0.75757 0.4519 0.96141 0.48735 0.75757 0.4519 0.91245 0.71577 0.96141 0.48735 0.59362 -0.04217994 0.75931 0.09123998 0.99861 0.001489996 0.75931 0.09123998 0.88902 0.26063 0.99861 0.001489996 0.88902 0.26063 0.96141 0.48735 0.99861 0.001489996 0.01494997 0.70599 0.001589953 0.99851 0.10137 0.80567 0.10137 0.80567 0.001589953 0.99851 0.21564 0.87751 0.21564 0.87751 0.001589953 0.99851 0.34008 0.93918 0.05103999 0.38076 0.01494997 0.70599 0.2272599 0.5834 0.01494997 0.70599 0.10137 0.80567 0.2272599 0.5834 0.10137 0.80567 0.21564 0.87751 0.2272599 0.5834 0.2272599 0.5834 0.21564 0.87751 0.45129 0.73824 0.45129 0.73824 0.21564 0.87751 0.69241 0.87599 0.21564 0.87751 0.34008 0.93918 0.69241 0.87599 0.18137 0.1906099 0.05103999 0.38076 0.37838 0.41234 0.05103999 0.38076 0.2272599 0.5834 0.37838 0.41234 0.2272599 0.5834 0.45129 0.73824 0.37838 0.41234 0.37838 0.41234 0.45129 0.73824 0.60291 0.60657 0.60291 0.60657 0.45129 0.73824 0.8302 0.79802 0.45129 0.73824 0.69241 0.87599 0.8302 0.79802 0.34843 0.02354997 0.18137 0.1906099 0.55769 0.2330399 0.18137 0.1906099 0.37838 0.41234 0.55769 0.2330399 0.37838 0.41234 0.60291 0.60657 0.55769 0.2330399 0.55769 0.2330399 0.60291 0.60657 0.77002 0.43945 0.77002 0.43945 0.60291 0.60657 0.96293 0.6653 0.60291 0.60657 0.8302 0.79802 0.96293 0.6653 0.59691 -0.04546999 0.34843 0.02354997 0.75749 0.09306001 0.34843 0.02354997 0.55769 0.2330399 0.75749 0.09306001 0.55769 0.2330399 0.77002 0.43945 0.75749 0.09306001 0.75749 0.09306001 0.77002 0.43945 0.89552 0.25413 0.89552 0.25413 0.77002 0.43945 1.00577 0.44299 0.77002 0.43945 0.96293 0.6653 1.00577 0.44299 0.59691 -0.04546999 0.75749 0.09306001 0.99861 0.001489996 0.75749 0.09306001 0.89552 0.25413 0.99861 0.001489996 0.89552 0.25413 1.00577 0.44299 0.99861 0.001489996 0.08695995 0.63398 0.001589953 0.99851 0.13691 0.77014 0.13691 0.77014 0.001589953 0.99851 0.18955 0.9036 0.18955 0.9036 0.001589953 0.99851 0.27105 1.00822 0.15676 0.27504 0.08695995 0.63398 0.27865 0.53202 0.08695995 0.63398 0.13691 0.77014 0.27865 0.53202 0.13691 0.77014 0.18955 0.9036 0.27865 0.53202 0.27865 0.53202 0.18955 0.9036 0.40843 0.7811 0.40843 0.7811 0.18955 0.9036 0.58133 0.98707 0.18955 0.9036 0.27105 1.00822 0.58133 0.98707 0.17162 0.2003499 0.15676 0.27504 0.38354 0.40718 0.15676 0.27504 0.27865 0.53202 0.38354 0.40718 0.27865 0.53202 0.40843 0.7811 0.38354 0.40718 0.38354 0.40718 0.40843 0.7811 0.59044 0.61903 0.59044 0.61903 0.40843 0.7811 0.8021 0.82612 0.40843 0.7811 0.58133 0.98707 0.8021 0.82612 0.26459 0.1073899 0.17162 0.2003499 0.53333 0.25739 0.17162 0.2003499 0.38354 0.40718 0.53333 0.25739 0.38354 0.40718 0.59044 0.61903 0.53333 0.25739 0.53333 0.25739 0.59044 0.61903 0.77383 0.43565 0.77383 0.43565 0.59044 0.61903 0.98605 0.64218 0.59044 0.61903 0.8021 0.82612 0.98605 0.64218 0.49832 0.05312001 0.26459 0.1073899 0.72381 0.1267399 0.26459 0.1073899 0.53333 0.25739 0.72381 0.1267399 0.53333 0.25739 0.77383 0.43565 0.72381 0.1267399 0.72381 0.1267399 0.77383 0.43565 0.91214 0.23751 0.91214 0.23751 0.77383 0.43565 1.05752 0.39124 0.77383 0.43565 0.98605 0.64218 1.05752 0.39124 0.49832 0.05312001 0.72381 0.1267399 0.99861 0.001489996 0.72381 0.1267399 0.91214 0.23751 0.99861 0.001489996 0.91214 0.23751 1.05752 0.39124 0.99861 0.001489996 0.2885 0.99076 0.001589953 0.99851 0.1934199 0.89974 0.1934199 0.89974 0.001589953 0.99851 0.12408 0.78297 0.12408 0.78297 0.001589953 0.99851 0.08627998 0.63465 0.60906 0.95934 0.2885 0.99076 0.41489 0.77465 0.2885 0.99076 0.1934199 0.89974 0.41489 0.77465 0.1934199 0.89974 0.12408 0.78297 0.41489 0.77465 0.41489 0.77465 0.12408 0.78297 0.26103 0.54963 0.26103 0.54963 0.12408 0.78297 0.16145 0.27035 0.12408 0.78297 0.08627998 0.63465 0.16145 0.27035 0.80466 0.82356 0.60906 0.95934 0.59093 0.61855 0.60906 0.95934 0.41489 0.77465 0.59093 0.61855 0.41489 0.77465 0.26103 0.54963 0.59093 0.61855 0.59093 0.61855 0.26103 0.54963 0.38726 0.40347 0.38726 0.40347 0.26103 0.54963 0.18933 0.18265 0.26103 0.54963 0.16145 0.27035 0.18933 0.18265 0.97221 0.65602 0.80466 0.82356 0.77041 0.43907 0.80466 0.82356 0.59093 0.61855 0.77041 0.43907 0.59093 0.61855 0.38726 0.40347 0.77041 0.43907 0.77041 0.43907 0.38726 0.40347 0.55005 0.2406799 0.55005 0.2406799 0.38726 0.40347 0.283 0.08897 0.38726 0.40347 0.18933 0.18265 0.283 0.08897 1.04167 0.40709 0.97221 0.65602 0.90851 0.24114 0.97221 0.65602 0.77041 0.43907 0.90851 0.24114 0.77041 0.43907 0.55005 0.2406799 0.90851 0.24114 0.90851 0.24114 0.55005 0.2406799 0.73893 0.1116099 0.73893 0.1116099 0.55005 0.2406799 0.50481 0.04663997 0.55005 0.2406799 0.283 0.08897 0.50481 0.04663997 1.04167 0.40709 0.90851 0.24114 0.99861 0.001489996 0.90851 0.24114 0.73893 0.1116099 0.99861 0.001489996 0.73893 0.1116099 0.50481 0.04663997 0.99861 0.001489996 0.30308 0.97619 0.001589953 0.99851 0.21051 0.88264 0.21051 0.88264 0.001589953 0.99851 0.104 0.80305 0.104 0.80305 0.001589953 0.99851 -0.003209948 0.72414 0.62451 0.94389 0.30308 0.97619 0.4393 0.75023 0.30308 0.97619 0.21051 0.88264 0.4393 0.75023 0.21051 0.88264 0.104 0.80305 0.4393 0.75023 0.4393 0.75023 0.104 0.80305 0.2298 0.58087 0.2298 0.58087 0.104 0.80305 0.01481997 0.41698 0.104 0.80305 -0.003209948 0.72414 0.01481997 0.41698 0.78266 0.84556 0.62451 0.94389 0.59088 0.6186 0.62451 0.94389 0.4393 0.75023 0.59088 0.6186 0.4393 0.75023 0.2298 0.58087 0.59088 0.6186 0.59088 0.6186 0.2298 0.58087 0.38067 0.41006 0.38067 0.41006 0.2298 0.58087 0.15398 0.2179999 0.2298 0.58087 0.01481997 0.41698 0.15398 0.2179999 0.93761 0.69062 0.78266 0.84556 0.75656 0.45292 0.78266 0.84556 0.59088 0.6186 0.75656 0.45292 0.59088 0.6186 0.38067 0.41006 0.75656 0.45292 0.75656 0.45292 0.38067 0.41006 0.55874 0.2319899 0.55874 0.2319899 0.38067 0.41006 0.3352 0.03676998 0.38067 0.41006 0.15398 0.2179999 0.3352 0.03676998 1.01855 0.43021 0.93761 0.69062 0.89306 0.25659 0.93761 0.69062 0.75656 0.45292 0.89306 0.25659 0.75656 0.45292 0.55874 0.2319899 0.89306 0.25659 0.89306 0.25659 0.55874 0.2319899 0.75395 0.09658998 0.75395 0.09658998 0.55874 0.2319899 0.59282 -0.04138004 0.55874 0.2319899 0.3352 0.03676998 0.59282 -0.04138004 1.01855 0.43021 0.89306 0.25659 0.99861 0.001489996 0.89306 0.25659 0.75395 0.09658998 0.99861 0.001489996 0.75395 0.09658998 0.59282 -0.04138004 0.99861 0.001489996 0.28105 0.99821 0.001589953 0.99851 0.19007 0.90308 0.19007 0.90308 0.001589953 0.99851 0.12421 0.78284 0.12421 0.78284 0.001589953 0.99851 0.06454998 0.65638 0.59914 0.96926 0.28105 0.99821 0.41042 0.77911 0.28105 0.99821 0.19007 0.90308 0.41042 0.77911 0.19007 0.90308 0.12421 0.78284 0.41042 0.77911 0.41042 0.77911 0.12421 0.78284 0.26111 0.54955 0.26111 0.54955 0.12421 0.78284 0.12389 0.30791 0.12421 0.78284 0.06454998 0.65638 0.12389 0.30791 0.80856 0.81966 0.59914 0.96926 0.59055 0.61892 0.59914 0.96926 0.41042 0.77911 0.59055 0.61892 0.41042 0.77911 0.26111 0.54955 0.59055 0.61892 0.59055 0.61892 0.26111 0.54955 0.38492 0.40581 0.38492 0.40581 0.26111 0.54955 0.18035 0.19163 0.26111 0.54955 0.12389 0.30791 0.18035 0.19163 0.98217 0.64605 0.80856 0.81966 0.77146 0.43801 0.80856 0.81966 0.59055 0.61892 0.77146 0.43801 0.59055 0.61892 0.38492 0.40581 0.77146 0.43801 0.77146 0.43801 0.38492 0.40581 0.54951 0.2412099 0.54951 0.2412099 0.38492 0.40581 0.30446 0.06752002 0.38492 0.40581 0.18035 0.19163 0.30446 0.06752002 1.05017 0.39859 0.98217 0.64605 0.91003 0.2396199 0.98217 0.64605 0.77146 0.43801 0.91003 0.2396199 0.77146 0.43801 0.54951 0.2412099 0.91003 0.2396199 0.91003 0.2396199 0.54951 0.2412099 0.73909 0.1114599 0.73909 0.1114599 0.54951 0.2412099 0.53045 0.02099001 0.54951 0.2412099 0.30446 0.06752002 0.53045 0.02099001 1.05017 0.39859 0.91003 0.2396199 0.99861 0.001489996 0.91003 0.2396199 0.73909 0.1114599 0.99861 0.001489996 0.73909 0.1114599 0.53045 0.02099001 0.99861 0.001489996 0.34464 0.93462 0.001589953 0.99851 0.21551 0.87765 0.21551 0.87765 0.001589953 0.99851 0.10566 0.80139 0.10566 0.80139 0.001589953 0.99851 0.02133995 0.6996 0.6939 0.8745 0.34464 0.93462 0.44669 0.74284 0.34464 0.93462 0.21551 0.87765 0.44669 0.74284 0.21551 0.87765 0.10566 0.80139 0.44669 0.74284 0.44669 0.74284 0.10566 0.80139 0.23505 0.5756101 0.23505 0.5756101 0.10566 0.80139 0.06363999 0.36816 0.10566 0.80139 0.02133995 0.6996 0.06363999 0.36816 0.80007 0.82815 0.6939 0.8745 0.58801 0.62147 0.6939 0.8745 0.44669 0.74284 0.58801 0.62147 0.44669 0.74284 0.23505 0.5756101 0.58801 0.62147 0.58801 0.62147 0.23505 0.5756101 0.38768 0.40305 0.38768 0.40305 0.23505 0.5756101 0.1945 0.1774799 0.23505 0.5756101 0.06363999 0.36816 0.1945 0.1774799 0.91167 0.71655 0.80007 0.82815 0.74892 0.46056 0.80007 0.82815 0.58801 0.62147 0.74892 0.46056 0.58801 0.62147 0.38768 0.40305 0.74892 0.46056 0.74892 0.46056 0.38768 0.40305 0.56572 0.2250099 0.56572 0.2250099 0.38768 0.40305 0.35413 0.01784998 0.38768 0.40305 0.1945 0.1774799 0.35413 0.01784998 0.97122 0.47754 0.91167 0.71655 0.8843 0.26535 0.91167 0.71655 0.74892 0.46056 0.8843 0.26535 0.74892 0.46056 0.56572 0.2250099 0.8843 0.26535 0.8843 0.26535 0.56572 0.2250099 0.75748 0.09306997 0.75748 0.09306997 0.56572 0.2250099 0.58332 -0.03188002 0.56572 0.2250099 0.35413 0.01784998 0.58332 -0.03188002 0.97122 0.47754 0.8843 0.26535 0.99861 0.001489996 0.8843 0.26535 0.75748 0.09306997 0.99861 0.001489996 0.75748 0.09306997 0.58332 -0.03188002 0.99861 0.001489996 0.001919984 0.71902 0.001589953 0.99851 0.09678995 0.81025 0.09678995 0.81025 0.001589953 0.99851 0.21749 0.87566 0.21749 0.87566 0.001589953 0.99851 0.33991 0.93936 0.03002995 0.40177 0.001919984 0.71902 0.22009 0.59057 0.001919984 0.71902 0.09678995 0.81025 0.22009 0.59057 0.09678995 0.81025 0.21749 0.87566 0.22009 0.59057 0.22009 0.59057 0.21749 0.87566 0.45172 0.73782 0.45172 0.73782 0.21749 0.87566 0.68711 0.88129 0.21749 0.87566 0.33991 0.93936 0.68711 0.88129 0.17983 0.1921499 0.03002995 0.40177 0.38004 0.41069 0.03002995 0.40177 0.22009 0.59057 0.38004 0.41069 0.22009 0.59057 0.45172 0.73782 0.38004 0.41069 0.38004 0.41069 0.45172 0.73782 0.59659 0.61289 0.59659 0.61289 0.45172 0.73782 0.8126 0.81562 0.45172 0.73782 0.68711 0.88129 0.8126 0.81562 0.35555 0.01643002 0.17983 0.1921499 0.56185 0.2288799 0.17983 0.1921499 0.38004 0.41069 0.56185 0.2288799 0.38004 0.41069 0.59659 0.61289 0.56185 0.2288799 0.56185 0.2288799 0.59659 0.61289 0.76084 0.44864 0.76084 0.44864 0.59659 0.61289 0.94174 0.68649 0.59659 0.61289 0.8126 0.81562 0.94174 0.68649 0.60245 -0.05101001 0.35555 0.01643002 0.76044 0.09011 0.35555 0.01643002 0.56185 0.2288799 0.76044 0.09011 0.56185 0.2288799 0.76084 0.44864 0.76044 0.09011 0.76044 0.09011 0.76084 0.44864 0.88957 0.26008 0.88957 0.26008 0.76084 0.44864 0.98731 0.46145 0.76084 0.44864 0.94174 0.68649 0.98731 0.46145 0.60245 -0.05101001 0.76044 0.09011 0.99861 0.001489996 0.76044 0.09011 0.88957 0.26008 0.99861 0.001489996 0.88957 0.26008 0.98731 0.46145 0.99861 0.001489996 0.35235 0.92692 0.001589953 0.99851 0.2192 0.87395 0.2192 0.87395 0.001589953 0.99851 0.10386 0.80318 0.10386 0.80318 0.001589953 0.99851 0.01764994 0.70328 0.70996 0.85845 0.35235 0.92692 0.45448 0.73505 0.35235 0.92692 0.2192 0.87395 0.45448 0.73505 0.2192 0.87395 0.10386 0.80318 0.45448 0.73505 0.45448 0.73505 0.10386 0.80318 0.23186 0.57881 0.23186 0.57881 0.10386 0.80318 0.05693995 0.37485 0.10386 0.80318 0.01764994 0.70328 0.05693995 0.37485 0.81828 0.80994 0.70996 0.85845 0.59556 0.61391 0.70996 0.85845 0.45448 0.73505 0.59556 0.61391 0.45448 0.73505 0.23186 0.57881 0.59556 0.61391 0.59556 0.61391 0.23186 0.57881 0.38441 0.40631 0.38441 0.40631 0.23186 0.57881 0.1896 0.18237 0.23186 0.57881 0.05693995 0.37485 0.1896 0.18237 0.92661 0.70162 0.81828 0.80994 0.75467 0.4548 0.81828 0.80994 0.59556 0.61391 0.75467 0.4548 0.59556 0.61391 0.38441 0.40631 0.75467 0.4548 0.75467 0.4548 0.38441 0.40631 0.5642 0.22653 0.5642 0.22653 0.38441 0.40631 0.35448 0.01749998 0.38441 0.40631 0.1896 0.18237 0.35448 0.01749998 0.97342 0.47534 0.92661 0.70162 0.88448 0.26518 0.92661 0.70162 0.75467 0.4548 0.88448 0.26518 0.75467 0.4548 0.5642 0.22653 0.88448 0.26518 0.88448 0.26518 0.5642 0.22653 0.75824 0.09231001 0.75824 0.09231001 0.5642 0.22653 0.58861 -0.03717005 0.5642 0.22653 0.35448 0.01749998 0.58861 -0.03717005 0.97342 0.47534 0.88448 0.26518 0.99861 0.001489996 0.88448 0.26518 0.75824 0.09231001 0.99861 0.001489996 0.75824 0.09231001 0.58861 -0.03717005 0.99861 0.001489996 0.33318 0.94608 0.001589953 0.99851 0.21074 0.88241 0.21074 0.88241 0.001589953 0.99851 0.11207 0.79498 0.11207 0.79498 0.001589953 0.99851 0.04579997 0.67513 0.6787 0.8897 0.33318 0.94608 0.44079 0.74875 0.33318 0.94608 0.21074 0.88241 0.44079 0.74875 0.21074 0.88241 0.11207 0.79498 0.44079 0.74875 0.44079 0.74875 0.11207 0.79498 0.24597 0.5647 0.24597 0.5647 0.11207 0.79498 0.10514 0.32666 0.11207 0.79498 0.04579997 0.67513 0.10514 0.32666 0.81271 0.81551 0.6787 0.8897 0.58899 0.62048 0.6787 0.8897 0.44079 0.74875 0.58899 0.62048 0.44079 0.74875 0.24597 0.5647 0.58899 0.62048 0.58899 0.62048 0.24597 0.5647 0.39308 0.39764 0.39308 0.39764 0.24597 0.5647 0.21505 0.15692 0.24597 0.5647 0.10514 0.32666 0.21505 0.15692 0.94113 0.68709 0.81271 0.81551 0.75331 0.45617 0.81271 0.81551 0.58899 0.62048 0.75331 0.45617 0.58899 0.62048 0.39308 0.39764 0.75331 0.45617 0.75331 0.45617 0.39308 0.39764 0.56787 0.2228599 0.56787 0.2228599 0.39308 0.39764 0.3572 0.01477998 0.39308 0.39764 0.21505 0.15692 0.3572 0.01477998 0.99856 0.4502 0.94113 0.68709 0.88989 0.25976 0.94113 0.68709 0.75331 0.45617 0.88989 0.25976 0.75331 0.45617 0.56787 0.2228599 0.88989 0.25976 0.88989 0.25976 0.56787 0.2228599 0.7548 0.09574997 0.7548 0.09574997 0.56787 0.2228599 0.5721 -0.02066004 0.56787 0.2228599 0.3572 0.01477998 0.5721 -0.02066004 0.99856 0.4502 0.88989 0.25976 0.99861 0.001489996 0.88989 0.25976 0.7548 0.09574997 0.99861 0.001489996 0.7548 0.09574997 0.5721 -0.02066004 0.99861 0.001489996 0.36564 0.91362 0.001589953 0.99851 0.22882 0.86433 0.22882 0.86433 0.001589953 0.99851 0.09898 0.80806 0.09898 0.80806 0.001589953 0.99851 0.004419982 0.71652 0.73259 0.83581 0.36564 0.91362 0.47156 0.71797 0.36564 0.91362 0.22882 0.86433 0.47156 0.71797 0.22882 0.86433 0.09898 0.80806 0.47156 0.71797 0.47156 0.71797 0.09898 0.80806 0.22247 0.5882 0.22247 0.5882 0.09898 0.80806 0.03188997 0.39991 0.09898 0.80806 0.004419982 0.71652 0.03188997 0.39991 0.83367 0.79455 0.73259 0.83581 0.60881 0.60066 0.73259 0.83581 0.47156 0.71797 0.60881 0.60066 0.47156 0.71797 0.22247 0.5882 0.60881 0.60066 0.60881 0.60066 0.22247 0.5882 0.37685 0.41387 0.37685 0.41387 0.22247 0.5882 0.17019 0.2017899 0.22247 0.5882 0.03188997 0.39991 0.17019 0.2017899 0.93658 0.69164 0.83367 0.79455 0.7626 0.44687 0.83367 0.79455 0.60881 0.60066 0.7626 0.44687 0.60881 0.60066 0.37685 0.41387 0.7626 0.44687 0.7626 0.44687 0.37685 0.41387 0.55939 0.2313299 0.55939 0.2313299 0.37685 0.41387 0.34622 0.02575999 0.37685 0.41387 0.17019 0.2017899 0.34622 0.02575999 0.97229 0.47647 0.93658 0.69164 0.88357 0.26608 0.93658 0.69164 0.7626 0.44687 0.88357 0.26608 0.7626 0.44687 0.55939 0.2313299 0.88357 0.26608 0.88357 0.26608 0.55939 0.2313299 0.75885 0.09170001 0.75885 0.09170001 0.55939 0.2313299 0.59656 -0.04512 0.55939 0.2313299 0.34622 0.02575999 0.59656 -0.04512 0.97229 0.47647 0.88357 0.26608 0.99861 0.001489996 0.88357 0.26608 0.75885 0.09170001 0.99861 0.001489996 0.75885 0.09170001 0.59656 -0.04512 0.99861 0.001489996 -0.01081997 0.73176 0.001589953 0.99851 0.09362 0.81342 0.09362 0.81342 0.001589953 0.99851 0.2167699 0.87639 0.2167699 0.87639 0.001589953 0.99851 0.3199 0.95937 7.2e-4 0.43108 -0.01081997 0.73176 0.2113 0.59937 -0.01081997 0.73176 0.09362 0.81342 0.2113 0.59937 0.09362 0.81342 0.2167699 0.87639 0.2113 0.59937 0.2113 0.59937 0.2167699 0.87639 0.45386 0.73567 0.45386 0.73567 0.2167699 0.87639 0.6577 0.9107 0.2167699 0.87639 0.3199 0.95937 0.6577 0.9107 0.14108 0.2308999 7.2e-4 0.43108 0.36432 0.42641 7.2e-4 0.43108 0.2113 0.59937 0.36432 0.42641 0.2113 0.59937 0.45386 0.73567 0.36432 0.42641 0.36432 0.42641 0.45386 0.73567 0.60803 0.60144 0.60803 0.60144 0.45386 0.73567 0.81455 0.81367 0.45386 0.73567 0.6577 0.9107 0.81455 0.81367 0.33053 0.04144001 0.14108 0.2308999 0.54921 0.2415199 0.14108 0.2308999 0.36432 0.42641 0.54921 0.2415199 0.36432 0.42641 0.60803 0.60144 0.54921 0.2415199 0.54921 0.2415199 0.60803 0.60144 0.77413 0.43535 0.77413 0.43535 0.60803 0.60144 0.9639 0.66432 0.60803 0.60144 0.81455 0.81367 0.9639 0.66432 0.60188 -0.05043995 0.33053 0.04144001 0.75637 0.09417998 0.33053 0.04144001 0.54921 0.2415199 0.75637 0.09417998 0.54921 0.2415199 0.77413 0.43535 0.75637 0.09417998 0.75637 0.09417998 0.77413 0.43535 0.89701 0.25264 0.89701 0.25264 0.77413 0.43535 1.01397 0.43479 0.77413 0.43535 0.9639 0.66432 1.01397 0.43479 0.60188 -0.05043995 0.75637 0.09417998 0.99861 0.001489996 0.75637 0.09417998 0.89701 0.25264 0.99861 0.001489996 0.89701 0.25264 1.01397 0.43479 0.99861 0.001489996 0.36545 0.91382 0.001589953 0.99851 0.22721 0.86595 0.22721 0.86595 0.001589953 0.99851 0.09729999 0.80974 0.09729999 0.80974 0.001589953 0.99851 -0.006829977 0.72777 0.72333 0.84507 0.36545 0.91382 0.46271 0.72683 0.36545 0.91382 0.22721 0.86595 0.46271 0.72683 0.22721 0.86595 0.09729999 0.80974 0.46271 0.72683 0.46271 0.72683 0.09729999 0.80974 0.22107 0.5896 0.22107 0.5896 0.09729999 0.80974 0.01687997 0.41492 0.09729999 0.80974 -0.006829977 0.72777 0.01687997 0.41492 0.79375 0.83447 0.72333 0.84507 0.5878 0.62167 0.72333 0.84507 0.46271 0.72683 0.5878 0.62167 0.46271 0.72683 0.22107 0.5896 0.5878 0.62167 0.5878 0.62167 0.22107 0.5896 0.38292 0.40781 0.38292 0.40781 0.22107 0.5896 0.17865 0.1933299 0.22107 0.5896 0.01687997 0.41492 0.17865 0.1933299 0.88859 0.73963 0.79375 0.83447 0.74178 0.46769 0.79375 0.83447 0.5878 0.62167 0.74178 0.46769 0.5878 0.62167 0.38292 0.40781 0.74178 0.46769 0.74178 0.46769 0.38292 0.40781 0.56484 0.2258899 0.56484 0.2258899 0.38292 0.40781 0.35825 0.01372998 0.38292 0.40781 0.17865 0.1933299 0.35825 0.01372998 0.94768 0.50108 0.88859 0.73963 0.87551 0.27414 0.88859 0.73963 0.74178 0.46769 0.87551 0.27414 0.74178 0.46769 0.56484 0.2258899 0.87551 0.27414 0.87551 0.27414 0.56484 0.2258899 0.76167 0.08888 0.76167 0.08888 0.56484 0.2258899 0.60597 -0.05453002 0.56484 0.2258899 0.35825 0.01372998 0.60597 -0.05453002 0.94768 0.50108 0.87551 0.27414 0.99861 0.001489996 0.87551 0.27414 0.76167 0.08888 0.99861 0.001489996 0.76167 0.08888 0.60597 -0.05453002 0.99861 0.001489996 0.001109957 0.71983 0.001589953 0.99851 0.09720999 0.80984 0.09720999 0.80984 0.001589953 0.99851 0.2189 0.87425 0.2189 0.87425 0.001589953 0.99851 0.36922 0.91004 0.02701997 0.40478 0.001109957 0.71983 0.22044 0.59023 0.001109957 0.71983 0.09720999 0.80984 0.22044 0.59023 0.09720999 0.80984 0.2189 0.87425 0.22044 0.59023 0.22044 0.59023 0.2189 0.87425 0.45329 0.7362501 0.45329 0.7362501 0.2189 0.87425 0.7354 0.833 0.2189 0.87425 0.36922 0.91004 0.7354 0.833 0.17017 0.20181 0.02701997 0.40478 0.37902 0.4117 0.02701997 0.40478 0.22044 0.59023 0.37902 0.4117 0.22044 0.59023 0.45329 0.7362501 0.37902 0.4117 0.37902 0.4117 0.45329 0.7362501 0.59661 0.61286 0.59661 0.61286 0.45329 0.7362501 0.81477 0.81345 0.45329 0.7362501 0.7354 0.833 0.81477 0.81345 0.34606 0.02591001 0.17017 0.20181 0.56122 0.22951 0.17017 0.20181 0.37902 0.4117 0.56122 0.22951 0.37902 0.4117 0.59661 0.61286 0.56122 0.22951 0.56122 0.22951 0.59661 0.61286 0.75818 0.4513 0.75818 0.4513 0.59661 0.61286 0.90444 0.72379 0.59661 0.61286 0.81477 0.81345 0.90444 0.72379 0.60165 -0.05020999 0.34606 0.02591001 0.76163 0.08890998 0.34606 0.02591001 0.56122 0.22951 0.76163 0.08890998 0.56122 0.22951 0.75818 0.4513 0.76163 0.08890998 0.76163 0.08890998 0.75818 0.4513 0.88614 0.26351 0.88614 0.26351 0.75818 0.4513 0.94546 0.5033 0.75818 0.4513 0.90444 0.72379 0.94546 0.5033 0.60165 -0.05020999 0.76163 0.08890998 0.99861 0.001489996 0.76163 0.08890998 0.88614 0.26351 0.99861 0.001489996 0.88614 0.26351 0.94546 0.5033 0.99861 0.001489996 0.29203 0.98723 0.001589953 0.99851 0.19536 0.8978 0.19536 0.8978 0.001589953 0.99851 0.12022 0.78682 0.12022 0.78682 0.001589953 0.99851 0.07032996 0.6506 0.61733 0.95107 0.29203 0.98723 0.4195 0.77004 0.29203 0.98723 0.19536 0.8978 0.4195 0.77004 0.19536 0.8978 0.12022 0.78682 0.4195 0.77004 0.4195 0.77004 0.12022 0.78682 0.25481 0.5558601 0.25481 0.5558601 0.12022 0.78682 0.13455 0.29725 0.12022 0.78682 0.07032996 0.6506 0.13455 0.29725 0.81351 0.81471 0.61733 0.95107 0.59486 0.61461 0.61733 0.95107 0.4195 0.77004 0.59486 0.61461 0.4195 0.77004 0.25481 0.5558601 0.59486 0.61461 0.59486 0.61461 0.25481 0.5558601 0.3817 0.40902 0.3817 0.40902 0.25481 0.5558601 0.17704 0.19493 0.25481 0.5558601 0.13455 0.29725 0.17704 0.19493 0.97926 0.64897 0.81351 0.81471 0.77377 0.4357 0.81351 0.81471 0.59486 0.61461 0.77377 0.4357 0.59486 0.61461 0.3817 0.40902 0.77377 0.4357 0.77377 0.4357 0.3817 0.40902 0.54749 0.2432399 0.54749 0.2432399 0.3817 0.40902 0.28582 0.08616 0.3817 0.40902 0.17704 0.19493 0.28582 0.08616 1.04388 0.40488 0.97926 0.64897 0.90967 0.2399899 0.97926 0.64897 0.77377 0.4357 0.90967 0.2399899 0.77377 0.4357 0.54749 0.2432399 0.90967 0.2399899 0.90967 0.2399899 0.54749 0.2432399 0.73929 0.1112599 0.73929 0.1112599 0.54749 0.2432399 0.51529 0.03614997 0.54749 0.2432399 0.28582 0.08616 0.51529 0.03614997 1.04388 0.40488 0.90967 0.2399899 0.99861 0.001489996 0.90967 0.2399899 0.73929 0.1112599 0.99861 0.001489996 0.73929 0.1112599 0.51529 0.03614997 0.99861 0.001489996 0.01325994 0.70767 0.001589953 0.99851 0.10089 0.80615 0.10089 0.80615 0.001589953 0.99851 0.21715 0.876 0.21715 0.876 0.001589953 0.99851 0.35876 0.92051 0.04787999 0.38392 0.01325994 0.70767 0.22645 0.58421 0.01325994 0.70767 0.10089 0.80615 0.22645 0.58421 0.10089 0.80615 0.21715 0.876 0.22645 0.58421 0.22645 0.58421 0.21715 0.876 0.45263 0.73691 0.45263 0.73691 0.21715 0.876 0.72262 0.84579 0.21715 0.876 0.35876 0.92051 0.72262 0.84579 0.17939 0.1925899 0.04787999 0.38392 0.37967 0.41105 0.04787999 0.38392 0.22645 0.58421 0.37967 0.41105 0.22645 0.58421 0.45263 0.73691 0.37967 0.41105 0.37967 0.41105 0.45263 0.73691 0.6012 0.60828 0.6012 0.60828 0.45263 0.73691 0.833 0.79523 0.45263 0.73691 0.72262 0.84579 0.833 0.79523 0.34549 0.02648997 0.17939 0.1925899 0.55927 0.2314599 0.17939 0.1925899 0.37967 0.41105 0.55927 0.2314599 0.37967 0.41105 0.6012 0.60828 0.55927 0.2314599 0.55927 0.2314599 0.6012 0.60828 0.76572 0.44376 0.76572 0.44376 0.6012 0.60828 0.94105 0.6871801 0.6012 0.60828 0.833 0.79523 0.94105 0.6871801 0.59387 -0.04243004 0.34549 0.02648997 0.75831 0.09223002 0.34549 0.02648997 0.55927 0.2314599 0.75831 0.09223002 0.55927 0.2314599 0.76572 0.44376 0.75831 0.09223002 0.75831 0.09223002 0.76572 0.44376 0.89177 0.25789 0.89177 0.25789 0.76572 0.44376 0.97739 0.47137 0.76572 0.44376 0.94105 0.6871801 0.97739 0.47137 0.59387 -0.04243004 0.75831 0.09223002 0.99861 0.001489996 0.75831 0.09223002 0.89177 0.25789 0.99861 0.001489996 0.89177 0.25789 0.97739 0.47137 0.99861 0.001489996 0.02914994 0.69178 0.001589953 0.99851 0.10642 0.80062 0.10642 0.80062 0.001589953 0.99851 0.21456 0.87859 0.21456 0.87859 0.001589953 0.99851 0.35396 0.9253 0.07429999 0.3575 0.02914994 0.69178 0.23528 0.57539 0.02914994 0.69178 0.10642 0.80062 0.23528 0.57539 0.10642 0.80062 0.21456 0.87859 0.23528 0.57539 0.23528 0.57539 0.21456 0.87859 0.44908 0.74046 0.44908 0.74046 0.21456 0.87859 0.71674 0.85166 0.21456 0.87859 0.35396 0.9253 0.71674 0.85166 0.1917999 0.18018 0.07429999 0.3575 0.38347 0.40726 0.07429999 0.3575 0.23528 0.57539 0.38347 0.40726 0.23528 0.57539 0.44908 0.74046 0.38347 0.40726 0.38347 0.40726 0.44908 0.74046 0.60177 0.60771 0.60177 0.60771 0.44908 0.74046 0.84039 0.78783 0.44908 0.74046 0.71674 0.85166 0.84039 0.78783 0.34516 0.02682 0.1917999 0.18018 0.55936 0.2313699 0.1917999 0.18018 0.38347 0.40726 0.55936 0.2313699 0.38347 0.40726 0.60177 0.60771 0.55936 0.2313699 0.55936 0.2313699 0.60177 0.60771 0.76802 0.44145 0.76802 0.44145 0.60177 0.60771 0.95451 0.67372 0.60177 0.60771 0.84039 0.78783 0.95451 0.67372 0.58198 -0.03053998 0.34516 0.02682 0.75448 0.09606999 0.34516 0.02682 0.55936 0.2313699 0.75448 0.09606999 0.55936 0.2313699 0.76802 0.44145 0.75448 0.09606999 0.75448 0.09606999 0.76802 0.44145 0.8951 0.25456 0.8951 0.25456 0.76802 0.44145 0.99067 0.45809 0.76802 0.44145 0.95451 0.67372 0.99067 0.45809 0.58198 -0.03053998 0.75448 0.09606999 0.99861 0.001489996 0.75448 0.09606999 0.8951 0.25456 0.99861 0.001489996 0.8951 0.25456 0.99067 0.45809 0.99861 0.001489996 0.07230997 0.64862 0.001589953 0.99851 0.13337 0.77367 0.13337 0.77367 0.001589953 0.99851 0.18989 0.90327 0.18989 0.90327 0.001589953 0.99851 0.27076 1.00851 0.13747 0.29433 0.07230997 0.64862 0.27622 0.53445 0.07230997 0.64862 0.13337 0.77367 0.27622 0.53445 0.13337 0.77367 0.18989 0.90327 0.27622 0.53445 0.27622 0.53445 0.18989 0.90327 0.40838 0.78116 0.40838 0.78116 0.18989 0.90327 0.57799 0.99041 0.18989 0.90327 0.27076 1.00851 0.57799 0.99041 0.18192 0.19006 0.13747 0.29433 0.39026 0.40046 0.13747 0.29433 0.27622 0.53445 0.39026 0.40046 0.27622 0.53445 0.40838 0.78116 0.39026 0.40046 0.39026 0.40046 0.40838 0.78116 0.58603 0.62344 0.58603 0.62344 0.40838 0.78116 0.78985 0.83837 0.40838 0.78116 0.57799 0.99041 0.78985 0.83837 0.29106 0.08091998 0.18192 0.19006 0.54361 0.24712 0.18192 0.19006 0.39026 0.40046 0.54361 0.24712 0.39026 0.40046 0.58603 0.62344 0.54361 0.24712 0.54361 0.24712 0.58603 0.62344 0.77002 0.43945 0.77002 0.43945 0.58603 0.62344 0.97622 0.652 0.58603 0.62344 0.78985 0.83837 0.97622 0.652 0.52265 0.02878999 0.29106 0.08091998 0.73104 0.1194999 0.29106 0.08091998 0.54361 0.24712 0.73104 0.1194999 0.54361 0.24712 0.77002 0.43945 0.73104 0.1194999 0.73104 0.1194999 0.77002 0.43945 0.91005 0.2396 0.91005 0.2396 0.77002 0.43945 1.05391 0.39485 0.77002 0.43945 0.97622 0.652 1.05391 0.39485 0.52265 0.02878999 0.73104 0.1194999 0.99861 0.001489996 0.73104 0.1194999 0.91005 0.2396 0.99861 0.001489996 0.91005 0.2396 1.05391 0.39485 0.99861 0.001489996 0.27393 1.00534 0.001589953 0.99851 0.1877599 0.90539 0.1877599 0.90539 0.001589953 0.99851 0.12657 0.78048 0.12657 0.78048 0.001589953 0.99851 0.07890999 0.64203 0.5866 0.98181 0.27393 1.00534 0.4063 0.78323 0.27393 1.00534 0.1877599 0.90539 0.4063 0.78323 0.1877599 0.90539 0.12657 0.78048 0.4063 0.78323 0.4063 0.78323 0.12657 0.78048 0.26415 0.54652 0.26415 0.54652 0.12657 0.78048 0.1473399 0.28446 0.12657 0.78048 0.07890999 0.64203 0.1473399 0.28446 0.80349 0.82474 0.5866 0.98181 0.58961 0.61986 0.5866 0.98181 0.4063 0.78323 0.58961 0.61986 0.4063 0.78323 0.26415 0.54652 0.58961 0.61986 0.58961 0.61986 0.26415 0.54652 0.3844 0.40633 0.3844 0.40633 0.26415 0.54652 0.18113 0.19085 0.26415 0.54652 0.1473399 0.28446 0.18113 0.19085 0.98227 0.64596 0.80349 0.82474 0.77217 0.43731 0.80349 0.82474 0.58961 0.61986 0.77217 0.43731 0.58961 0.61986 0.3844 0.40633 0.77217 0.43731 0.77217 0.43731 0.3844 0.40633 0.54647 0.2442499 0.54647 0.2442499 0.3844 0.40633 0.28686 0.08512002 0.3844 0.40633 0.18113 0.19085 0.28686 0.08512002 1.05402 0.39474 0.98227 0.64596 0.91153 0.23812 0.98227 0.64596 0.77217 0.43731 0.91153 0.23812 0.77217 0.43731 0.54647 0.2442499 0.91153 0.23812 0.91153 0.23812 0.54647 0.2442499 0.73649 0.1140599 0.73649 0.1140599 0.54647 0.2442499 0.51062 0.04082 0.54647 0.2442499 0.28686 0.08512002 0.51062 0.04082 1.05402 0.39474 0.91153 0.23812 0.99861 0.001489996 0.91153 0.23812 0.73649 0.1140599 0.99861 0.001489996 0.73649 0.1140599 0.51062 0.04082 0.99861 0.001489996 0.27715 1.00212 0.001589953 0.99851 0.18858 0.90458 0.18858 0.90458 0.001589953 0.99851 0.12531 0.78174 0.12531 0.78174 0.001589953 0.99851 0.06440997 0.65652 0.59051 0.97789 0.27715 1.00212 0.40691 0.78262 0.27715 1.00212 0.18858 0.90458 0.40691 0.78262 0.18858 0.90458 0.12531 0.78174 0.40691 0.78262 0.40691 0.78262 0.12531 0.78174 0.26403 0.54664 0.26403 0.54664 0.12531 0.78174 0.12576 0.30604 0.12531 0.78174 0.06440997 0.65652 0.12576 0.30604 0.80094 0.82728 0.59051 0.97789 0.58683 0.62265 0.59051 0.97789 0.40691 0.78262 0.58683 0.62265 0.40691 0.78262 0.26403 0.54664 0.58683 0.62265 0.58683 0.62265 0.26403 0.54664 0.38878 0.40194 0.38878 0.40194 0.26403 0.54664 0.18745 0.18453 0.26403 0.54664 0.12576 0.30604 0.18745 0.18453 0.98078 0.64744 0.80094 0.82728 0.77007 0.4394 0.80094 0.82728 0.58683 0.62265 0.77007 0.4394 0.58683 0.62265 0.38878 0.40194 0.77007 0.4394 0.77007 0.4394 0.38878 0.40194 0.55188 0.2388399 0.55188 0.2388399 0.38878 0.40194 0.31121 0.06076997 0.38878 0.40194 0.18745 0.18453 0.31121 0.06076997 1.05228 0.39648 0.98078 0.64744 0.91025 0.2394 0.98078 0.64744 0.77007 0.4394 0.91025 0.2394 0.77007 0.4394 0.55188 0.2388399 0.91025 0.2394 0.91025 0.2394 0.55188 0.2388399 0.73966 0.1108899 0.73966 0.1108899 0.55188 0.2388399 0.53392 0.01752001 0.55188 0.2388399 0.31121 0.06076997 0.53392 0.01752001 1.05228 0.39648 0.91025 0.2394 0.99861 0.001489996 0.91025 0.2394 0.73966 0.1108899 0.99861 0.001489996 0.73966 0.1108899 0.53392 0.01752001 0.99861 0.001489996 0.33061 0.94866 0.001589953 0.99851 0.20999 0.88316 0.20999 0.88316 0.001589953 0.99851 0.11064 0.7964 0.11064 0.7964 0.001589953 0.99851 0.03947997 0.68146 0.67191 0.89649 0.33061 0.94866 0.43833 0.75121 0.33061 0.94866 0.20999 0.88316 0.43833 0.75121 0.20999 0.88316 0.11064 0.7964 0.43833 0.75121 0.43833 0.75121 0.11064 0.7964 0.2443799 0.56629 0.2443799 0.56629 0.11064 0.7964 0.09632998 0.33547 0.11064 0.7964 0.03947997 0.68146 0.09632998 0.33547 0.79935 0.82887 0.67191 0.89649 0.58398 0.62549 0.67191 0.89649 0.43833 0.75121 0.58398 0.62549 0.43833 0.75121 0.2443799 0.56629 0.58398 0.62549 0.58398 0.62549 0.2443799 0.56629 0.39364 0.39709 0.39364 0.39709 0.2443799 0.56629 0.21448 0.1575 0.2443799 0.56629 0.09632998 0.33547 0.21448 0.1575 0.92855 0.69968 0.79935 0.82887 0.7493 0.46017 0.79935 0.82887 0.58398 0.62549 0.7493 0.46017 0.58398 0.62549 0.39364 0.39709 0.7493 0.46017 0.7493 0.46017 0.39364 0.39709 0.56902 0.22171 0.56902 0.22171 0.39364 0.39709 0.36037 0.01160001 0.39364 0.39709 0.21448 0.1575 0.36037 0.01160001 0.99225 0.45651 0.92855 0.69968 0.88803 0.26162 0.92855 0.69968 0.7493 0.46017 0.88803 0.26162 0.7493 0.46017 0.56902 0.22171 0.88803 0.26162 0.88803 0.26162 0.56902 0.22171 0.75637 0.09417998 0.75637 0.09417998 0.56902 0.22171 0.57689 -0.02544999 0.56902 0.22171 0.36037 0.01160001 0.57689 -0.02544999 0.99225 0.45651 0.88803 0.26162 0.99861 0.001489996 0.88803 0.26162 0.75637 0.09417998 0.99861 0.001489996 0.75637 0.09417998 0.57689 -0.02544999 0.99861 0.001489996 0.07095998 0.64997 0.001589953 0.99851 0.12664 0.7804 0.12664 0.7804 0.001589953 0.99851 0.19827 0.89488 0.19827 0.89488 0.001589953 0.99851 0.3044 0.97486 0.141 0.29079 0.07095998 0.64997 0.26767 0.543 0.07095998 0.64997 0.12664 0.7804 0.26767 0.543 0.12664 0.7804 0.19827 0.89488 0.26767 0.543 0.26767 0.543 0.19827 0.89488 0.42342 0.76611 0.42342 0.76611 0.19827 0.89488 0.63828 0.93012 0.19827 0.89488 0.3044 0.97486 0.63828 0.93012 0.2057099 0.16627 0.141 0.29079 0.39253 0.39819 0.141 0.29079 0.26767 0.543 0.39253 0.39819 0.26767 0.543 0.42342 0.76611 0.39253 0.39819 0.39253 0.39819 0.42342 0.76611 0.5939 0.61557 0.5939 0.61557 0.42342 0.76611 0.82507 0.80315 0.42342 0.76611 0.63828 0.93012 0.82507 0.80315 0.3236 0.04838001 0.2057099 0.16627 0.5527 0.23803 0.2057099 0.16627 0.39253 0.39819 0.5527 0.23803 0.39253 0.39819 0.5939 0.61557 0.5527 0.23803 0.5527 0.23803 0.5939 0.61557 0.7732 0.43627 0.7732 0.43627 0.5939 0.61557 0.98601 0.64221 0.5939 0.61557 0.82507 0.80315 0.98601 0.64221 0.54248 0.008960008 0.3236 0.04838001 0.73877 0.1117699 0.3236 0.04838001 0.5527 0.23803 0.73877 0.1117699 0.5527 0.23803 0.7732 0.43627 0.73877 0.1117699 0.73877 0.1117699 0.7732 0.43627 0.90687 0.24278 0.90687 0.24278 0.7732 0.43627 1.03595 0.41281 0.7732 0.43627 0.98601 0.64221 1.03595 0.41281 0.54248 0.008960008 0.73877 0.1117699 0.99861 0.001489996 0.73877 0.1117699 0.90687 0.24278 0.99861 0.001489996 0.90687 0.24278 1.03595 0.41281 0.99861 0.001489996 0.09465998 0.62627 0.001589953 0.99851 0.1369799 0.77006 0.1369799 0.77006 0.001589953 0.99851 0.1923 0.90086 0.1923 0.90086 0.001589953 0.99851 0.28492 0.99434 0.1790699 0.25272 0.09465998 0.62627 0.28457 0.52609 0.09465998 0.62627 0.1369799 0.77006 0.28457 0.52609 0.1369799 0.77006 0.1923 0.90086 0.28457 0.52609 0.28457 0.52609 0.1923 0.90086 0.41199 0.77754 0.41199 0.77754 0.1923 0.90086 0.60158 0.96682 0.1923 0.90086 0.28492 0.99434 0.60158 0.96682 0.21337 0.1586099 0.1790699 0.25272 0.4023 0.38842 0.1790699 0.25272 0.28457 0.52609 0.4023 0.38842 0.28457 0.52609 0.41199 0.77754 0.4023 0.38842 0.4023 0.38842 0.41199 0.77754 0.58573 0.62374 0.58573 0.62374 0.41199 0.77754 0.79668 0.83155 0.41199 0.77754 0.60158 0.96682 0.79668 0.83155 0.30771 0.06426 0.21337 0.1586099 0.55515 0.23558 0.21337 0.1586099 0.4023 0.38842 0.55515 0.23558 0.4023 0.38842 0.58573 0.62374 0.55515 0.23558 0.55515 0.23558 0.58573 0.62374 0.76796 0.44151 0.76796 0.44151 0.58573 0.62374 0.97091 0.65732 0.58573 0.62374 0.79668 0.83155 0.97091 0.65732 0.51867 0.03276997 0.30771 0.06426 0.73455 0.1159999 0.30771 0.06426 0.55515 0.23558 0.73455 0.1159999 0.55515 0.23558 0.76796 0.44151 0.73455 0.1159999 0.73455 0.1159999 0.76796 0.44151 0.90756 0.2420899 0.90756 0.2420899 0.76796 0.44151 1.04144 0.40732 0.76796 0.44151 0.97091 0.65732 1.04144 0.40732 0.51867 0.03276997 0.73455 0.1159999 0.99861 0.001489996 0.73455 0.1159999 0.90756 0.2420899 0.99861 0.001489996 0.90756 0.2420899 1.04144 0.40732 0.99861 0.001489996 0.3448 0.93447 0.001589953 0.99851 0.22426 0.8689 0.22426 0.8689 0.001589953 0.99851 0.09784996 0.80919 0.09784996 0.80919 0.001589953 0.99851 -0.003859996 0.72479 0.69747 0.87094 0.3448 0.93447 0.46306 0.72647 0.3448 0.93447 0.22426 0.8689 0.46306 0.72647 0.22426 0.8689 0.09784996 0.80919 0.46306 0.72647 0.46306 0.72647 0.09784996 0.80919 0.2208999 0.58976 0.2208999 0.58976 0.09784996 0.80919 0.01906996 0.41273 0.09784996 0.80919 -0.003859996 0.72479 0.01906996 0.41273 0.81863 0.8096 0.69747 0.87094 0.60003 0.60944 0.69747 0.87094 0.46306 0.72647 0.60003 0.60944 0.46306 0.72647 0.2208999 0.58976 0.60003 0.60944 0.60003 0.60944 0.2208999 0.58976 0.37859 0.41213 0.37859 0.41213 0.2208999 0.58976 0.17337 0.19861 0.2208999 0.58976 0.01906996 0.41273 0.17337 0.19861 0.93757 0.69066 0.81863 0.8096 0.75611 0.45337 0.81863 0.8096 0.60003 0.60944 0.75611 0.45337 0.60003 0.60944 0.37859 0.41213 0.75611 0.45337 0.75611 0.45337 0.37859 0.41213 0.56165 0.22908 0.56165 0.22908 0.37859 0.41213 0.35486 0.01712 0.37859 0.41213 0.17337 0.19861 0.35486 0.01712 0.98859 0.46017 0.93757 0.69066 0.88484 0.26482 0.93757 0.69066 0.75611 0.45337 0.88484 0.26482 0.75611 0.45337 0.56165 0.22908 0.88484 0.26482 0.88484 0.26482 0.56165 0.22908 0.75967 0.09087002 0.75967 0.09087002 0.56165 0.22908 0.60368 -0.05224001 0.56165 0.22908 0.35486 0.01712 0.60368 -0.05224001 0.98859 0.46017 0.88484 0.26482 0.99861 0.001489996 0.88484 0.26482 0.75967 0.09087002 0.99861 0.001489996 0.75967 0.09087002 0.60368 -0.05224001 0.99861 0.001489996 0.35805 0.92122 0.001589953 0.99851 0.2285799 0.86457 0.2285799 0.86457 0.001589953 0.99851 0.09621 0.81083 0.09621 0.81083 0.001589953 0.99851 -0.01012998 0.73106 0.71906 0.84934 0.35805 0.92122 0.4696 0.71993 0.35805 0.92122 0.2285799 0.86457 0.4696 0.71993 0.2285799 0.86457 0.09621 0.81083 0.4696 0.71993 0.4696 0.71993 0.09621 0.81083 0.21751 0.59316 0.21751 0.59316 0.09621 0.81083 0.006849944 0.42495 0.09621 0.81083 -0.01012998 0.73106 0.006849944 0.42495 0.82207 0.80616 0.71906 0.84934 0.60247 0.60701 0.71906 0.84934 0.4696 0.71993 0.60247 0.60701 0.4696 0.71993 0.21751 0.59316 0.60247 0.60701 0.60247 0.60701 0.21751 0.59316 0.37651 0.41422 0.37651 0.41422 0.21751 0.59316 0.1639699 0.20801 0.21751 0.59316 0.006849944 0.42495 0.1639699 0.20801 0.92424 0.70398 0.82207 0.80616 0.75353 0.45594 0.82207 0.80616 0.60247 0.60701 0.75353 0.45594 0.60247 0.60701 0.37651 0.41422 0.75353 0.45594 0.75353 0.45594 0.37651 0.41422 0.56111 0.2296199 0.56111 0.2296199 0.37651 0.41422 0.35248 0.01950001 0.37651 0.41422 0.1639699 0.20801 0.35248 0.01950001 0.97119 0.47757 0.92424 0.70398 0.88061 0.26905 0.92424 0.70398 0.75353 0.45594 0.88061 0.26905 0.75353 0.45594 0.56111 0.2296199 0.88061 0.26905 0.88061 0.26905 0.56111 0.2296199 0.76056 0.08999001 0.76056 0.08999001 0.56111 0.2296199 0.60672 -0.05527997 0.56111 0.2296199 0.35248 0.01950001 0.60672 -0.05527997 0.97119 0.47757 0.88061 0.26905 0.99861 0.001489996 0.88061 0.26905 0.76056 0.08999001 0.99861 0.001489996 0.76056 0.08999001 0.60672 -0.05527997 0.99861 0.001489996 0.02253997 0.69839 0.001589953 0.99851 0.10491 0.80214 0.10491 0.80214 0.001589953 0.99851 0.2137899 0.87936 0.2137899 0.87936 0.001589953 0.99851 0.35256 0.9267 0.06558001 0.36622 0.02253997 0.69839 0.23416 0.57651 0.02253997 0.69839 0.10491 0.80214 0.23416 0.57651 0.10491 0.80214 0.2137899 0.87936 0.23416 0.57651 0.23416 0.57651 0.2137899 0.87936 0.44604 0.74349 0.44604 0.74349 0.2137899 0.87936 0.71057 0.85783 0.2137899 0.87936 0.35256 0.9267 0.71057 0.85783 0.19424 0.1777399 0.06558001 0.36622 0.38702 0.40371 0.06558001 0.36622 0.23416 0.57651 0.38702 0.40371 0.23416 0.57651 0.44604 0.74349 0.38702 0.40371 0.38702 0.40371 0.44604 0.74349 0.59494 0.61454 0.59494 0.61454 0.44604 0.74349 0.82104 0.80718 0.44604 0.74349 0.71057 0.85783 0.82104 0.80718 0.3525 0.01946997 0.19424 0.1777399 0.56423 0.2264999 0.19424 0.1777399 0.38702 0.40371 0.56423 0.2264999 0.38702 0.40371 0.59494 0.61454 0.56423 0.2264999 0.56423 0.2264999 0.59494 0.61454 0.76068 0.44879 0.76068 0.44879 0.59494 0.61454 0.93081 0.69741 0.59494 0.61454 0.82104 0.80718 0.93081 0.69741 0.58999 -0.03855001 0.3525 0.01946997 0.75844 0.09210002 0.3525 0.01946997 0.56423 0.2264999 0.75844 0.09210002 0.56423 0.2264999 0.76068 0.44879 0.75844 0.09210002 0.75844 0.09210002 0.76068 0.44879 0.89095 0.2587 0.89095 0.2587 0.76068 0.44879 0.97468 0.47408 0.76068 0.44879 0.93081 0.69741 0.97468 0.47408 0.58999 -0.03855001 0.75844 0.09210002 0.99861 0.001489996 0.75844 0.09210002 0.89095 0.2587 0.99861 0.001489996 0.89095 0.2587 0.97468 0.47408 0.99861 0.001489996 0.07236999 0.64856 0.001589953 0.99851 0.1344 0.77264 0.1344 0.77264 0.001589953 0.99851 0.1894699 0.90369 0.1894699 0.90369 0.001589953 0.99851 0.26994 1.00933 0.14109 0.2907 0.07236999 0.64856 0.27926 0.5314 0.07236999 0.64856 0.1344 0.77264 0.27926 0.5314 0.1344 0.77264 0.1894699 0.90369 0.27926 0.5314 0.27926 0.5314 0.1894699 0.90369 0.40714 0.7824 0.40714 0.7824 0.1894699 0.90369 0.57632 0.99208 0.1894699 0.90369 0.26994 1.00933 0.57632 0.99208 0.19662 0.17536 0.14109 0.2907 0.39519 0.39554 0.14109 0.2907 0.27926 0.5314 0.39519 0.39554 0.27926 0.5314 0.40714 0.7824 0.39519 0.39554 0.39519 0.39554 0.40714 0.7824 0.58509 0.62439 0.58509 0.62439 0.40714 0.7824 0.79142 0.8368 0.40714 0.7824 0.57632 0.99208 0.79142 0.8368 0.30716 0.06481999 0.19662 0.17536 0.54749 0.2432299 0.19662 0.17536 0.39519 0.39554 0.54749 0.2432299 0.39519 0.39554 0.58509 0.62439 0.54749 0.2432299 0.54749 0.2432299 0.58509 0.62439 0.76982 0.43965 0.76982 0.43965 0.58509 0.62439 0.98006 0.64816 0.58509 0.62439 0.79142 0.8368 0.98006 0.64816 0.53306 0.01837998 0.30716 0.06481999 0.73344 0.11711 0.30716 0.06481999 0.54749 0.2432299 0.73344 0.11711 0.54749 0.2432299 0.76982 0.43965 0.73344 0.11711 0.73344 0.11711 0.76982 0.43965 0.90971 0.23995 0.90971 0.23995 0.76982 0.43965 1.05503 0.39372 0.76982 0.43965 0.98006 0.64816 1.05503 0.39372 0.53306 0.01837998 0.73344 0.11711 0.99861 0.001489996 0.73344 0.11711 0.90971 0.23995 0.99861 0.001489996 0.90971 0.23995 1.05503 0.39372 0.99861 0.001489996 0.08324998 0.63769 0.001589953 0.99851 0.13817 0.76888 0.13817 0.76888 0.001589953 0.99851 0.18839 0.90476 0.18839 0.90476 0.001589953 0.99851 0.26458 1.01469 0.1597599 0.27204 0.08324998 0.63769 0.28547 0.5252 0.08324998 0.63769 0.13817 0.76888 0.28547 0.5252 0.13817 0.76888 0.18839 0.90476 0.28547 0.5252 0.28547 0.5252 0.18839 0.90476 0.40431 0.78522 0.40431 0.78522 0.18839 0.90476 0.56467 1.00374 0.18839 0.90476 0.26458 1.01469 0.56467 1.00374 0.20405 0.16793 0.1597599 0.27204 0.40036 0.39037 0.1597599 0.27204 0.28547 0.5252 0.40036 0.39037 0.28547 0.5252 0.40431 0.78522 0.40036 0.39037 0.40036 0.39037 0.40431 0.78522 0.58177 0.6277 0.58177 0.6277 0.40431 0.78522 0.77785 0.85038 0.40431 0.78522 0.56467 1.00374 0.77785 0.85038 0.30149 0.07049 0.20405 0.16793 0.54895 0.2417799 0.20405 0.16793 0.40036 0.39037 0.54895 0.2417799 0.40036 0.39037 0.58177 0.6277 0.54895 0.2417799 0.54895 0.2417799 0.58177 0.6277 0.76704 0.44243 0.76704 0.44243 0.58177 0.6277 0.97147 0.65675 0.58177 0.6277 0.77785 0.85038 0.97147 0.65675 0.5213 0.03013998 0.30149 0.07049 0.73144 0.1191099 0.30149 0.07049 0.54895 0.2417799 0.73144 0.1191099 0.54895 0.2417799 0.76704 0.44243 0.73144 0.1191099 0.73144 0.1191099 0.76704 0.44243 0.90924 0.2404099 0.90924 0.2404099 0.76704 0.44243 1.05534 0.39342 0.76704 0.44243 0.97147 0.65675 1.05534 0.39342 0.5213 0.03013998 0.73144 0.1191099 0.99861 0.001489996 0.73144 0.1191099 0.90924 0.2404099 0.99861 0.001489996 0.90924 0.2404099 1.05534 0.39342 0.99861 0.001489996 0.002129971 0.71881 0.001589953 0.99851 0.09798997 0.80905 0.09798997 0.80905 0.001589953 0.99851 0.2147099 0.87845 0.2147099 0.87845 0.001589953 0.99851 0.33822 0.94105 0.02917999 0.40262 0.002129971 0.71881 0.22242 0.5882501 0.002129971 0.71881 0.09798997 0.80905 0.22242 0.5882501 0.09798997 0.80905 0.2147099 0.87845 0.22242 0.5882501 0.22242 0.5882501 0.2147099 0.87845 0.4459 0.74364 0.4459 0.74364 0.2147099 0.87845 0.67981 0.88859 0.2147099 0.87845 0.33822 0.94105 0.67981 0.88859 0.1700299 0.20195 0.02917999 0.40262 0.37923 0.4115 0.02917999 0.40262 0.22242 0.5882501 0.37923 0.4115 0.22242 0.5882501 0.4459 0.74364 0.37923 0.4115 0.37923 0.4115 0.4459 0.74364 0.59079 0.61869 0.59079 0.61869 0.4459 0.74364 0.79111 0.83711 0.4459 0.74364 0.67981 0.88859 0.79111 0.83711 0.34453 0.02745002 0.1700299 0.20195 0.56001 0.23071 0.1700299 0.20195 0.37923 0.4115 0.56001 0.23071 0.37923 0.4115 0.59079 0.61869 0.56001 0.23071 0.56001 0.23071 0.59079 0.61869 0.75673 0.45274 0.75673 0.45274 0.59079 0.61869 0.91764 0.71058 0.59079 0.61869 0.79111 0.83711 0.91764 0.71058 0.59829 -0.04684996 0.34453 0.02745002 0.75973 0.09082001 0.34453 0.02745002 0.56001 0.23071 0.75973 0.09082001 0.56001 0.23071 0.75673 0.45274 0.75973 0.09082001 0.75973 0.09082001 0.75673 0.45274 0.88822 0.26143 0.88822 0.26143 0.75673 0.45274 0.97253 0.47622 0.75673 0.45274 0.91764 0.71058 0.97253 0.47622 0.59829 -0.04684996 0.75973 0.09082001 0.99861 0.001489996 0.75973 0.09082001 0.88822 0.26143 0.99861 0.001489996 0.88822 0.26143 0.97253 0.47622 0.99861 0.001489996 -0.004239976 0.72518 0.001589953 0.99851 0.09498995 0.81206 0.09498995 0.81206 0.001589953 0.99851 0.21573 0.87743 0.21573 0.87743 0.001589953 0.99851 0.31851 0.96076 0.01378995 0.41801 -0.004239976 0.72518 0.2142 0.59647 -0.004239976 0.72518 0.09498995 0.81206 0.2142 0.59647 0.09498995 0.81206 0.21573 0.87743 0.2142 0.59647 0.2142 0.59647 0.21573 0.87743 0.45262 0.73691 0.45262 0.73691 0.21573 0.87743 0.65621 0.91219 0.21573 0.87743 0.31851 0.96076 0.65621 0.91219 0.15411 0.2178699 0.01378995 0.41801 0.36692 0.42381 0.01378995 0.41801 0.2142 0.59647 0.36692 0.42381 0.2142 0.59647 0.45262 0.73691 0.36692 0.42381 0.36692 0.42381 0.45262 0.73691 0.60723 0.60224 0.60723 0.60224 0.45262 0.73691 0.81789 0.81033 0.45262 0.73691 0.65621 0.91219 0.81789 0.81033 0.34185 0.03013002 0.15411 0.2178699 0.55219 0.2385399 0.15411 0.2178699 0.36692 0.42381 0.55219 0.2385399 0.36692 0.42381 0.60723 0.60224 0.55219 0.2385399 0.55219 0.2385399 0.60723 0.60224 0.77402 0.43546 0.77402 0.43546 0.60723 0.60224 0.972 0.65622 0.60723 0.60224 0.81789 0.81033 0.972 0.65622 0.60362 -0.05218005 0.34185 0.03013002 0.75747 0.09307998 0.34185 0.03013002 0.55219 0.2385399 0.75747 0.09307998 0.55219 0.2385399 0.77402 0.43546 0.75747 0.09307998 0.75747 0.09307998 0.77402 0.43546 0.89757 0.25208 0.89757 0.25208 0.77402 0.43546 1.02167 0.42709 0.77402 0.43546 0.972 0.65622 1.02167 0.42709 0.60362 -0.05218005 0.75747 0.09307998 0.99861 0.001489996 0.75747 0.09307998 0.89757 0.25208 0.99861 0.001489996 0.89757 0.25208 1.02167 0.42709 0.99861 0.001489996 0.36953 0.90974 0.001589953 0.99851 0.2269 0.86625 0.2269 0.86625 0.001589953 0.99851 0.09991997 0.80712 0.09991997 0.80712 0.001589953 0.99851 0.005539953 0.71539 0.73801 0.83039 0.36953 0.90974 0.46699 0.72254 0.36953 0.90974 0.2269 0.86625 0.46699 0.72254 0.2269 0.86625 0.09991997 0.80712 0.46699 0.72254 0.46699 0.72254 0.09991997 0.80712 0.22465 0.58602 0.22465 0.58602 0.09991997 0.80712 0.03527998 0.39652 0.09991997 0.80712 0.005539953 0.71539 0.03527998 0.39652 0.82759 0.80063 0.73801 0.83039 0.60248 0.60699 0.73801 0.83039 0.46699 0.72254 0.60248 0.60699 0.46699 0.72254 0.22465 0.58602 0.60248 0.60699 0.60248 0.60699 0.22465 0.58602 0.38017 0.41056 0.38017 0.41056 0.22465 0.58602 0.17672 0.1952599 0.22465 0.58602 0.03527998 0.39652 0.17672 0.1952599 0.9215 0.70672 0.82759 0.80063 0.75631 0.45316 0.82759 0.80063 0.60248 0.60699 0.75631 0.45316 0.60248 0.60699 0.38017 0.41056 0.75631 0.45316 0.75631 0.45316 0.38017 0.41056 0.56233 0.2283899 0.56233 0.2283899 0.38017 0.41056 0.35194 0.02003997 0.38017 0.41056 0.17672 0.1952599 0.35194 0.02003997 0.95959 0.48917 0.9215 0.70672 0.88066 0.26899 0.9215 0.70672 0.75631 0.45316 0.88066 0.26899 0.75631 0.45316 0.56233 0.2283899 0.88066 0.26899 0.88066 0.26899 0.56233 0.2283899 0.75995 0.09060001 0.75995 0.09060001 0.56233 0.2283899 0.59762 -0.04618 0.56233 0.2283899 0.35194 0.02003997 0.59762 -0.04618 0.95959 0.48917 0.88066 0.26899 0.99861 0.001489996 0.88066 0.26899 0.75995 0.09060001 0.99861 0.001489996 0.75995 0.09060001 0.59762 -0.04618 0.99861 0.001489996 -0.003889977 0.72483 0.001589953 0.99851 0.09520995 0.81183 0.09520995 0.81183 0.001589953 0.99851 0.21826 0.8749 0.21826 0.8749 0.001589953 0.99851 0.34759 0.93168 0.01872998 0.41307 -0.003889977 0.72483 0.2169499 0.59372 -0.003889977 0.72483 0.09520995 0.81183 0.2169499 0.59372 0.09520995 0.81183 0.21826 0.8749 0.2169499 0.59372 0.2169499 0.59372 0.21826 0.8749 0.45321 0.73632 0.45321 0.73632 0.21826 0.8749 0.70118 0.86722 0.21826 0.8749 0.34759 0.93168 0.70118 0.86722 0.16931 0.20266 0.01872998 0.41307 0.37673 0.414 0.01872998 0.41307 0.2169499 0.59372 0.37673 0.414 0.2169499 0.59372 0.45321 0.73632 0.37673 0.414 0.37673 0.414 0.45321 0.73632 0.59755 0.61193 0.59755 0.61193 0.45321 0.73632 0.8161 0.81212 0.45321 0.73632 0.70118 0.86722 0.8161 0.81212 0.34976 0.02222001 0.16931 0.20266 0.56001 0.2307199 0.16931 0.20266 0.37673 0.414 0.56001 0.2307199 0.37673 0.414 0.59755 0.61193 0.56001 0.2307199 0.56001 0.2307199 0.59755 0.61193 0.76063 0.44885 0.76063 0.44885 0.59755 0.61193 0.93367 0.69455 0.59755 0.61193 0.8161 0.81212 0.93367 0.69455 0.60313 -0.05168998 0.34976 0.02222001 0.76048 0.09005999 0.34976 0.02222001 0.56001 0.2307199 0.76048 0.09005999 0.56001 0.2307199 0.76063 0.44885 0.76048 0.09005999 0.76048 0.09005999 0.76063 0.44885 0.88903 0.26063 0.88903 0.26063 0.76063 0.44885 0.97636 0.4724 0.76063 0.44885 0.93367 0.69455 0.97636 0.4724 0.60313 -0.05168998 0.76048 0.09005999 0.99861 0.001489996 0.76048 0.09005999 0.88903 0.26063 0.99861 0.001489996 0.88903 0.26063 0.97636 0.4724 0.99861 0.001489996 0.31668 0.96259 0.001589953 0.99851 0.20372 0.88944 0.20372 0.88944 0.001589953 0.99851 0.10164 0.80541 0.10164 0.80541 0.001589953 0.99851 0.01273995 0.70819 0.64574 0.92266 0.31668 0.96259 0.4265 0.76304 0.31668 0.96259 0.20372 0.88944 0.4265 0.76304 0.20372 0.88944 0.10164 0.80541 0.4265 0.76304 0.4265 0.76304 0.10164 0.80541 0.22731 0.58335 0.22731 0.58335 0.10164 0.80541 0.04628998 0.38551 0.10164 0.80541 0.01273995 0.70819 0.04628998 0.38551 0.77418 0.85404 0.64574 0.92266 0.57274 0.63673 0.64574 0.92266 0.4265 0.76304 0.57274 0.63673 0.4265 0.76304 0.22731 0.58335 0.57274 0.63673 0.57274 0.63673 0.22731 0.58335 0.37476 0.41597 0.37476 0.41597 0.22731 0.58335 0.17044 0.2015299 0.22731 0.58335 0.04628998 0.38551 0.17044 0.2015299 0.9009 0.70738 0.77418 0.85404 0.73574 0.46708 0.77418 0.85404 0.57274 0.63673 0.73574 0.46708 0.57274 0.63673 0.37476 0.41597 0.73574 0.46708 0.73574 0.46708 0.37476 0.41597 0.55308 0.2442899 0.55308 0.2442899 0.37476 0.41597 0.34185 0.05006998 0.37476 0.41597 0.17044 0.2015299 0.34185 0.05006998 0.98385 0.47488 0.9009 0.70738 0.88294 0.27004 0.9009 0.70738 0.73574 0.46708 0.88294 0.27004 0.73574 0.46708 0.55308 0.2442899 0.88294 0.27004 0.88294 0.27004 0.55308 0.2442899 0.75006 0.09715998 0.75006 0.09715998 0.55308 0.2442899 0.57524 -0.03376996 0.55308 0.2442899 0.34185 0.05006998 0.57524 -0.03376996 0.98385 0.47488 0.88294 0.27004 0.99861 0.001489996 0.88294 0.27004 0.75006 0.09715998 0.99861 0.001489996 0.75006 0.09715998 0.57524 -0.03376996 0.99861 0.001489996 0.02287 0.69807 0.001589953 0.99851 0.1049 0.80215 0.1049 0.80215 0.001589953 0.99851 0.19735 0.8958 0.19735 0.8958 0.001589953 0.99851 0.30023 0.97904 0.05504995 0.37675 0.02287 0.69807 0.22903 0.58164 0.02287 0.69807 0.1049 0.80215 0.22903 0.58164 0.1049 0.80215 0.19735 0.8958 0.22903 0.58164 0.22903 0.58164 0.19735 0.8958 0.42069 0.76884 0.42069 0.76884 0.19735 0.8958 0.62721 0.94119 0.19735 0.8958 0.30023 0.97904 0.62721 0.94119 0.14693 0.2250499 0.05504995 0.37675 0.36457 0.42616 0.05504995 0.37675 0.22903 0.58164 0.36457 0.42616 0.22903 0.58164 0.42069 0.76884 0.36457 0.42616 0.36457 0.42616 0.42069 0.76884 0.58468 0.62479 0.58468 0.62479 0.42069 0.76884 0.79943 0.82879 0.42069 0.76884 0.62721 0.94119 0.79943 0.82879 0.30721 0.08471 0.14693 0.2250499 0.53881 0.25857 0.14693 0.2250499 0.36457 0.42616 0.53881 0.25857 0.36457 0.42616 0.58468 0.62479 0.53881 0.25857 0.53881 0.25857 0.58468 0.62479 0.75456 0.44827 0.75456 0.44827 0.58468 0.62479 0.94313 0.66515 0.58468 0.62479 0.79943 0.82879 0.94313 0.66515 0.54613 -0.00466001 0.30721 0.08471 0.73751 0.1097099 0.30721 0.08471 0.53881 0.25857 0.73751 0.1097099 0.53881 0.25857 0.75456 0.44827 0.73751 0.1097099 0.73751 0.1097099 0.75456 0.44827 0.90026 0.25272 0.90026 0.25272 0.75456 0.44827 1.02248 0.43624 0.75456 0.44827 0.94313 0.66515 1.02248 0.43624 0.54613 -0.00466001 0.73751 0.1097099 0.99861 0.001489996 0.73751 0.1097099 0.90026 0.25272 0.99861 0.001489996 0.90026 0.25272 1.02248 0.43624 0.99861 0.001489996 0.29934 0.97993 0.001589953 0.99851 0.19788 0.89528 0.19788 0.89528 0.001589953 0.99851 0.10293 0.80411 0.10293 0.80411 0.001589953 0.99851 0.01594996 0.70499 0.62408 0.94432 0.29934 0.97993 0.42096 0.76857 0.29934 0.97993 0.19788 0.89528 0.42096 0.76857 0.19788 0.89528 0.10293 0.80411 0.42096 0.76857 0.42096 0.76857 0.10293 0.80411 0.22709 0.58357 0.22709 0.58357 0.10293 0.80411 0.04552996 0.38627 0.10293 0.80411 0.01594996 0.70499 0.04552996 0.38627 0.79465 0.83357 0.62408 0.94432 0.58395 0.62552 0.62408 0.94432 0.42096 0.76857 0.58395 0.62552 0.42096 0.76857 0.22709 0.58357 0.58395 0.62552 0.58395 0.62552 0.22709 0.58357 0.36922 0.42151 0.36922 0.42151 0.22709 0.58357 0.1527799 0.21919 0.22709 0.58357 0.04552996 0.38627 0.1527799 0.21919 0.93833 0.66995 0.79465 0.83357 0.75178 0.45105 0.79465 0.83357 0.58395 0.62552 0.75178 0.45105 0.58395 0.62552 0.36922 0.42151 0.75178 0.45105 0.75178 0.45105 0.36922 0.42151 0.54615 0.25122 0.54615 0.25122 0.36922 0.42151 0.31994 0.07196998 0.36922 0.42151 0.1527799 0.21919 0.31994 0.07196998 1.02016 0.43857 0.93833 0.66995 0.89653 0.25645 0.93833 0.66995 0.75178 0.45105 0.89653 0.25645 0.75178 0.45105 0.54615 0.25122 0.89653 0.25645 0.89653 0.25645 0.54615 0.25122 0.74489 0.10233 0.74489 0.10233 0.54615 0.25122 0.55942 -0.01795005 0.54615 0.25122 0.31994 0.07196998 0.55942 -0.01795005 1.02016 0.43857 0.89653 0.25645 0.99861 0.001489996 0.89653 0.25645 0.74489 0.10233 0.99861 0.001489996 0.74489 0.10233 0.55942 -0.01795005 0.99861 0.001489996 0.28959 0.98968 0.001589953 0.99851 0.19243 0.90072 0.19243 0.90072 0.001589953 0.99851 0.11072 0.79632 0.11072 0.79632 0.001589953 0.99851 0.04760998 0.67333 0.60881 0.95959 0.28959 0.98968 0.4125 0.77703 0.28959 0.98968 0.19243 0.90072 0.4125 0.77703 0.19243 0.90072 0.11072 0.79632 0.4125 0.77703 0.4125 0.77703 0.11072 0.79632 0.23861 0.57205 0.23861 0.57205 0.11072 0.79632 0.09599 0.3358 0.11072 0.79632 0.04760998 0.67333 0.09599 0.3358 0.79133 0.83689 0.60881 0.95959 0.58176 0.62772 0.60881 0.95959 0.4125 0.77703 0.58176 0.62772 0.4125 0.77703 0.23861 0.57205 0.58176 0.62772 0.58176 0.62772 0.23861 0.57205 0.37046 0.42027 0.37046 0.42027 0.23861 0.57205 0.15902 0.21296 0.23861 0.57205 0.09599 0.3358 0.15902 0.21296 0.94478 0.6635 0.79133 0.83689 0.75391 0.44892 0.79133 0.83689 0.58176 0.62772 0.75391 0.44892 0.58176 0.62772 0.37046 0.42027 0.75391 0.44892 0.75391 0.44892 0.37046 0.42027 0.54181 0.25556 0.54181 0.25556 0.37046 0.42027 0.2972 0.09472 0.37046 0.42027 0.15902 0.21296 0.2972 0.09472 1.03365 0.42508 0.94478 0.6635 0.90185 0.25113 0.94478 0.6635 0.75391 0.44892 0.90185 0.25113 0.75391 0.44892 0.54181 0.25556 0.90185 0.25113 0.90185 0.25113 0.54181 0.25556 0.73643 0.1108 0.73643 0.1108 0.54181 0.25556 0.5184 0.02306997 0.54181 0.25556 0.2972 0.09472 0.5184 0.02306997 1.03365 0.42508 0.90185 0.25113 0.99861 0.001489996 0.90185 0.25113 0.73643 0.1108 0.99861 0.001489996 0.73643 0.1108 0.5184 0.02306997 0.99861 0.001489996</float_array>
          <technique_common>
            <accessor source="#Tree_1_Tree_1Mat_0-mesh-map-0-array" count="10440" stride="2">
              <param name="S" type="float"/>
              <param name="T" type="float"/>
            </accessor>
          </technique_common>
        </source>
        <vertices id="Tree_1_Tree_1Mat_0-mesh-vertices">
          <input semantic="POSITION" source="#Tree_1_Tree_1Mat_0-mesh-positions"/>
        </vertices>
        <triangles material="Tree_1Mat-material" count="3480">
          <input semantic="VERTEX" source="#Tree_1_Tree_1Mat_0-mesh-vertices" offset="0"/>
          <input semantic="NORMAL" source="#Tree_1_Tree_1Mat_0-mesh-normals" offset="1"/>
          <input semantic="TEXCOORD" source="#Tree_1_Tree_1Mat_0-mesh-map-0" offset="2" set="0"/>
          <p>0 0 0 1 1 1 2 2 2 2 2 3 1 1 4 3 3 5 3 3 6 1 1 7 4 4 8 5 5 9 0 0 10 6 6 11 0 0 12 2 2 13 6 6 14 2 2 15 3 3 16 6 6 17 6 6 18 3 3 19 7 7 20 7 7 21 3 3 22 8 8 23 3 3 24 4 4 25 8 8 26 9 9 27 5 5 28 10 10 29 5 5 30 6 6 31 10 10 32 6 6 33 7 7 34 10 10 35 10 10 36 7 7 37 11 11 38 11 11 39 7 7 40 12 12 41 7 7 42 8 8 43 12 12 44 13 13 45 9 9 46 14 14 47 9 9 48 10 10 49 14 14 50 10 10 51 11 11 52 14 14 53 14 14 54 11 11 55 15 15 56 15 15 57 11 11 58 16 16 59 11 11 60 12 12 61 16 16 62 17 17 63 13 13 64 18 18 65 13 13 66 14 14 67 18 18 68 14 14 69 15 15 70 18 18 71 18 18 72 15 15 73 19 19 74 19 19 75 15 15 76 20 20 77 15 15 78 16 16 79 20 20 80 17 17 81 18 18 82 21 21 83 18 18 84 19 19 85 21 21 86 19 19 87 20 20 88 21 21 89 22 22 90 23 23 91 24 24 92 24 24 93 23 23 94 25 25 95 25 25 96 26 26 97 27 27 98 28 28 99 22 22 100 29 29 101 22 22 102 24 24 103 29 29 104 24 24 105 25 25 106 29 29 107 29 29 108 25 25 109 30 30 110 30 30 111 25 25 112 31 31 113 25 25 114 27 27 115 31 31 116 32 32 117 28 28 118 33 33 119 28 28 120 29 29 121 33 33 122 29 29 123 30 30 124 33 33 125 33 33 126 30 30 127 34 34 128 34 34 129 30 30 130 35 35 131 30 30 132 31 31 133 35 35 134 36 36 135 32 32 136 37 37 137 32 32 138 33 33 139 37 37 140 33 33 141 34 34 142 37 37 143 37 37 144 34 34 145 38 38 146 38 38 147 34 34 148 39 39 149 34 34 150 35 35 151 39 39 152 40 40 153 36 36 154 41 41 155 36 36 156 37 37 157 41 41 158 37 37 159 38 38 160 41 41 161 41 41 162 38 38 163 42 42 164 42 42 165 38 38 166 43 43 167 38 38 168 39 39 169 43 43 170 40 40 171 41 41 172 44 44 173 41 41 174 42 42 175 44 44 176 42 42 177 43 43 178 44 44 179 45 45 180 46 46 181 47 47 182 47 47 183 46 46 184 48 48 185 48 48 186 46 46 187 49 49 188 50 50 189 45 45 190 51 51 191 45 45 192 47 47 193 51 51 194 47 47 195 48 48 196 51 51 197 51 51 198 48 48 199 52 52 200 52 52 201 48 48 202 53 53 203 48 48 204 49 49 205 53 53 206 54 54 207 50 50 208 55 55 209 50 50 210 51 51 211 55 55 212 51 51 213 52 52 214 55 55 215 55 55 216 52 52 217 56 56 218 56 56 219 52 52 220 57 57 221 52 52 222 53 53 223 57 57 224 58 58 225 54 54 226 59 59 227 54 54 228 55 55 229 59 59 230 55 55 231 56 56 232 59 59 233 59 59 234 56 56 235 60 60 236 60 60 237 56 56 238 61 61 239 56 56 240 57 57 241 61 61 242 62 62 243 58 58 244 63 63 245 58 58 246 59 59 247 63 63 248 59 59 249 60 60 250 63 63 251 63 63 252 60 60 253 64 64 254 64 64 255 60 60 256 65 65 257 60 60 258 61 61 259 65 65 260 62 62 261 63 63 262 66 66 263 63 63 264 64 64 265 66 66 266 64 64 267 65 65 268 66 66 269 67 67 270 68 68 271 69 69 272 69 69 273 68 68 274 70 70 275 70 70 276 68 68 277 71 71 278 72 72 279 67 67 280 73 73 281 67 67 282 69 69 283 73 73 284 69 69 285 70 70 286 73 73 287 73 73 288 70 70 289 74 74 290 74 74 291 70 70 292 75 75 293 70 70 294 71 71 295 75 75 296 76 76 297 72 72 298 77 77 299 72 72 300 73 73 301 77 77 302 73 73 303 74 74 304 77 77 305 77 77 306 74 74 307 78 78 308 78 78 309 74 74 310 79 79 311 74 74 312 75 75 313 79 79 314 80 80 315 76 76 316 81 81 317 76 76 318 77 77 319 81 81 320 77 77 321 78 78 322 81 81 323 81 81 324 78 78 325 82 82 326 82 82 327 78 78 328 83 83 329 78 78 330 79 79 331 83 83 332 84 84 333 80 80 334 85 85 335 80 80 336 81 81 337 85 85 338 81 81 339 82 82 340 85 85 341 85 85 342 82 82 343 86 86 344 86 86 345 82 82 346 87 87 347 82 82 348 83 83 349 87 87 350 84 84 351 85 85 352 88 88 353 85 85 354 86 86 355 88 88 356 86 86 357 87 87 358 88 88 359 89 89 360 90 90 361 91 91 362 91 91 363 90 90 364 92 92 365 92 92 366 90 90 367 93 93 368 94 94 369 89 89 370 95 95 371 89 89 372 91 91 373 95 95 374 91 91 375 92 92 376 95 95 377 95 95 378 92 92 379 96 96 380 96 96 381 92 92 382 97 97 383 92 92 384 93 93 385 97 97 386 98 98 387 94 94 388 99 99 389 94 94 390 95 95 391 99 99 392 95 95 393 96 96 394 99 99 395 99 99 396 96 96 397 100 100 398 100 100 399 96 96 400 101 101 401 96 96 402 97 97 403 101 101 404 102 102 405 98 98 406 103 103 407 98 98 408 99 99 409 103 103 410 99 99 411 100 100 412 103 103 413 103 103 414 100 100 415 104 104 416 104 104 417 100 100 418 105 105 419 100 100 420 101 101 421 105 105 422 106 106 423 102 102 424 107 107 425 102 102 426 103 103 427 107 107 428 103 103 429 104 104 430 107 107 431 107 107 432 104 104 433 108 108 434 108 108 435 104 104 436 109 109 437 104 104 438 105 105 439 109 109 440 106 106 441 107 107 442 110 110 443 107 107 444 108 108 445 110 110 446 108 108 447 109 109 448 110 110 449 111 111 450 112 112 451 113 113 452 113 113 453 112 112 454 114 114 455 114 114 456 112 112 457 115 115 458 116 116 459 111 111 460 117 117 461 111 111 462 113 113 463 117 117 464 113 113 465 114 114 466 117 117 467 117 117 468 114 114 469 118 118 470 118 118 471 114 114 472 119 119 473 114 114 474 115 115 475 119 119 476 120 120 477 116 116 478 121 121 479 116 116 480 117 117 481 121 121 482 117 117 483 118 118 484 121 121 485 121 121 486 118 118 487 122 122 488 122 122 489 118 118 490 123 123 491 118 118 492 119 119 493 123 123 494 124 124 495 120 120 496 125 125 497 120 120 498 121 121 499 125 125 500 121 121 501 122 122 502 125 125 503 125 125 504 122 122 505 126 126 506 126 126 507 122 122 508 127 127 509 122 122 510 123 123 511 127 127 512 128 128 513 124 124 514 129 129 515 124 124 516 125 125 517 129 129 518 125 125 519 126 126 520 129 129 521 129 129 522 126 126 523 130 130 524 130 130 525 126 126 526 131 131 527 126 126 528 127 127 529 131 131 530 128 128 531 129 129 532 132 132 533 129 129 534 130 130 535 132 132 536 130 130 537 131 131 538 132 132 539 133 133 540 134 134 541 135 135 542 135 135 543 134 134 544 136 136 545 136 136 546 134 134 547 137 137 548 138 138 549 133 133 550 139 139 551 133 133 552 135 135 553 139 139 554 135 135 555 136 136 556 139 139 557 139 139 558 136 136 559 140 140 560 140 140 561 136 136 562 141 141 563 136 136 564 137 137 565 141 141 566 142 142 567 138 138 568 143 143 569 138 138 570 139 139 571 143 143 572 139 139 573 140 140 574 143 143 575 143 143 576 140 140 577 144 144 578 144 144 579 140 140 580 145 145 581 140 140 582 141 141 583 145 145 584 146 146 585 142 142 586 147 147 587 142 142 588 143 143 589 147 147 590 143 143 591 144 144 592 147 147 593 147 147 594 144 144 595 148 148 596 148 148 597 144 144 598 149 149 599 144 144 600 145 145 601 149 149 602 150 150 603 146 146 604 151 151 605 146 146 606 147 147 607 151 151 608 147 147 609 148 148 610 151 151 611 151 151 612 148 148 613 152 152 614 152 152 615 148 148 616 153 153 617 148 148 618 149 149 619 153 153 620 150 150 621 151 151 622 154 154 623 151 151 624 152 152 625 154 154 626 152 152 627 153 153 628 154 154 629 155 155 630 156 156 631 157 157 632 157 157 633 156 156 634 158 158 635 158 158 636 156 156 637 159 159 638 160 160 639 155 155 640 161 161 641 155 155 642 157 157 643 161 161 644 157 157 645 158 158 646 161 161 647 161 161 648 158 158 649 162 162 650 162 162 651 158 158 652 163 163 653 158 158 654 159 159 655 163 163 656 164 164 657 160 160 658 165 165 659 160 160 660 161 161 661 165 165 662 161 161 663 162 162 664 165 165 665 165 165 666 162 162 667 166 166 668 166 166 669 162 162 670 167 167 671 162 162 672 163 163 673 167 167 674 168 168 675 164 164 676 169 169 677 164 164 678 165 165 679 169 169 680 165 165 681 166 166 682 169 169 683 169 169 684 166 166 685 170 170 686 170 170 687 166 166 688 171 171 689 166 166 690 167 167 691 171 171 692 172 172 693 168 168 694 173 173 695 168 168 696 169 169 697 173 173 698 169 169 699 170 170 700 173 173 701 173 173 702 170 170 703 174 174 704 174 174 705 170 170 706 175 175 707 170 170 708 171 171 709 175 175 710 172 172 711 173 173 712 176 176 713 173 173 714 174 174 715 176 176 716 174 174 717 175 175 718 176 176 719 177 177 720 178 178 721 179 179 722 179 179 723 178 178 724 180 180 725 180 180 726 178 178 727 181 181 728 182 182 729 177 177 730 183 183 731 177 177 732 179 179 733 183 183 734 179 179 735 180 180 736 183 183 737 183 183 738 180 180 739 184 184 740 184 184 741 180 180 742 185 185 743 180 180 744 181 181 745 185 185 746 186 186 747 182 182 748 187 187 749 182 182 750 183 183 751 187 187 752 183 183 753 184 184 754 187 187 755 187 187 756 184 184 757 188 188 758 188 188 759 184 184 760 189 189 761 184 184 762 185 185 763 189 189 764 190 190 765 186 186 766 191 191 767 186 186 768 187 187 769 191 191 770 187 187 771 188 188 772 191 191 773 191 191 774 188 188 775 192 192 776 192 192 777 188 188 778 193 193 779 188 188 780 189 189 781 193 193 782 194 194 783 190 190 784 195 195 785 190 190 786 191 191 787 195 195 788 191 191 789 192 192 790 195 195 791 195 195 792 192 192 793 196 196 794 196 196 795 192 192 796 197 197 797 192 192 798 193 193 799 197 197 800 194 194 801 195 195 802 198 198 803 195 195 804 196 196 805 199 199 806 196 196 807 197 197 808 198 200 809 200 201 810 201 202 811 202 203 812 202 203 813 201 202 814 203 204 815 203 204 816 201 202 817 204 205 818 205 206 819 200 201 820 206 207 821 200 201 822 202 203 823 206 207 824 202 203 825 203 204 826 206 207 827 206 207 828 203 204 829 207 208 830 207 208 831 203 204 832 208 209 833 203 204 834 204 205 835 208 209 836 209 210 837 205 206 838 210 211 839 205 206 840 206 207 841 210 211 842 206 207 843 207 208 844 210 211 845 210 211 846 207 208 847 211 212 848 211 212 849 207 208 850 212 213 851 207 208 852 208 209 853 212 213 854 213 214 855 209 210 856 214 215 857 209 210 858 210 211 859 214 215 860 210 211 861 211 212 862 214 215 863 214 215 864 211 212 865 215 216 866 215 216 867 211 212 868 216 217 869 211 212 870 212 213 871 216 217 872 217 218 873 213 214 874 218 219 875 213 214 876 214 215 877 218 219 878 214 215 879 215 216 880 218 219 881 218 219 882 215 216 883 219 220 884 219 220 885 215 216 886 220 221 887 215 216 888 216 217 889 220 221 890 217 218 891 218 219 892 221 222 893 218 219 894 219 220 895 221 222 896 219 220 897 220 221 898 221 222 899 222 223 900 223 224 901 224 225 902 224 225 903 223 224 904 225 226 905 225 226 906 223 224 907 226 227 908 227 228 909 222 223 910 228 229 911 222 223 912 224 225 913 228 229 914 224 225 915 225 226 916 228 229 917 228 229 918 225 226 919 229 230 920 229 230 921 225 226 922 230 231 923 225 226 924 226 227 925 230 231 926 231 232 927 227 228 928 232 233 929 227 228 930 228 229 931 232 233 932 228 229 933 229 230 934 232 233 935 232 233 936 229 230 937 233 234 938 233 234 939 229 230 940 234 235 941 229 230 942 230 231 943 234 235 944 235 236 945 231 232 946 236 237 947 231 232 948 232 233 949 236 237 950 232 233 951 233 234 952 236 237 953 236 237 954 233 234 955 237 238 956 237 238 957 233 234 958 238 239 959 233 234 960 234 235 961 238 239 962 239 240 963 235 236 964 240 241 965 235 236 966 236 237 967 240 241 968 236 237 969 237 238 970 240 241 971 240 241 972 237 238 973 241 242 974 241 242 975 237 238 976 242 243 977 237 238 978 238 239 979 242 243 980 239 240 981 240 241 982 243 244 983 240 241 984 241 242 985 243 244 986 241 242 987 242 243 988 243 244 989 244 245 990 245 246 991 246 247 992 246 247 993 245 246 994 247 248 995 247 248 996 245 246 997 248 249 998 249 250 999 244 245 1000 250 251 1001 244 245 1002 246 247 1003 250 251 1004 246 247 1005 247 248 1006 250 251 1007 250 251 1008 247 248 1009 251 252 1010 251 252 1011 247 248 1012 252 253 1013 247 248 1014 248 249 1015 252 253 1016 253 254 1017 249 250 1018 254 255 1019 249 250 1020 250 251 1021 254 255 1022 250 251 1023 251 252 1024 254 255 1025 254 255 1026 251 252 1027 255 256 1028 255 256 1029 251 252 1030 256 257 1031 251 252 1032 252 253 1033 256 257 1034 257 258 1035 253 254 1036 258 259 1037 253 254 1038 254 255 1039 258 259 1040 254 255 1041 255 256 1042 258 259 1043 258 259 1044 255 256 1045 259 260 1046 259 260 1047 255 256 1048 260 261 1049 255 256 1050 256 257 1051 260 261 1052 261 262 1053 257 258 1054 262 263 1055 257 258 1056 258 259 1057 262 263 1058 258 259 1059 259 260 1060 262 263 1061 262 263 1062 259 260 1063 263 264 1064 263 264 1065 259 260 1066 264 265 1067 259 260 1068 260 261 1069 264 265 1070 261 262 1071 262 263 1072 265 266 1073 262 263 1074 263 264 1075 265 266 1076 263 264 1077 264 265 1078 265 266 1079 266 267 1080 267 268 1081 268 269 1082 268 269 1083 267 268 1084 269 270 1085 269 270 1086 267 268 1087 270 271 1088 271 272 1089 266 267 1090 272 273 1091 266 267 1092 268 269 1093 272 273 1094 268 269 1095 269 270 1096 272 273 1097 272 273 1098 269 270 1099 273 274 1100 273 274 1101 269 270 1102 274 275 1103 269 270 1104 270 271 1105 274 275 1106 275 276 1107 271 272 1108 276 277 1109 271 272 1110 272 273 1111 276 277 1112 272 273 1113 273 274 1114 276 277 1115 276 277 1116 273 274 1117 277 278 1118 277 278 1119 273 274 1120 278 279 1121 273 274 1122 274 275 1123 278 279 1124 279 280 1125 275 276 1126 280 281 1127 275 276 1128 276 277 1129 280 281 1130 276 277 1131 277 278 1132 280 281 1133 280 281 1134 277 278 1135 281 282 1136 281 282 1137 277 278 1138 282 283 1139 277 278 1140 278 279 1141 282 283 1142 283 284 1143 279 280 1144 284 285 1145 279 280 1146 280 281 1147 284 285 1148 280 281 1149 281 282 1150 284 285 1151 284 285 1152 281 282 1153 285 286 1154 285 286 1155 281 282 1156 286 287 1157 281 282 1158 282 283 1159 286 287 1160 283 284 1161 284 285 1162 287 288 1163 284 285 1164 285 286 1165 287 288 1166 285 286 1167 286 287 1168 287 288 1169 288 289 1170 289 290 1171 290 291 1172 290 291 1173 289 290 1174 291 292 1175 291 292 1176 289 290 1177 292 293 1178 293 294 1179 288 289 1180 294 295 1181 288 289 1182 290 291 1183 294 295 1184 290 291 1185 291 292 1186 294 295 1187 294 295 1188 291 292 1189 295 296 1190 295 296 1191 291 292 1192 296 297 1193 291 292 1194 292 293 1195 296 297 1196 297 298 1197 293 294 1198 298 299 1199 293 294 1200 294 295 1201 298 299 1202 294 295 1203 295 296 1204 298 299 1205 298 299 1206 295 296 1207 299 300 1208 299 300 1209 295 296 1210 300 301 1211 295 296 1212 296 297 1213 300 301 1214 301 302 1215 297 298 1216 302 303 1217 297 298 1218 298 299 1219 302 303 1220 298 299 1221 299 300 1222 302 303 1223 302 303 1224 299 300 1225 303 304 1226 303 304 1227 299 300 1228 304 305 1229 299 300 1230 300 301 1231 304 305 1232 305 306 1233 301 302 1234 306 307 1235 301 302 1236 302 303 1237 306 307 1238 302 303 1239 303 304 1240 306 307 1241 306 307 1242 303 304 1243 307 308 1244 307 308 1245 303 304 1246 308 309 1247 303 304 1248 304 305 1249 308 309 1250 305 306 1251 306 307 1252 309 310 1253 306 307 1254 307 308 1255 309 310 1256 307 308 1257 308 309 1258 309 310 1259 310 311 1260 311 312 1261 312 313 1262 312 313 1263 311 312 1264 313 314 1265 313 314 1266 311 312 1267 314 315 1268 315 316 1269 310 311 1270 316 317 1271 310 311 1272 312 313 1273 316 317 1274 312 313 1275 313 314 1276 316 317 1277 316 317 1278 313 314 1279 317 318 1280 317 318 1281 313 314 1282 318 319 1283 313 314 1284 314 315 1285 318 319 1286 319 320 1287 315 316 1288 320 321 1289 315 316 1290 316 317 1291 320 321 1292 316 317 1293 317 318 1294 320 321 1295 320 321 1296 317 318 1297 321 322 1298 321 322 1299 317 318 1300 322 323 1301 317 318 1302 318 319 1303 322 323 1304 323 324 1305 319 320 1306 324 325 1307 319 320 1308 320 321 1309 324 325 1310 320 321 1311 321 322 1312 324 325 1313 324 325 1314 321 322 1315 325 326 1316 325 326 1317 321 322 1318 326 327 1319 321 322 1320 322 323 1321 326 327 1322 327 328 1323 323 324 1324 328 329 1325 323 324 1326 324 325 1327 328 329 1328 324 325 1329 325 326 1330 328 329 1331 328 329 1332 325 326 1333 329 330 1334 329 330 1335 325 326 1336 330 331 1337 325 326 1338 326 327 1339 330 331 1340 327 328 1341 328 329 1342 331 332 1343 328 329 1344 329 330 1345 331 332 1346 329 330 1347 330 331 1348 331 332 1349 332 333 1350 333 334 1351 334 335 1352 334 335 1353 333 334 1354 335 336 1355 335 336 1356 333 334 1357 336 337 1358 337 338 1359 332 333 1360 338 339 1361 332 333 1362 334 335 1363 338 339 1364 334 335 1365 335 336 1366 338 339 1367 338 339 1368 335 336 1369 339 340 1370 339 340 1371 335 336 1372 340 341 1373 335 336 1374 336 337 1375 340 341 1376 341 342 1377 337 338 1378 342 343 1379 337 338 1380 338 339 1381 342 343 1382 338 339 1383 339 340 1384 342 343 1385 342 343 1386 339 340 1387 343 344 1388 343 344 1389 339 340 1390 344 345 1391 339 340 1392 340 341 1393 344 345 1394 345 346 1395 341 342 1396 346 347 1397 341 342 1398 342 343 1399 346 347 1400 342 343 1401 343 344 1402 346 347 1403 346 347 1404 343 344 1405 347 348 1406 347 348 1407 343 344 1408 348 349 1409 343 344 1410 344 345 1411 348 349 1412 349 350 1413 345 346 1414 350 351 1415 345 346 1416 346 347 1417 350 351 1418 346 347 1419 347 348 1420 350 351 1421 350 351 1422 347 348 1423 351 352 1424 351 352 1425 347 348 1426 352 353 1427 347 348 1428 348 349 1429 352 353 1430 349 350 1431 350 351 1432 353 354 1433 350 351 1434 351 352 1435 353 354 1436 351 352 1437 352 353 1438 353 354 1439 354 355 1440 355 356 1441 356 357 1442 356 357 1443 355 356 1444 357 358 1445 357 358 1446 355 356 1447 358 359 1448 359 360 1449 354 355 1450 360 361 1451 354 355 1452 356 357 1453 360 361 1454 356 357 1455 357 358 1456 360 361 1457 360 361 1458 357 358 1459 361 362 1460 361 362 1461 357 358 1462 362 363 1463 357 358 1464 358 359 1465 362 363 1466 363 364 1467 359 360 1468 364 365 1469 359 360 1470 360 361 1471 364 365 1472 360 361 1473 361 362 1474 364 365 1475 364 365 1476 361 362 1477 365 366 1478 365 366 1479 361 362 1480 366 367 1481 361 362 1482 362 363 1483 366 367 1484 367 368 1485 363 364 1486 368 369 1487 363 364 1488 364 365 1489 368 369 1490 364 365 1491 365 366 1492 368 369 1493 368 369 1494 365 366 1495 369 370 1496 369 370 1497 365 366 1498 370 371 1499 365 366 1500 366 367 1501 370 371 1502 371 372 1503 367 368 1504 372 373 1505 367 368 1506 368 369 1507 372 373 1508 368 369 1509 369 370 1510 372 373 1511 372 373 1512 369 370 1513 373 374 1514 373 374 1515 369 370 1516 374 375 1517 369 370 1518 370 371 1519 374 375 1520 371 372 1521 372 373 1522 375 376 1523 372 373 1524 373 374 1525 375 376 1526 373 374 1527 374 375 1528 375 376 1529 376 377 1530 377 378 1531 378 379 1532 378 379 1533 377 378 1534 379 380 1535 379 380 1536 377 378 1537 380 381 1538 381 382 1539 376 377 1540 382 383 1541 376 377 1542 378 379 1543 382 383 1544 378 379 1545 379 380 1546 382 383 1547 382 383 1548 379 380 1549 383 384 1550 383 384 1551 379 380 1552 384 385 1553 379 380 1554 380 381 1555 384 385 1556 385 386 1557 381 382 1558 386 387 1559 381 382 1560 382 383 1561 386 387 1562 382 383 1563 383 384 1564 386 387 1565 386 387 1566 383 384 1567 387 388 1568 387 388 1569 383 384 1570 388 389 1571 383 384 1572 384 385 1573 388 389 1574 389 390 1575 385 386 1576 390 391 1577 385 386 1578 386 387 1579 390 391 1580 386 387 1581 387 388 1582 390 391 1583 390 391 1584 387 388 1585 391 392 1586 391 392 1587 387 388 1588 392 393 1589 387 388 1590 388 389 1591 392 393 1592 393 394 1593 389 390 1594 394 395 1595 389 390 1596 390 391 1597 394 395 1598 390 391 1599 391 392 1600 394 395 1601 394 395 1602 391 392 1603 395 396 1604 395 396 1605 391 392 1606 396 397 1607 391 392 1608 392 393 1609 396 397 1610 393 394 1611 394 395 1612 397 398 1613 394 395 1614 395 396 1615 397 398 1616 395 396 1617 396 397 1618 397 398 1619 398 399 1620 399 400 1621 400 401 1622 400 401 1623 399 400 1624 401 402 1625 401 402 1626 399 400 1627 402 403 1628 403 404 1629 398 399 1630 404 405 1631 398 399 1632 400 401 1633 404 405 1634 400 401 1635 401 402 1636 404 405 1637 404 405 1638 401 402 1639 405 406 1640 405 406 1641 401 402 1642 406 407 1643 401 402 1644 402 403 1645 406 407 1646 407 408 1647 403 404 1648 408 409 1649 403 404 1650 404 405 1651 408 409 1652 404 405 1653 405 406 1654 408 409 1655 408 409 1656 405 406 1657 409 410 1658 409 410 1659 405 406 1660 410 411 1661 405 406 1662 406 407 1663 410 411 1664 411 412 1665 407 408 1666 412 413 1667 407 408 1668 408 409 1669 412 413 1670 408 409 1671 409 410 1672 412 413 1673 412 413 1674 409 410 1675 413 414 1676 413 414 1677 409 410 1678 414 415 1679 409 410 1680 410 411 1681 414 415 1682 415 416 1683 411 412 1684 416 417 1685 411 412 1686 412 413 1687 416 417 1688 412 413 1689 413 414 1690 416 417 1691 416 417 1692 413 414 1693 417 418 1694 417 418 1695 413 414 1696 418 419 1697 413 414 1698 414 415 1699 418 419 1700 415 416 1701 416 417 1702 419 420 1703 416 417 1704 417 418 1705 419 420 1706 417 418 1707 418 419 1708 419 420 1709 420 421 1710 421 422 1711 422 423 1712 422 423 1713 421 422 1714 423 424 1715 423 424 1716 421 422 1717 424 425 1718 425 426 1719 420 421 1720 426 427 1721 420 421 1722 422 423 1723 426 427 1724 422 423 1725 423 424 1726 426 427 1727 426 427 1728 423 424 1729 427 428 1730 427 428 1731 423 424 1732 428 429 1733 423 424 1734 424 425 1735 428 429 1736 429 430 1737 425 426 1738 430 431 1739 425 426 1740 426 427 1741 430 431 1742 426 427 1743 427 428 1744 430 431 1745 430 431 1746 427 428 1747 431 432 1748 431 432 1749 427 428 1750 432 433 1751 427 428 1752 428 429 1753 432 433 1754 433 434 1755 429 430 1756 434 435 1757 429 430 1758 430 431 1759 434 435 1760 430 431 1761 431 432 1762 434 435 1763 434 435 1764 431 432 1765 435 436 1766 435 436 1767 431 432 1768 436 437 1769 431 432 1770 432 433 1771 436 437 1772 437 438 1773 433 434 1774 438 439 1775 433 434 1776 434 435 1777 438 439 1778 434 435 1779 435 436 1780 438 439 1781 438 439 1782 435 436 1783 439 440 1784 439 440 1785 435 436 1786 440 441 1787 435 436 1788 436 437 1789 440 441 1790 437 438 1791 438 439 1792 441 442 1793 438 439 1794 439 440 1795 441 442 1796 439 440 1797 440 441 1798 441 442 1799 442 443 1800 443 444 1801 444 445 1802 444 445 1803 443 444 1804 445 446 1805 445 446 1806 443 444 1807 446 447 1808 447 448 1809 442 443 1810 448 449 1811 442 443 1812 444 445 1813 448 449 1814 444 445 1815 445 446 1816 448 449 1817 448 449 1818 445 446 1819 449 450 1820 449 450 1821 445 446 1822 450 451 1823 445 446 1824 446 447 1825 450 451 1826 451 452 1827 447 448 1828 452 453 1829 447 448 1830 448 449 1831 452 453 1832 448 449 1833 449 450 1834 452 453 1835 452 453 1836 449 450 1837 453 454 1838 453 454 1839 449 450 1840 454 455 1841 449 450 1842 450 451 1843 454 455 1844 455 456 1845 451 452 1846 456 457 1847 451 452 1848 452 453 1849 456 457 1850 452 453 1851 453 454 1852 456 457 1853 456 457 1854 453 454 1855 457 458 1856 457 458 1857 453 454 1858 458 459 1859 453 454 1860 454 455 1861 458 459 1862 459 460 1863 455 456 1864 460 461 1865 455 456 1866 456 457 1867 460 461 1868 456 457 1869 457 458 1870 460 461 1871 460 461 1872 457 458 1873 461 462 1874 461 462 1875 457 458 1876 462 463 1877 457 458 1878 458 459 1879 462 463 1880 459 460 1881 460 461 1882 463 464 1883 460 461 1884 461 462 1885 463 464 1886 461 462 1887 462 463 1888 463 464 1889 464 465 1890 465 466 1891 466 467 1892 466 467 1893 465 466 1894 467 468 1895 467 468 1896 465 466 1897 468 469 1898 469 470 1899 464 465 1900 470 471 1901 464 465 1902 466 467 1903 470 471 1904 466 467 1905 467 468 1906 470 471 1907 470 471 1908 467 468 1909 471 472 1910 471 472 1911 467 468 1912 472 473 1913 467 468 1914 468 469 1915 472 473 1916 473 474 1917 469 470 1918 474 475 1919 469 470 1920 470 471 1921 474 475 1922 470 471 1923 471 472 1924 474 475 1925 474 475 1926 471 472 1927 475 476 1928 475 476 1929 471 472 1930 476 477 1931 471 472 1932 472 473 1933 476 477 1934 477 478 1935 473 474 1936 478 479 1937 473 474 1938 474 475 1939 478 479 1940 474 475 1941 475 476 1942 478 479 1943 478 479 1944 475 476 1945 479 480 1946 479 480 1947 475 476 1948 480 481 1949 475 476 1950 476 477 1951 480 481 1952 481 482 1953 477 478 1954 482 483 1955 477 478 1956 478 479 1957 482 483 1958 478 479 1959 479 480 1960 482 483 1961 482 483 1962 479 480 1963 483 484 1964 483 484 1965 479 480 1966 484 485 1967 479 480 1968 480 481 1969 484 485 1970 481 482 1971 482 483 1972 485 486 1973 482 483 1974 483 484 1975 485 486 1976 483 484 1977 484 485 1978 485 486 1979 486 487 1980 487 488 1981 488 489 1982 488 489 1983 487 488 1984 489 490 1985 489 490 1986 487 488 1987 490 491 1988 491 492 1989 486 487 1990 492 493 1991 486 487 1992 488 489 1993 492 493 1994 488 489 1995 489 490 1996 492 493 1997 492 493 1998 489 490 1999 493 494 2000 493 494 2001 489 490 2002 494 495 2003 489 490 2004 490 491 2005 494 495 2006 495 496 2007 491 492 2008 496 497 2009 491 492 2010 492 493 2011 496 497 2012 492 493 2013 493 494 2014 496 497 2015 496 497 2016 493 494 2017 497 498 2018 497 498 2019 493 494 2020 498 499 2021 493 494 2022 494 495 2023 498 499 2024 499 500 2025 495 496 2026 500 501 2027 495 496 2028 496 497 2029 500 501 2030 496 497 2031 497 498 2032 500 501 2033 500 501 2034 497 498 2035 501 502 2036 501 502 2037 497 498 2038 502 503 2039 497 498 2040 498 499 2041 502 503 2042 503 504 2043 499 500 2044 504 505 2045 499 500 2046 500 501 2047 504 505 2048 500 501 2049 501 502 2050 504 505 2051 504 505 2052 501 502 2053 505 506 2054 505 506 2055 501 502 2056 506 507 2057 501 502 2058 502 503 2059 506 507 2060 503 504 2061 504 505 2062 507 508 2063 504 505 2064 505 506 2065 507 508 2066 505 506 2067 506 507 2068 507 508 2069 508 509 2070 509 510 2071 510 511 2072 510 511 2073 509 510 2074 511 512 2075 511 512 2076 509 510 2077 512 513 2078 513 514 2079 508 509 2080 514 515 2081 508 509 2082 510 511 2083 514 515 2084 510 511 2085 511 512 2086 514 515 2087 514 515 2088 511 512 2089 515 516 2090 515 516 2091 511 512 2092 516 517 2093 511 512 2094 512 513 2095 516 517 2096 517 518 2097 513 514 2098 518 519 2099 513 514 2100 514 515 2101 518 519 2102 514 515 2103 515 516 2104 518 519 2105 518 519 2106 515 516 2107 519 520 2108 519 520 2109 515 516 2110 520 521 2111 515 516 2112 516 517 2113 520 521 2114 521 522 2115 517 518 2116 522 523 2117 517 518 2118 518 519 2119 522 523 2120 518 519 2121 519 520 2122 522 523 2123 522 523 2124 519 520 2125 523 524 2126 523 524 2127 519 520 2128 524 525 2129 519 520 2130 520 521 2131 524 525 2132 525 526 2133 521 522 2134 526 527 2135 521 522 2136 522 523 2137 526 527 2138 522 523 2139 523 524 2140 526 527 2141 526 527 2142 523 524 2143 527 528 2144 527 528 2145 523 524 2146 528 529 2147 523 524 2148 524 525 2149 528 529 2150 525 526 2151 526 527 2152 529 530 2153 526 527 2154 527 528 2155 529 530 2156 527 528 2157 528 529 2158 529 530 2159 530 531 2160 531 532 2161 532 533 2162 532 533 2163 531 532 2164 533 534 2165 533 534 2166 531 532 2167 534 535 2168 535 536 2169 530 531 2170 536 537 2171 530 531 2172 532 533 2173 536 537 2174 532 533 2175 533 534 2176 536 537 2177 536 537 2178 533 534 2179 537 538 2180 537 538 2181 533 534 2182 538 539 2183 533 534 2184 534 535 2185 538 539 2186 539 540 2187 535 536 2188 540 541 2189 535 536 2190 536 537 2191 540 541 2192 536 537 2193 537 538 2194 540 541 2195 540 541 2196 537 538 2197 541 542 2198 541 542 2199 537 538 2200 542 543 2201 537 538 2202 538 539 2203 542 543 2204 543 544 2205 539 540 2206 544 545 2207 539 540 2208 540 541 2209 544 545 2210 540 541 2211 541 542 2212 544 545 2213 544 545 2214 541 542 2215 545 546 2216 545 546 2217 541 542 2218 546 547 2219 541 542 2220 542 543 2221 546 547 2222 547 548 2223 543 544 2224 548 549 2225 543 544 2226 544 545 2227 548 549 2228 544 545 2229 545 546 2230 548 549 2231 548 549 2232 545 546 2233 549 550 2234 549 550 2235 545 546 2236 550 551 2237 545 546 2238 546 547 2239 550 551 2240 547 548 2241 548 549 2242 551 552 2243 548 549 2244 549 550 2245 551 552 2246 549 550 2247 550 551 2248 551 552 2249 552 553 2250 553 554 2251 554 555 2252 554 555 2253 553 554 2254 555 556 2255 555 556 2256 553 554 2257 556 557 2258 557 558 2259 552 553 2260 558 559 2261 552 553 2262 554 555 2263 558 559 2264 554 555 2265 555 556 2266 558 559 2267 558 559 2268 555 556 2269 559 560 2270 559 560 2271 555 556 2272 560 561 2273 555 556 2274 556 557 2275 560 561 2276 561 562 2277 557 558 2278 562 563 2279 557 558 2280 558 559 2281 562 563 2282 558 559 2283 559 560 2284 562 563 2285 562 563 2286 559 560 2287 563 564 2288 563 564 2289 559 560 2290 564 565 2291 559 560 2292 560 561 2293 564 565 2294 565 566 2295 561 562 2296 566 567 2297 561 562 2298 562 563 2299 566 567 2300 562 563 2301 563 564 2302 566 567 2303 566 567 2304 563 564 2305 567 568 2306 567 568 2307 563 564 2308 568 569 2309 563 564 2310 564 565 2311 568 569 2312 569 570 2313 565 566 2314 570 571 2315 565 566 2316 566 567 2317 570 571 2318 566 567 2319 567 568 2320 570 571 2321 570 571 2322 567 568 2323 571 572 2324 571 572 2325 567 568 2326 572 573 2327 567 568 2328 568 569 2329 572 573 2330 569 570 2331 570 571 2332 573 574 2333 570 571 2334 571 572 2335 573 574 2336 571 572 2337 572 573 2338 573 574 2339 574 575 2340 575 576 2341 576 577 2342 576 577 2343 575 576 2344 577 578 2345 577 578 2346 575 576 2347 578 579 2348 579 580 2349 574 575 2350 580 581 2351 574 575 2352 576 577 2353 580 581 2354 576 577 2355 577 578 2356 580 581 2357 580 581 2358 577 578 2359 581 582 2360 581 582 2361 577 578 2362 582 583 2363 577 578 2364 578 579 2365 582 583 2366 583 584 2367 579 580 2368 584 585 2369 579 580 2370 580 581 2371 584 585 2372 580 581 2373 581 582 2374 584 585 2375 584 585 2376 581 582 2377 585 586 2378 585 586 2379 581 582 2380 586 587 2381 581 582 2382 582 583 2383 586 587 2384 587 588 2385 583 584 2386 588 589 2387 583 584 2388 584 585 2389 588 589 2390 584 585 2391 585 586 2392 588 589 2393 588 589 2394 585 586 2395 589 590 2396 589 590 2397 585 586 2398 590 591 2399 585 586 2400 586 587 2401 590 591 2402 591 592 2403 587 588 2404 592 593 2405 587 588 2406 588 589 2407 592 593 2408 588 589 2409 589 590 2410 592 593 2411 592 593 2412 589 590 2413 593 594 2414 593 594 2415 589 590 2416 594 595 2417 589 590 2418 590 591 2419 594 595 2420 591 592 2421 592 593 2422 595 596 2423 592 593 2424 593 594 2425 595 596 2426 593 594 2427 594 595 2428 595 596 2429 596 597 2430 597 598 2431 598 599 2432 598 599 2433 597 598 2434 599 600 2435 599 600 2436 597 598 2437 600 601 2438 601 602 2439 596 597 2440 602 603 2441 596 597 2442 598 599 2443 602 603 2444 598 599 2445 599 600 2446 602 603 2447 602 603 2448 599 600 2449 603 604 2450 603 604 2451 599 600 2452 604 605 2453 599 600 2454 600 601 2455 604 605 2456 605 606 2457 601 602 2458 606 607 2459 601 602 2460 602 603 2461 606 607 2462 602 603 2463 603 604 2464 606 607 2465 606 607 2466 603 604 2467 607 608 2468 607 608 2469 603 604 2470 608 609 2471 603 604 2472 604 605 2473 608 609 2474 609 610 2475 605 606 2476 610 611 2477 605 606 2478 606 607 2479 610 611 2480 606 607 2481 607 608 2482 610 611 2483 610 611 2484 607 608 2485 611 612 2486 611 612 2487 607 608 2488 612 613 2489 607 608 2490 608 609 2491 612 613 2492 613 614 2493 609 610 2494 614 615 2495 609 610 2496 610 611 2497 614 615 2498 610 611 2499 611 612 2500 614 615 2501 614 615 2502 611 612 2503 615 616 2504 615 616 2505 611 612 2506 616 617 2507 611 612 2508 612 613 2509 616 617 2510 613 614 2511 614 615 2512 617 618 2513 614 615 2514 615 616 2515 617 618 2516 615 616 2517 616 617 2518 617 618 2519 618 619 2520 619 620 2521 620 621 2522 620 621 2523 619 620 2524 621 622 2525 621 622 2526 619 620 2527 622 623 2528 623 624 2529 618 619 2530 624 625 2531 618 619 2532 620 621 2533 624 625 2534 620 621 2535 621 622 2536 624 625 2537 624 625 2538 621 622 2539 625 626 2540 625 626 2541 621 622 2542 626 627 2543 621 622 2544 622 623 2545 626 627 2546 627 628 2547 623 624 2548 628 629 2549 623 624 2550 624 625 2551 628 629 2552 624 625 2553 625 626 2554 628 629 2555 628 629 2556 625 626 2557 629 630 2558 629 630 2559 625 626 2560 630 631 2561 625 626 2562 626 627 2563 630 631 2564 631 632 2565 627 628 2566 632 633 2567 627 628 2568 628 629 2569 632 633 2570 628 629 2571 629 630 2572 632 633 2573 632 633 2574 629 630 2575 633 634 2576 633 634 2577 629 630 2578 634 635 2579 629 630 2580 630 631 2581 634 635 2582 635 636 2583 631 632 2584 636 637 2585 631 632 2586 632 633 2587 636 637 2588 632 633 2589 633 634 2590 636 637 2591 636 637 2592 633 634 2593 637 638 2594 637 638 2595 633 634 2596 638 639 2597 633 634 2598 634 635 2599 638 639 2600 635 636 2601 636 637 2602 639 640 2603 636 637 2604 637 638 2605 639 640 2606 637 638 2607 638 639 2608 639 640 2609 640 641 2610 641 642 2611 642 643 2612 642 643 2613 641 642 2614 643 644 2615 643 644 2616 641 642 2617 644 645 2618 645 646 2619 640 641 2620 646 647 2621 640 641 2622 642 643 2623 646 647 2624 642 643 2625 643 644 2626 646 647 2627 646 647 2628 643 644 2629 647 648 2630 647 648 2631 643 644 2632 648 649 2633 643 644 2634 644 645 2635 648 649 2636 649 650 2637 645 646 2638 650 651 2639 645 646 2640 646 647 2641 650 651 2642 646 647 2643 647 648 2644 650 651 2645 650 651 2646 647 648 2647 651 652 2648 651 652 2649 647 648 2650 652 653 2651 647 648 2652 648 649 2653 652 653 2654 653 654 2655 649 650 2656 654 655 2657 649 650 2658 650 651 2659 654 655 2660 650 651 2661 651 652 2662 654 655 2663 654 655 2664 651 652 2665 655 656 2666 655 656 2667 651 652 2668 656 657 2669 651 652 2670 652 653 2671 656 657 2672 657 658 2673 653 654 2674 658 659 2675 653 654 2676 654 655 2677 658 659 2678 654 655 2679 655 656 2680 658 659 2681 658 659 2682 655 656 2683 659 660 2684 659 660 2685 655 656 2686 660 661 2687 655 656 2688 656 657 2689 660 661 2690 657 658 2691 658 659 2692 661 662 2693 658 659 2694 659 660 2695 661 662 2696 659 660 2697 660 661 2698 661 662 2699 662 663 2700 663 664 2701 664 665 2702 664 665 2703 663 664 2704 665 666 2705 665 666 2706 663 664 2707 666 667 2708 667 668 2709 662 663 2710 668 669 2711 662 663 2712 664 665 2713 668 669 2714 664 665 2715 665 666 2716 668 669 2717 668 669 2718 665 666 2719 669 670 2720 669 670 2721 665 666 2722 670 671 2723 665 666 2724 666 667 2725 670 671 2726 671 672 2727 667 668 2728 672 673 2729 667 668 2730 668 669 2731 672 673 2732 668 669 2733 669 670 2734 672 673 2735 672 673 2736 669 670 2737 673 674 2738 673 674 2739 669 670 2740 674 675 2741 669 670 2742 670 671 2743 674 675 2744 675 676 2745 671 672 2746 676 677 2747 671 672 2748 672 673 2749 676 677 2750 672 673 2751 673 674 2752 676 677 2753 676 677 2754 673 674 2755 677 678 2756 677 678 2757 673 674 2758 678 679 2759 673 674 2760 674 675 2761 678 679 2762 679 680 2763 675 676 2764 680 681 2765 675 676 2766 676 677 2767 680 681 2768 676 677 2769 677 678 2770 680 681 2771 680 681 2772 677 678 2773 681 682 2774 681 682 2775 677 678 2776 682 683 2777 677 678 2778 678 679 2779 682 683 2780 679 680 2781 680 681 2782 683 684 2783 680 681 2784 681 682 2785 683 684 2786 681 682 2787 682 683 2788 683 684 2789 684 685 2790 685 686 2791 686 687 2792 686 687 2793 685 686 2794 687 688 2795 687 688 2796 685 686 2797 688 689 2798 689 690 2799 684 685 2800 690 691 2801 684 685 2802 686 687 2803 690 691 2804 686 687 2805 687 688 2806 690 691 2807 690 691 2808 687 688 2809 691 692 2810 691 692 2811 687 688 2812 692 693 2813 687 688 2814 688 689 2815 692 693 2816 693 694 2817 689 690 2818 694 695 2819 689 690 2820 690 691 2821 694 695 2822 690 691 2823 691 692 2824 694 695 2825 694 695 2826 691 692 2827 695 696 2828 695 696 2829 691 692 2830 696 697 2831 691 692 2832 692 693 2833 696 697 2834 697 698 2835 693 694 2836 698 699 2837 693 694 2838 694 695 2839 698 699 2840 694 695 2841 695 696 2842 698 699 2843 698 699 2844 695 696 2845 699 700 2846 699 700 2847 695 696 2848 700 701 2849 695 696 2850 696 697 2851 700 701 2852 701 702 2853 697 698 2854 702 703 2855 697 698 2856 698 699 2857 702 703 2858 698 699 2859 699 700 2860 702 703 2861 702 703 2862 699 700 2863 703 704 2864 703 704 2865 699 700 2866 704 705 2867 699 700 2868 700 701 2869 704 705 2870 701 702 2871 702 703 2872 705 706 2873 702 703 2874 703 704 2875 705 706 2876 703 704 2877 704 705 2878 705 706 2879 706 707 2880 707 708 2881 708 709 2882 708 709 2883 707 708 2884 709 710 2885 709 710 2886 707 708 2887 710 711 2888 711 712 2889 706 707 2890 712 713 2891 706 707 2892 708 709 2893 712 713 2894 708 709 2895 709 710 2896 712 713 2897 712 713 2898 709 710 2899 713 714 2900 713 714 2901 709 710 2902 714 715 2903 709 710 2904 710 711 2905 714 715 2906 715 716 2907 711 712 2908 716 717 2909 711 712 2910 712 713 2911 716 717 2912 712 713 2913 713 714 2914 716 717 2915 716 717 2916 713 714 2917 717 718 2918 717 718 2919 713 714 2920 718 719 2921 713 714 2922 714 715 2923 718 719 2924 719 720 2925 715 716 2926 720 721 2927 715 716 2928 716 717 2929 720 721 2930 716 717 2931 717 718 2932 720 721 2933 720 721 2934 717 718 2935 721 722 2936 721 722 2937 717 718 2938 722 723 2939 717 718 2940 718 719 2941 722 723 2942 723 724 2943 719 720 2944 724 725 2945 719 720 2946 720 721 2947 724 725 2948 720 721 2949 721 722 2950 724 725 2951 724 725 2952 721 722 2953 725 726 2954 725 726 2955 721 722 2956 726 727 2957 721 722 2958 722 723 2959 726 727 2960 723 724 2961 724 725 2962 727 728 2963 724 725 2964 725 726 2965 727 728 2966 725 726 2967 726 727 2968 727 728 2969 728 729 2970 729 730 2971 730 731 2972 730 731 2973 729 730 2974 731 732 2975 731 732 2976 729 730 2977 732 733 2978 733 734 2979 728 729 2980 734 735 2981 728 729 2982 730 731 2983 734 735 2984 730 731 2985 731 732 2986 734 735 2987 734 735 2988 731 732 2989 735 736 2990 735 736 2991 731 732 2992 736 737 2993 731 732 2994 732 733 2995 736 737 2996 737 738 2997 733 734 2998 738 739 2999 733 734 3000 734 735 3001 738 739 3002 734 735 3003 735 736 3004 738 739 3005 738 739 3006 735 736 3007 739 740 3008 739 740 3009 735 736 3010 740 741 3011 735 736 3012 736 737 3013 740 741 3014 741 742 3015 737 738 3016 742 743 3017 737 738 3018 738 739 3019 742 743 3020 738 739 3021 739 740 3022 742 743 3023 742 743 3024 739 740 3025 743 744 3026 743 744 3027 739 740 3028 744 745 3029 739 740 3030 740 741 3031 744 745 3032 745 746 3033 741 742 3034 746 747 3035 741 742 3036 742 743 3037 746 747 3038 742 743 3039 743 744 3040 746 747 3041 746 747 3042 743 744 3043 747 748 3044 747 748 3045 743 744 3046 748 749 3047 743 744 3048 744 745 3049 748 749 3050 745 746 3051 746 747 3052 749 750 3053 746 747 3054 747 748 3055 749 750 3056 747 748 3057 748 749 3058 749 750 3059 750 751 3060 751 752 3061 752 753 3062 752 753 3063 751 752 3064 753 754 3065 753 754 3066 751 752 3067 754 755 3068 755 756 3069 750 751 3070 756 757 3071 750 751 3072 752 753 3073 756 757 3074 752 753 3075 753 754 3076 756 757 3077 756 757 3078 753 754 3079 757 758 3080 757 758 3081 753 754 3082 758 759 3083 753 754 3084 754 755 3085 758 759 3086 759 760 3087 755 756 3088 760 761 3089 755 756 3090 756 757 3091 760 761 3092 756 757 3093 757 758 3094 760 761 3095 760 761 3096 757 758 3097 761 762 3098 761 762 3099 757 758 3100 762 763 3101 757 758 3102 758 759 3103 762 763 3104 763 764 3105 759 760 3106 764 765 3107 759 760 3108 760 761 3109 764 765 3110 760 761 3111 761 762 3112 764 765 3113 764 765 3114 761 762 3115 765 766 3116 765 766 3117 761 762 3118 766 767 3119 761 762 3120 762 763 3121 766 767 3122 767 768 3123 763 764 3124 768 769 3125 763 764 3126 764 765 3127 768 769 3128 764 765 3129 765 766 3130 768 769 3131 768 769 3132 765 766 3133 769 770 3134 769 770 3135 765 766 3136 770 771 3137 765 766 3138 766 767 3139 770 771 3140 767 768 3141 768 769 3142 771 772 3143 768 769 3144 769 770 3145 771 772 3146 769 770 3147 770 771 3148 771 772 3149 772 773 3150 773 774 3151 774 775 3152 774 775 3153 773 774 3154 775 776 3155 775 776 3156 773 774 3157 776 777 3158 777 778 3159 772 773 3160 778 779 3161 772 773 3162 774 775 3163 778 779 3164 774 775 3165 775 776 3166 778 779 3167 778 779 3168 775 776 3169 779 780 3170 779 780 3171 775 776 3172 780 781 3173 775 776 3174 776 777 3175 780 781 3176 781 782 3177 777 778 3178 782 783 3179 777 778 3180 778 779 3181 782 783 3182 778 779 3183 779 780 3184 782 783 3185 782 783 3186 779 780 3187 783 784 3188 783 784 3189 779 780 3190 784 785 3191 779 780 3192 780 781 3193 784 785 3194 785 786 3195 781 782 3196 786 787 3197 781 782 3198 782 783 3199 786 787 3200 782 783 3201 783 784 3202 786 787 3203 786 787 3204 783 784 3205 787 788 3206 787 788 3207 783 784 3208 788 789 3209 783 784 3210 784 785 3211 788 789 3212 789 790 3213 785 786 3214 790 791 3215 785 786 3216 786 787 3217 790 791 3218 786 787 3219 787 788 3220 790 791 3221 790 791 3222 787 788 3223 791 792 3224 791 792 3225 787 788 3226 792 793 3227 787 788 3228 788 789 3229 792 793 3230 789 790 3231 790 791 3232 793 794 3233 790 791 3234 791 792 3235 793 794 3236 791 792 3237 792 793 3238 793 794 3239 794 795 3240 795 796 3241 796 797 3242 796 797 3243 795 796 3244 797 798 3245 797 798 3246 795 796 3247 798 799 3248 799 800 3249 794 795 3250 800 801 3251 794 795 3252 796 797 3253 800 801 3254 796 797 3255 797 798 3256 800 801 3257 800 801 3258 797 798 3259 801 802 3260 801 802 3261 797 798 3262 802 803 3263 797 798 3264 798 799 3265 802 803 3266 803 804 3267 799 800 3268 804 805 3269 799 800 3270 800 801 3271 804 805 3272 800 801 3273 801 802 3274 804 805 3275 804 805 3276 801 802 3277 805 806 3278 805 806 3279 801 802 3280 806 807 3281 801 802 3282 802 803 3283 806 807 3284 807 808 3285 803 804 3286 808 809 3287 803 804 3288 804 805 3289 808 809 3290 804 805 3291 805 806 3292 808 809 3293 808 809 3294 805 806 3295 809 810 3296 809 810 3297 805 806 3298 810 811 3299 805 806 3300 806 807 3301 810 811 3302 811 812 3303 807 808 3304 812 813 3305 807 808 3306 808 809 3307 812 813 3308 808 809 3309 809 810 3310 812 813 3311 812 813 3312 809 810 3313 813 814 3314 813 814 3315 809 810 3316 814 815 3317 809 810 3318 810 811 3319 814 815 3320 811 812 3321 812 813 3322 815 816 3323 812 813 3324 813 814 3325 815 816 3326 813 814 3327 814 815 3328 815 816 3329 816 817 3330 817 818 3331 818 819 3332 818 819 3333 817 818 3334 819 820 3335 819 820 3336 817 818 3337 820 821 3338 821 822 3339 816 817 3340 822 823 3341 816 817 3342 818 819 3343 822 823 3344 818 819 3345 819 820 3346 822 823 3347 822 823 3348 819 820 3349 823 824 3350 823 824 3351 819 820 3352 824 825 3353 819 820 3354 820 821 3355 824 825 3356 825 826 3357 821 822 3358 826 827 3359 821 822 3360 822 823 3361 826 827 3362 822 823 3363 823 824 3364 826 827 3365 826 827 3366 823 824 3367 827 828 3368 827 828 3369 823 824 3370 828 829 3371 823 824 3372 824 825 3373 828 829 3374 829 830 3375 825 826 3376 830 831 3377 825 826 3378 826 827 3379 830 831 3380 826 827 3381 827 828 3382 830 831 3383 830 831 3384 827 828 3385 831 832 3386 831 832 3387 827 828 3388 832 833 3389 827 828 3390 828 829 3391 832 833 3392 833 834 3393 829 830 3394 834 835 3395 829 830 3396 830 831 3397 834 835 3398 830 831 3399 831 832 3400 834 835 3401 834 835 3402 831 832 3403 835 836 3404 835 836 3405 831 832 3406 836 837 3407 831 832 3408 832 833 3409 836 837 3410 833 834 3411 834 835 3412 837 838 3413 834 835 3414 835 836 3415 837 838 3416 835 836 3417 836 837 3418 837 838 3419 838 839 3420 839 840 3421 840 841 3422 840 841 3423 839 840 3424 841 842 3425 841 842 3426 839 840 3427 842 843 3428 843 844 3429 838 839 3430 844 845 3431 838 839 3432 840 841 3433 844 845 3434 840 841 3435 841 842 3436 844 845 3437 844 845 3438 841 842 3439 845 846 3440 845 846 3441 841 842 3442 846 847 3443 841 842 3444 842 843 3445 846 847 3446 847 848 3447 843 844 3448 848 849 3449 843 844 3450 844 845 3451 848 849 3452 844 845 3453 845 846 3454 848 849 3455 848 849 3456 845 846 3457 849 850 3458 849 850 3459 845 846 3460 850 851 3461 845 846 3462 846 847 3463 850 851 3464 851 852 3465 847 848 3466 852 853 3467 847 848 3468 848 849 3469 852 853 3470 848 849 3471 849 850 3472 852 853 3473 852 853 3474 849 850 3475 853 854 3476 853 854 3477 849 850 3478 854 855 3479 849 850 3480 850 851 3481 854 855 3482 855 856 3483 851 852 3484 856 857 3485 851 852 3486 852 853 3487 856 857 3488 852 853 3489 853 854 3490 856 857 3491 856 857 3492 853 854 3493 857 858 3494 857 858 3495 853 854 3496 858 859 3497 853 854 3498 854 855 3499 858 859 3500 855 856 3501 856 857 3502 859 860 3503 856 857 3504 857 858 3505 859 860 3506 857 858 3507 858 859 3508 859 860 3509 860 861 3510 861 862 3511 862 863 3512 862 863 3513 861 862 3514 863 864 3515 863 864 3516 861 862 3517 864 865 3518 865 866 3519 860 861 3520 866 867 3521 860 861 3522 862 863 3523 866 867 3524 862 863 3525 863 864 3526 866 867 3527 866 867 3528 863 864 3529 867 868 3530 867 868 3531 863 864 3532 868 869 3533 863 864 3534 864 865 3535 868 869 3536 869 870 3537 865 866 3538 870 871 3539 865 866 3540 866 867 3541 870 871 3542 866 867 3543 867 868 3544 870 871 3545 870 871 3546 867 868 3547 871 872 3548 871 872 3549 867 868 3550 872 873 3551 867 868 3552 868 869 3553 872 873 3554 873 874 3555 869 870 3556 874 875 3557 869 870 3558 870 871 3559 874 875 3560 870 871 3561 871 872 3562 874 875 3563 874 875 3564 871 872 3565 875 876 3566 875 876 3567 871 872 3568 876 877 3569 871 872 3570 872 873 3571 876 877 3572 877 878 3573 873 874 3574 878 879 3575 873 874 3576 874 875 3577 878 879 3578 874 875 3579 875 876 3580 878 879 3581 878 879 3582 875 876 3583 879 880 3584 879 880 3585 875 876 3586 880 881 3587 875 876 3588 876 877 3589 880 881 3590 877 878 3591 878 879 3592 881 882 3593 878 879 3594 879 880 3595 881 882 3596 879 880 3597 880 881 3598 881 882 3599 882 883 3600 883 884 3601 884 885 3602 884 885 3603 883 884 3604 885 886 3605 885 886 3606 883 884 3607 886 887 3608 887 888 3609 882 883 3610 888 889 3611 882 883 3612 884 885 3613 888 889 3614 884 885 3615 885 886 3616 888 889 3617 888 889 3618 885 886 3619 889 890 3620 889 890 3621 885 886 3622 890 891 3623 885 886 3624 886 887 3625 890 891 3626 891 892 3627 887 888 3628 892 893 3629 887 888 3630 888 889 3631 892 893 3632 888 889 3633 889 890 3634 892 893 3635 892 893 3636 889 890 3637 893 894 3638 893 894 3639 889 890 3640 894 895 3641 889 890 3642 890 891 3643 894 895 3644 895 896 3645 891 892 3646 896 897 3647 891 892 3648 892 893 3649 896 897 3650 892 893 3651 893 894 3652 896 897 3653 896 897 3654 893 894 3655 897 898 3656 897 898 3657 893 894 3658 898 899 3659 893 894 3660 894 895 3661 898 899 3662 899 900 3663 895 896 3664 900 901 3665 895 896 3666 896 897 3667 900 901 3668 896 897 3669 897 898 3670 900 901 3671 900 901 3672 897 898 3673 901 902 3674 901 902 3675 897 898 3676 902 903 3677 897 898 3678 898 899 3679 902 903 3680 899 900 3681 900 901 3682 903 904 3683 900 901 3684 901 902 3685 903 904 3686 901 902 3687 902 903 3688 903 904 3689 904 905 3690 905 906 3691 906 907 3692 906 907 3693 905 906 3694 907 908 3695 907 908 3696 905 906 3697 908 909 3698 909 910 3699 904 905 3700 910 911 3701 904 905 3702 906 907 3703 910 911 3704 906 907 3705 907 908 3706 910 911 3707 910 911 3708 907 908 3709 911 912 3710 911 912 3711 907 908 3712 912 913 3713 907 908 3714 908 909 3715 912 913 3716 913 914 3717 909 910 3718 914 915 3719 909 910 3720 910 911 3721 914 915 3722 910 911 3723 911 912 3724 914 915 3725 914 915 3726 911 912 3727 915 916 3728 915 916 3729 911 912 3730 916 917 3731 911 912 3732 912 913 3733 916 917 3734 917 918 3735 913 914 3736 918 919 3737 913 914 3738 914 915 3739 918 919 3740 914 915 3741 915 916 3742 918 919 3743 918 919 3744 915 916 3745 919 920 3746 919 920 3747 915 916 3748 920 921 3749 915 916 3750 916 917 3751 920 921 3752 921 922 3753 917 918 3754 922 923 3755 917 918 3756 918 919 3757 922 923 3758 918 919 3759 919 920 3760 922 923 3761 922 923 3762 919 920 3763 923 924 3764 923 924 3765 919 920 3766 924 925 3767 919 920 3768 920 921 3769 924 925 3770 921 922 3771 922 923 3772 925 926 3773 922 923 3774 923 924 3775 925 926 3776 923 924 3777 924 925 3778 925 926 3779 926 927 3780 927 928 3781 928 929 3782 928 929 3783 927 928 3784 929 930 3785 929 930 3786 927 928 3787 930 931 3788 931 932 3789 926 927 3790 932 933 3791 926 927 3792 928 929 3793 932 933 3794 928 929 3795 929 930 3796 932 933 3797 932 933 3798 929 930 3799 933 934 3800 933 934 3801 929 930 3802 934 935 3803 929 930 3804 930 931 3805 934 935 3806 935 936 3807 931 932 3808 936 937 3809 931 932 3810 932 933 3811 936 937 3812 932 933 3813 933 934 3814 936 937 3815 936 937 3816 933 934 3817 937 938 3818 937 938 3819 933 934 3820 938 939 3821 933 934 3822 934 935 3823 938 939 3824 939 940 3825 935 936 3826 940 941 3827 935 936 3828 936 937 3829 940 941 3830 936 937 3831 937 938 3832 940 941 3833 940 941 3834 937 938 3835 941 942 3836 941 942 3837 937 938 3838 942 943 3839 937 938 3840 938 939 3841 942 943 3842 943 944 3843 939 940 3844 944 945 3845 939 940 3846 940 941 3847 944 945 3848 940 941 3849 941 942 3850 944 945 3851 944 945 3852 941 942 3853 945 946 3854 945 946 3855 941 942 3856 946 947 3857 941 942 3858 942 943 3859 946 947 3860 943 944 3861 944 945 3862 947 948 3863 944 945 3864 945 946 3865 947 948 3866 945 946 3867 946 947 3868 947 948 3869 948 949 3870 949 950 3871 950 951 3872 950 951 3873 949 950 3874 951 952 3875 951 952 3876 949 950 3877 952 953 3878 953 954 3879 948 949 3880 954 955 3881 948 949 3882 950 951 3883 954 955 3884 950 951 3885 951 952 3886 954 955 3887 954 955 3888 951 952 3889 955 956 3890 955 956 3891 951 952 3892 956 957 3893 951 952 3894 952 953 3895 956 957 3896 957 958 3897 953 954 3898 958 959 3899 953 954 3900 954 955 3901 958 959 3902 954 955 3903 955 956 3904 958 959 3905 958 959 3906 955 956 3907 959 960 3908 959 960 3909 955 956 3910 960 961 3911 955 956 3912 956 957 3913 960 961 3914 961 962 3915 957 958 3916 962 963 3917 957 958 3918 958 959 3919 962 963 3920 958 959 3921 959 960 3922 962 963 3923 962 963 3924 959 960 3925 963 964 3926 963 964 3927 959 960 3928 964 965 3929 959 960 3930 960 961 3931 964 965 3932 965 966 3933 961 962 3934 966 967 3935 961 962 3936 962 963 3937 966 967 3938 962 963 3939 963 964 3940 966 967 3941 966 967 3942 963 964 3943 967 968 3944 967 968 3945 963 964 3946 968 969 3947 963 964 3948 964 965 3949 968 969 3950 965 966 3951 966 967 3952 969 970 3953 966 967 3954 967 968 3955 969 970 3956 967 968 3957 968 969 3958 969 970 3959 970 971 3960 971 972 3961 972 973 3962 972 973 3963 971 972 3964 973 974 3965 973 974 3966 971 972 3967 974 975 3968 975 976 3969 970 971 3970 976 977 3971 970 971 3972 972 973 3973 976 977 3974 972 973 3975 973 974 3976 976 977 3977 976 977 3978 973 974 3979 977 978 3980 977 978 3981 973 974 3982 978 979 3983 973 974 3984 974 975 3985 978 979 3986 979 980 3987 975 976 3988 980 981 3989 975 976 3990 976 977 3991 980 981 3992 976 977 3993 977 978 3994 980 981 3995 980 981 3996 977 978 3997 981 982 3998 981 982 3999 977 978 4000 982 983 4001 977 978 4002 978 979 4003 982 983 4004 983 984 4005 979 980 4006 984 985 4007 979 980 4008 980 981 4009 984 985 4010 980 981 4011 981 982 4012 984 985 4013 984 985 4014 981 982 4015 985 986 4016 985 986 4017 981 982 4018 986 987 4019 981 982 4020 982 983 4021 986 987 4022 987 988 4023 983 984 4024 988 989 4025 983 984 4026 984 985 4027 988 989 4028 984 985 4029 985 986 4030 988 989 4031 988 989 4032 985 986 4033 989 990 4034 989 990 4035 985 986 4036 990 991 4037 985 986 4038 986 987 4039 990 991 4040 987 988 4041 988 989 4042 991 992 4043 988 989 4044 989 990 4045 991 992 4046 989 990 4047 990 991 4048 991 992 4049 992 993 4050 993 994 4051 994 995 4052 994 995 4053 993 994 4054 995 996 4055 995 996 4056 993 994 4057 996 997 4058 997 998 4059 992 993 4060 998 999 4061 992 993 4062 994 995 4063 998 999 4064 994 995 4065 995 996 4066 998 999 4067 998 999 4068 995 996 4069 999 1000 4070 999 1000 4071 995 996 4072 1000 1001 4073 995 996 4074 996 997 4075 1000 1001 4076 1001 1002 4077 997 998 4078 1002 1003 4079 997 998 4080 998 999 4081 1002 1003 4082 998 999 4083 999 1000 4084 1002 1003 4085 1002 1003 4086 999 1000 4087 1003 1004 4088 1003 1004 4089 999 1000 4090 1004 1005 4091 999 1000 4092 1000 1001 4093 1004 1005 4094 1005 1006 4095 1001 1002 4096 1006 1007 4097 1001 1002 4098 1002 1003 4099 1006 1007 4100 1002 1003 4101 1003 1004 4102 1006 1007 4103 1006 1007 4104 1003 1004 4105 1007 1008 4106 1007 1008 4107 1003 1004 4108 1008 1009 4109 1003 1004 4110 1004 1005 4111 1008 1009 4112 1009 1010 4113 1005 1006 4114 1010 1011 4115 1005 1006 4116 1006 1007 4117 1010 1011 4118 1006 1007 4119 1007 1008 4120 1010 1011 4121 1010 1011 4122 1007 1008 4123 1011 1012 4124 1011 1012 4125 1007 1008 4126 1012 1013 4127 1007 1008 4128 1008 1009 4129 1012 1013 4130 1009 1010 4131 1010 1011 4132 1013 1014 4133 1010 1011 4134 1011 1012 4135 1013 1014 4136 1011 1012 4137 1012 1013 4138 1013 1014 4139 1014 1015 4140 1015 1016 4141 1016 1017 4142 1016 1017 4143 1015 1016 4144 1017 1018 4145 1017 1018 4146 1015 1016 4147 1018 1019 4148 1019 1020 4149 1014 1015 4150 1020 1021 4151 1014 1015 4152 1016 1017 4153 1020 1021 4154 1016 1017 4155 1017 1018 4156 1020 1021 4157 1020 1021 4158 1017 1018 4159 1021 1022 4160 1021 1022 4161 1017 1018 4162 1022 1023 4163 1017 1018 4164 1018 1019 4165 1022 1023 4166 1023 1024 4167 1019 1020 4168 1024 1025 4169 1019 1020 4170 1020 1021 4171 1024 1025 4172 1020 1021 4173 1021 1022 4174 1024 1025 4175 1024 1025 4176 1021 1022 4177 1025 1026 4178 1025 1026 4179 1021 1022 4180 1026 1027 4181 1021 1022 4182 1022 1023 4183 1026 1027 4184 1027 1028 4185 1023 1024 4186 1028 1029 4187 1023 1024 4188 1024 1025 4189 1028 1029 4190 1024 1025 4191 1025 1026 4192 1028 1029 4193 1028 1029 4194 1025 1026 4195 1029 1030 4196 1029 1030 4197 1025 1026 4198 1030 1031 4199 1025 1026 4200 1026 1027 4201 1030 1031 4202 1031 1032 4203 1027 1028 4204 1032 1033 4205 1027 1028 4206 1028 1029 4207 1032 1033 4208 1028 1029 4209 1029 1030 4210 1032 1033 4211 1032 1033 4212 1029 1030 4213 1033 1034 4214 1033 1034 4215 1029 1030 4216 1034 1035 4217 1029 1030 4218 1030 1031 4219 1034 1035 4220 1031 1032 4221 1032 1033 4222 1035 1036 4223 1032 1033 4224 1033 1034 4225 1035 1036 4226 1033 1034 4227 1034 1035 4228 1035 1036 4229 1036 1037 4230 1037 1038 4231 1038 1039 4232 1038 1039 4233 1037 1038 4234 1039 1040 4235 1039 1040 4236 1037 1038 4237 1040 1041 4238 1041 1042 4239 1036 1037 4240 1042 1043 4241 1036 1037 4242 1038 1039 4243 1042 1043 4244 1038 1039 4245 1039 1040 4246 1042 1043 4247 1042 1043 4248 1039 1040 4249 1043 1044 4250 1043 1044 4251 1039 1040 4252 1044 1045 4253 1039 1040 4254 1040 1041 4255 1044 1045 4256 1045 1046 4257 1041 1042 4258 1046 1047 4259 1041 1042 4260 1042 1043 4261 1046 1047 4262 1042 1043 4263 1043 1044 4264 1046 1047 4265 1046 1047 4266 1043 1044 4267 1047 1048 4268 1047 1048 4269 1043 1044 4270 1048 1049 4271 1043 1044 4272 1044 1045 4273 1048 1049 4274 1049 1050 4275 1045 1046 4276 1050 1051 4277 1045 1046 4278 1046 1047 4279 1050 1051 4280 1046 1047 4281 1047 1048 4282 1050 1051 4283 1050 1051 4284 1047 1048 4285 1051 1052 4286 1051 1052 4287 1047 1048 4288 1052 1053 4289 1047 1048 4290 1048 1049 4291 1052 1053 4292 1053 1054 4293 1049 1050 4294 1054 1055 4295 1049 1050 4296 1050 1051 4297 1054 1055 4298 1050 1051 4299 1051 1052 4300 1054 1055 4301 1054 1055 4302 1051 1052 4303 1055 1056 4304 1055 1056 4305 1051 1052 4306 1056 1057 4307 1051 1052 4308 1052 1053 4309 1056 1057 4310 1053 1054 4311 1054 1055 4312 1057 1058 4313 1054 1055 4314 1055 1056 4315 1057 1058 4316 1055 1056 4317 1056 1057 4318 1057 1058 4319 1058 1059 4320 1059 1060 4321 1060 1061 4322 1060 1061 4323 1059 1060 4324 1061 1062 4325 1061 1062 4326 1059 1060 4327 1062 1063 4328 1063 1064 4329 1058 1059 4330 1064 1065 4331 1058 1059 4332 1060 1061 4333 1064 1065 4334 1060 1061 4335 1061 1062 4336 1064 1065 4337 1064 1065 4338 1061 1062 4339 1065 1066 4340 1065 1066 4341 1061 1062 4342 1066 1067 4343 1061 1062 4344 1062 1063 4345 1066 1067 4346 1067 1068 4347 1063 1064 4348 1068 1069 4349 1063 1064 4350 1064 1065 4351 1068 1069 4352 1064 1065 4353 1065 1066 4354 1068 1069 4355 1068 1069 4356 1065 1066 4357 1069 1070 4358 1069 1070 4359 1065 1066 4360 1070 1071 4361 1065 1066 4362 1066 1067 4363 1070 1071 4364 1071 1072 4365 1067 1068 4366 1072 1073 4367 1067 1068 4368 1068 1069 4369 1072 1073 4370 1068 1069 4371 1069 1070 4372 1072 1073 4373 1072 1073 4374 1069 1070 4375 1073 1074 4376 1073 1074 4377 1069 1070 4378 1074 1075 4379 1069 1070 4380 1070 1071 4381 1074 1075 4382 1075 1076 4383 1071 1072 4384 1076 1077 4385 1071 1072 4386 1072 1073 4387 1076 1077 4388 1072 1073 4389 1073 1074 4390 1076 1077 4391 1076 1077 4392 1073 1074 4393 1077 1078 4394 1077 1078 4395 1073 1074 4396 1078 1079 4397 1073 1074 4398 1074 1075 4399 1078 1079 4400 1075 1076 4401 1076 1077 4402 1079 1080 4403 1076 1077 4404 1077 1078 4405 1079 1080 4406 1077 1078 4407 1078 1079 4408 1079 1080 4409 1080 1081 4410 1081 1082 4411 1082 1083 4412 1082 1083 4413 1081 1082 4414 1083 1084 4415 1083 1084 4416 1081 1082 4417 1084 1085 4418 1085 1086 4419 1080 1081 4420 1086 1087 4421 1080 1081 4422 1082 1083 4423 1086 1087 4424 1082 1083 4425 1083 1084 4426 1086 1087 4427 1086 1087 4428 1083 1084 4429 1087 1088 4430 1087 1088 4431 1083 1084 4432 1088 1089 4433 1083 1084 4434 1084 1085 4435 1088 1089 4436 1089 1090 4437 1085 1086 4438 1090 1091 4439 1085 1086 4440 1086 1087 4441 1090 1091 4442 1086 1087 4443 1087 1088 4444 1090 1091 4445 1090 1091 4446 1087 1088 4447 1091 1092 4448 1091 1092 4449 1087 1088 4450 1092 1093 4451 1087 1088 4452 1088 1089 4453 1092 1093 4454 1093 1094 4455 1089 1090 4456 1094 1095 4457 1089 1090 4458 1090 1091 4459 1094 1095 4460 1090 1091 4461 1091 1092 4462 1094 1095 4463 1094 1095 4464 1091 1092 4465 1095 1096 4466 1095 1096 4467 1091 1092 4468 1096 1097 4469 1091 1092 4470 1092 1093 4471 1096 1097 4472 1097 1098 4473 1093 1094 4474 1098 1099 4475 1093 1094 4476 1094 1095 4477 1098 1099 4478 1094 1095 4479 1095 1096 4480 1098 1099 4481 1098 1099 4482 1095 1096 4483 1099 1100 4484 1099 1100 4485 1095 1096 4486 1100 1101 4487 1095 1096 4488 1096 1097 4489 1100 1101 4490 1097 1098 4491 1098 1099 4492 1101 1102 4493 1098 1099 4494 1099 1100 4495 1101 1102 4496 1099 1100 4497 1100 1101 4498 1101 1102 4499 1102 1103 4500 1103 1104 4501 1104 1105 4502 1104 1105 4503 1103 1104 4504 1105 1106 4505 1105 1106 4506 1103 1104 4507 1106 1107 4508 1107 1108 4509 1102 1103 4510 1108 1109 4511 1102 1103 4512 1104 1105 4513 1108 1109 4514 1104 1105 4515 1105 1106 4516 1108 1109 4517 1108 1109 4518 1105 1106 4519 1109 1110 4520 1109 1110 4521 1105 1106 4522 1110 1111 4523 1105 1106 4524 1106 1107 4525 1110 1111 4526 1111 1112 4527 1107 1108 4528 1112 1113 4529 1107 1108 4530 1108 1109 4531 1112 1113 4532 1108 1109 4533 1109 1110 4534 1112 1113 4535 1112 1113 4536 1109 1110 4537 1113 1114 4538 1113 1114 4539 1109 1110 4540 1114 1115 4541 1109 1110 4542 1110 1111 4543 1114 1115 4544 1115 1116 4545 1111 1112 4546 1116 1117 4547 1111 1112 4548 1112 1113 4549 1116 1117 4550 1112 1113 4551 1113 1114 4552 1116 1117 4553 1116 1117 4554 1113 1114 4555 1117 1118 4556 1117 1118 4557 1113 1114 4558 1118 1119 4559 1113 1114 4560 1114 1115 4561 1118 1119 4562 1119 1120 4563 1115 1116 4564 1120 1121 4565 1115 1116 4566 1116 1117 4567 1120 1121 4568 1116 1117 4569 1117 1118 4570 1120 1121 4571 1120 1121 4572 1117 1118 4573 1121 1122 4574 1121 1122 4575 1117 1118 4576 1122 1123 4577 1117 1118 4578 1118 1119 4579 1122 1123 4580 1119 1120 4581 1120 1121 4582 1123 1124 4583 1120 1121 4584 1121 1122 4585 1123 1124 4586 1121 1122 4587 1122 1123 4588 1123 1124 4589 1124 1125 4590 1125 1126 4591 1126 1127 4592 1126 1127 4593 1125 1126 4594 1127 1128 4595 1127 1128 4596 1125 1126 4597 1128 1129 4598 1129 1130 4599 1124 1125 4600 1130 1131 4601 1124 1125 4602 1126 1127 4603 1130 1131 4604 1126 1127 4605 1127 1128 4606 1130 1131 4607 1130 1131 4608 1127 1128 4609 1131 1132 4610 1131 1132 4611 1127 1128 4612 1132 1133 4613 1127 1128 4614 1128 1129 4615 1132 1133 4616 1133 1134 4617 1129 1130 4618 1134 1135 4619 1129 1130 4620 1130 1131 4621 1134 1135 4622 1130 1131 4623 1131 1132 4624 1134 1135 4625 1134 1135 4626 1131 1132 4627 1135 1136 4628 1135 1136 4629 1131 1132 4630 1136 1137 4631 1131 1132 4632 1132 1133 4633 1136 1137 4634 1137 1138 4635 1133 1134 4636 1138 1139 4637 1133 1134 4638 1134 1135 4639 1138 1139 4640 1134 1135 4641 1135 1136 4642 1138 1139 4643 1138 1139 4644 1135 1136 4645 1139 1140 4646 1139 1140 4647 1135 1136 4648 1140 1141 4649 1135 1136 4650 1136 1137 4651 1140 1141 4652 1141 1142 4653 1137 1138 4654 1142 1143 4655 1137 1138 4656 1138 1139 4657 1142 1143 4658 1138 1139 4659 1139 1140 4660 1142 1143 4661 1142 1143 4662 1139 1140 4663 1143 1144 4664 1143 1144 4665 1139 1140 4666 1144 1145 4667 1139 1140 4668 1140 1141 4669 1144 1145 4670 1141 1142 4671 1142 1143 4672 1145 1146 4673 1142 1143 4674 1143 1144 4675 1145 1146 4676 1143 1144 4677 1144 1145 4678 1145 1146 4679 1146 1147 4680 1147 1148 4681 1148 1149 4682 1148 1149 4683 1147 1148 4684 1149 1150 4685 1149 1150 4686 1147 1148 4687 1150 1151 4688 1151 1152 4689 1146 1147 4690 1152 1153 4691 1146 1147 4692 1148 1149 4693 1152 1153 4694 1148 1149 4695 1149 1150 4696 1152 1153 4697 1152 1153 4698 1149 1150 4699 1153 1154 4700 1153 1154 4701 1149 1150 4702 1154 1155 4703 1149 1150 4704 1150 1151 4705 1154 1155 4706 1155 1156 4707 1151 1152 4708 1156 1157 4709 1151 1152 4710 1152 1153 4711 1156 1157 4712 1152 1153 4713 1153 1154 4714 1156 1157 4715 1156 1157 4716 1153 1154 4717 1157 1158 4718 1157 1158 4719 1153 1154 4720 1158 1159 4721 1153 1154 4722 1154 1155 4723 1158 1159 4724 1159 1160 4725 1155 1156 4726 1160 1161 4727 1155 1156 4728 1156 1157 4729 1160 1161 4730 1156 1157 4731 1157 1158 4732 1160 1161 4733 1160 1161 4734 1157 1158 4735 1161 1162 4736 1161 1162 4737 1157 1158 4738 1162 1163 4739 1157 1158 4740 1158 1159 4741 1162 1163 4742 1163 1164 4743 1159 1160 4744 1164 1165 4745 1159 1160 4746 1160 1161 4747 1164 1165 4748 1160 1161 4749 1161 1162 4750 1164 1165 4751 1164 1165 4752 1161 1162 4753 1165 1166 4754 1165 1166 4755 1161 1162 4756 1166 1167 4757 1161 1162 4758 1162 1163 4759 1166 1167 4760 1163 1164 4761 1164 1165 4762 1167 1168 4763 1164 1165 4764 1165 1166 4765 1167 1168 4766 1165 1166 4767 1166 1167 4768 1167 1168 4769 1168 1169 4770 1169 1170 4771 1170 1171 4772 1170 1171 4773 1169 1170 4774 1171 1172 4775 1171 1172 4776 1169 1170 4777 1172 1173 4778 1173 1174 4779 1168 1169 4780 1174 1175 4781 1168 1169 4782 1170 1171 4783 1174 1175 4784 1170 1171 4785 1171 1172 4786 1174 1175 4787 1174 1175 4788 1171 1172 4789 1175 1176 4790 1175 1176 4791 1171 1172 4792 1176 1177 4793 1171 1172 4794 1172 1173 4795 1176 1177 4796 1177 1178 4797 1173 1174 4798 1178 1179 4799 1173 1174 4800 1174 1175 4801 1178 1179 4802 1174 1175 4803 1175 1176 4804 1178 1179 4805 1178 1179 4806 1175 1176 4807 1179 1180 4808 1179 1180 4809 1175 1176 4810 1180 1181 4811 1175 1176 4812 1176 1177 4813 1180 1181 4814 1181 1182 4815 1177 1178 4816 1182 1183 4817 1177 1178 4818 1178 1179 4819 1182 1183 4820 1178 1179 4821 1179 1180 4822 1182 1183 4823 1182 1183 4824 1179 1180 4825 1183 1184 4826 1183 1184 4827 1179 1180 4828 1184 1185 4829 1179 1180 4830 1180 1181 4831 1184 1185 4832 1185 1186 4833 1181 1182 4834 1186 1187 4835 1181 1182 4836 1182 1183 4837 1186 1187 4838 1182 1183 4839 1183 1184 4840 1186 1187 4841 1186 1187 4842 1183 1184 4843 1187 1188 4844 1187 1188 4845 1183 1184 4846 1188 1189 4847 1183 1184 4848 1184 1185 4849 1188 1189 4850 1185 1186 4851 1186 1187 4852 1189 1190 4853 1186 1187 4854 1187 1188 4855 1189 1190 4856 1187 1188 4857 1188 1189 4858 1189 1190 4859 1190 1191 4860 1191 1192 4861 1192 1193 4862 1192 1193 4863 1191 1192 4864 1193 1194 4865 1193 1194 4866 1191 1192 4867 1194 1195 4868 1195 1196 4869 1190 1191 4870 1196 1197 4871 1190 1191 4872 1192 1193 4873 1196 1197 4874 1192 1193 4875 1193 1194 4876 1196 1197 4877 1196 1197 4878 1193 1194 4879 1197 1198 4880 1197 1198 4881 1193 1194 4882 1198 1199 4883 1193 1194 4884 1194 1195 4885 1198 1199 4886 1199 1200 4887 1195 1196 4888 1200 1201 4889 1195 1196 4890 1196 1197 4891 1200 1201 4892 1196 1197 4893 1197 1198 4894 1200 1201 4895 1200 1201 4896 1197 1198 4897 1201 1202 4898 1201 1202 4899 1197 1198 4900 1202 1203 4901 1197 1198 4902 1198 1199 4903 1202 1203 4904 1203 1204 4905 1199 1200 4906 1204 1205 4907 1199 1200 4908 1200 1201 4909 1204 1205 4910 1200 1201 4911 1201 1202 4912 1204 1205 4913 1204 1205 4914 1201 1202 4915 1205 1206 4916 1205 1206 4917 1201 1202 4918 1206 1207 4919 1201 1202 4920 1202 1203 4921 1206 1207 4922 1207 1208 4923 1203 1204 4924 1208 1209 4925 1203 1204 4926 1204 1205 4927 1208 1209 4928 1204 1205 4929 1205 1206 4930 1208 1209 4931 1208 1209 4932 1205 1206 4933 1209 1210 4934 1209 1210 4935 1205 1206 4936 1210 1211 4937 1205 1206 4938 1206 1207 4939 1210 1211 4940 1207 1208 4941 1208 1209 4942 1211 1212 4943 1208 1209 4944 1209 1210 4945 1211 1212 4946 1209 1210 4947 1210 1211 4948 1211 1212 4949 1212 1213 4950 1213 1214 4951 1214 1215 4952 1214 1215 4953 1213 1214 4954 1215 1216 4955 1215 1216 4956 1213 1214 4957 1216 1217 4958 1217 1218 4959 1212 1213 4960 1218 1219 4961 1212 1213 4962 1214 1215 4963 1218 1219 4964 1214 1215 4965 1215 1216 4966 1218 1219 4967 1218 1219 4968 1215 1216 4969 1219 1220 4970 1219 1220 4971 1215 1216 4972 1220 1221 4973 1215 1216 4974 1216 1217 4975 1220 1221 4976 1221 1222 4977 1217 1218 4978 1222 1223 4979 1217 1218 4980 1218 1219 4981 1222 1223 4982 1218 1219 4983 1219 1220 4984 1222 1223 4985 1222 1223 4986 1219 1220 4987 1223 1224 4988 1223 1224 4989 1219 1220 4990 1224 1225 4991 1219 1220 4992 1220 1221 4993 1224 1225 4994 1225 1226 4995 1221 1222 4996 1226 1227 4997 1221 1222 4998 1222 1223 4999 1226 1227 5000 1222 1223 5001 1223 1224 5002 1226 1227 5003 1226 1227 5004 1223 1224 5005 1227 1228 5006 1227 1228 5007 1223 1224 5008 1228 1229 5009 1223 1224 5010 1224 1225 5011 1228 1229 5012 1229 1230 5013 1225 1226 5014 1230 1231 5015 1225 1226 5016 1226 1227 5017 1230 1231 5018 1226 1227 5019 1227 1228 5020 1230 1231 5021 1230 1231 5022 1227 1228 5023 1231 1232 5024 1231 1232 5025 1227 1228 5026 1232 1233 5027 1227 1228 5028 1228 1229 5029 1232 1233 5030 1229 1230 5031 1230 1231 5032 1233 1234 5033 1230 1231 5034 1231 1232 5035 1233 1234 5036 1231 1232 5037 1232 1233 5038 1233 1234 5039 1234 1235 5040 1235 1236 5041 1236 1237 5042 1236 1237 5043 1235 1236 5044 1237 1238 5045 1237 1238 5046 1235 1236 5047 1238 1239 5048 1239 1240 5049 1234 1235 5050 1240 1241 5051 1234 1235 5052 1236 1237 5053 1240 1241 5054 1236 1237 5055 1237 1238 5056 1240 1241 5057 1240 1241 5058 1237 1238 5059 1241 1242 5060 1241 1242 5061 1237 1238 5062 1242 1243 5063 1237 1238 5064 1238 1239 5065 1242 1243 5066 1243 1244 5067 1239 1240 5068 1244 1245 5069 1239 1240 5070 1240 1241 5071 1244 1245 5072 1240 1241 5073 1241 1242 5074 1244 1245 5075 1244 1245 5076 1241 1242 5077 1245 1246 5078 1245 1246 5079 1241 1242 5080 1246 1247 5081 1241 1242 5082 1242 1243 5083 1246 1247 5084 1247 1248 5085 1243 1244 5086 1248 1249 5087 1243 1244 5088 1244 1245 5089 1248 1249 5090 1244 1245 5091 1245 1246 5092 1248 1249 5093 1248 1249 5094 1245 1246 5095 1249 1250 5096 1249 1250 5097 1245 1246 5098 1250 1251 5099 1245 1246 5100 1246 1247 5101 1250 1251 5102 1251 1252 5103 1247 1248 5104 1252 1253 5105 1247 1248 5106 1248 1249 5107 1252 1253 5108 1248 1249 5109 1249 1250 5110 1252 1253 5111 1252 1253 5112 1249 1250 5113 1253 1254 5114 1253 1254 5115 1249 1250 5116 1254 1255 5117 1249 1250 5118 1250 1251 5119 1254 1255 5120 1251 1252 5121 1252 1253 5122 1255 1256 5123 1252 1253 5124 1253 1254 5125 1255 1256 5126 1253 1254 5127 1254 1255 5128 1255 1256 5129 1256 1257 5130 1257 1258 5131 1258 1259 5132 1258 1259 5133 1257 1258 5134 1259 1260 5135 1259 1260 5136 1257 1258 5137 1260 1261 5138 1261 1262 5139 1256 1257 5140 1262 1263 5141 1256 1257 5142 1258 1259 5143 1262 1263 5144 1258 1259 5145 1259 1260 5146 1262 1263 5147 1262 1263 5148 1259 1260 5149 1263 1264 5150 1263 1264 5151 1259 1260 5152 1264 1265 5153 1259 1260 5154 1260 1261 5155 1264 1265 5156 1265 1266 5157 1261 1262 5158 1266 1267 5159 1261 1262 5160 1262 1263 5161 1266 1267 5162 1262 1263 5163 1263 1264 5164 1266 1267 5165 1266 1267 5166 1263 1264 5167 1267 1268 5168 1267 1268 5169 1263 1264 5170 1268 1269 5171 1263 1264 5172 1264 1265 5173 1268 1269 5174 1269 1270 5175 1265 1266 5176 1270 1271 5177 1265 1266 5178 1266 1267 5179 1270 1271 5180 1266 1267 5181 1267 1268 5182 1270 1271 5183 1270 1271 5184 1267 1268 5185 1271 1272 5186 1271 1272 5187 1267 1268 5188 1272 1273 5189 1267 1268 5190 1268 1269 5191 1272 1273 5192 1273 1274 5193 1269 1270 5194 1274 1275 5195 1269 1270 5196 1270 1271 5197 1274 1275 5198 1270 1271 5199 1271 1272 5200 1274 1275 5201 1274 1275 5202 1271 1272 5203 1275 1276 5204 1275 1276 5205 1271 1272 5206 1276 1277 5207 1271 1272 5208 1272 1273 5209 1276 1277 5210 1273 1274 5211 1274 1275 5212 1277 1278 5213 1274 1275 5214 1275 1276 5215 1277 1278 5216 1275 1276 5217 1276 1277 5218 1277 1278 5219 1278 1279 5220 1279 1280 5221 1280 1281 5222 1280 1281 5223 1279 1280 5224 1281 1282 5225 1281 1282 5226 1279 1280 5227 1282 1283 5228 1283 1284 5229 1278 1279 5230 1284 1285 5231 1278 1279 5232 1280 1281 5233 1284 1285 5234 1280 1281 5235 1281 1282 5236 1284 1285 5237 1284 1285 5238 1281 1282 5239 1285 1286 5240 1285 1286 5241 1281 1282 5242 1286 1287 5243 1281 1282 5244 1282 1283 5245 1286 1287 5246 1287 1288 5247 1283 1284 5248 1288 1289 5249 1283 1284 5250 1284 1285 5251 1288 1289 5252 1284 1285 5253 1285 1286 5254 1288 1289 5255 1288 1289 5256 1285 1286 5257 1289 1290 5258 1289 1290 5259 1285 1286 5260 1290 1291 5261 1285 1286 5262 1286 1287 5263 1290 1291 5264 1291 1292 5265 1287 1288 5266 1292 1293 5267 1287 1288 5268 1288 1289 5269 1292 1293 5270 1288 1289 5271 1289 1290 5272 1292 1293 5273 1292 1293 5274 1289 1290 5275 1293 1294 5276 1293 1294 5277 1289 1290 5278 1294 1295 5279 1289 1290 5280 1290 1291 5281 1294 1295 5282 1295 1296 5283 1291 1292 5284 1296 1297 5285 1291 1292 5286 1292 1293 5287 1296 1297 5288 1292 1293 5289 1293 1294 5290 1296 1297 5291 1296 1297 5292 1293 1294 5293 1297 1298 5294 1297 1298 5295 1293 1294 5296 1298 1299 5297 1293 1294 5298 1294 1295 5299 1298 1299 5300 1295 1296 5301 1296 1297 5302 1299 1300 5303 1296 1297 5304 1297 1298 5305 1299 1300 5306 1297 1298 5307 1298 1299 5308 1299 1300 5309 1300 1301 5310 1301 1302 5311 1302 1303 5312 1302 1303 5313 1301 1302 5314 1303 1304 5315 1303 1304 5316 1301 1302 5317 1304 1305 5318 1305 1306 5319 1300 1301 5320 1306 1307 5321 1300 1301 5322 1302 1303 5323 1306 1307 5324 1302 1303 5325 1303 1304 5326 1306 1307 5327 1306 1307 5328 1303 1304 5329 1307 1308 5330 1307 1308 5331 1303 1304 5332 1308 1309 5333 1303 1304 5334 1304 1305 5335 1308 1309 5336 1309 1310 5337 1305 1306 5338 1310 1311 5339 1305 1306 5340 1306 1307 5341 1310 1311 5342 1306 1307 5343 1307 1308 5344 1310 1311 5345 1310 1311 5346 1307 1308 5347 1311 1312 5348 1311 1312 5349 1307 1308 5350 1312 1313 5351 1307 1308 5352 1308 1309 5353 1312 1313 5354 1313 1314 5355 1309 1310 5356 1314 1315 5357 1309 1310 5358 1310 1311 5359 1314 1315 5360 1310 1311 5361 1311 1312 5362 1314 1315 5363 1314 1315 5364 1311 1312 5365 1315 1316 5366 1315 1316 5367 1311 1312 5368 1316 1317 5369 1311 1312 5370 1312 1313 5371 1316 1317 5372 1317 1318 5373 1313 1314 5374 1318 1319 5375 1313 1314 5376 1314 1315 5377 1318 1319 5378 1314 1315 5379 1315 1316 5380 1318 1319 5381 1318 1319 5382 1315 1316 5383 1319 1320 5384 1319 1320 5385 1315 1316 5386 1320 1321 5387 1315 1316 5388 1316 1317 5389 1320 1321 5390 1317 1318 5391 1318 1319 5392 1321 1322 5393 1318 1319 5394 1319 1320 5395 1321 1322 5396 1319 1320 5397 1320 1321 5398 1321 1322 5399 1322 1323 5400 1323 1324 5401 1324 1325 5402 1324 1325 5403 1323 1324 5404 1325 1326 5405 1325 1326 5406 1323 1324 5407 1326 1327 5408 1327 1328 5409 1322 1323 5410 1328 1329 5411 1322 1323 5412 1324 1325 5413 1328 1329 5414 1324 1325 5415 1325 1326 5416 1328 1329 5417 1328 1329 5418 1325 1326 5419 1329 1330 5420 1329 1330 5421 1325 1326 5422 1330 1331 5423 1325 1326 5424 1326 1327 5425 1330 1331 5426 1331 1332 5427 1327 1328 5428 1332 1333 5429 1327 1328 5430 1328 1329 5431 1332 1333 5432 1328 1329 5433 1329 1330 5434 1332 1333 5435 1332 1333 5436 1329 1330 5437 1333 1334 5438 1333 1334 5439 1329 1330 5440 1334 1335 5441 1329 1330 5442 1330 1331 5443 1334 1335 5444 1335 1336 5445 1331 1332 5446 1336 1337 5447 1331 1332 5448 1332 1333 5449 1336 1337 5450 1332 1333 5451 1333 1334 5452 1336 1337 5453 1336 1337 5454 1333 1334 5455 1337 1338 5456 1337 1338 5457 1333 1334 5458 1338 1339 5459 1333 1334 5460 1334 1335 5461 1338 1339 5462 1339 1340 5463 1335 1336 5464 1340 1341 5465 1335 1336 5466 1336 1337 5467 1340 1341 5468 1336 1337 5469 1337 1338 5470 1340 1341 5471 1340 1341 5472 1337 1338 5473 1341 1342 5474 1341 1342 5475 1337 1338 5476 1342 1343 5477 1337 1338 5478 1338 1339 5479 1342 1343 5480 1339 1340 5481 1340 1341 5482 1343 1344 5483 1340 1341 5484 1341 1342 5485 1343 1344 5486 1341 1342 5487 1342 1343 5488 1343 1344 5489 1344 1345 5490 1345 1346 5491 1346 1347 5492 1346 1347 5493 1345 1346 5494 1347 1348 5495 1347 1348 5496 1345 1346 5497 1348 1349 5498 1349 1350 5499 1344 1345 5500 1350 1351 5501 1344 1345 5502 1346 1347 5503 1350 1351 5504 1346 1347 5505 1347 1348 5506 1350 1351 5507 1350 1351 5508 1347 1348 5509 1351 1352 5510 1351 1352 5511 1347 1348 5512 1352 1353 5513 1347 1348 5514 1348 1349 5515 1352 1353 5516 1353 1354 5517 1349 1350 5518 1354 1355 5519 1349 1350 5520 1350 1351 5521 1354 1355 5522 1350 1351 5523 1351 1352 5524 1354 1355 5525 1354 1355 5526 1351 1352 5527 1355 1356 5528 1355 1356 5529 1351 1352 5530 1356 1357 5531 1351 1352 5532 1352 1353 5533 1356 1357 5534 1357 1358 5535 1353 1354 5536 1358 1359 5537 1353 1354 5538 1354 1355 5539 1358 1359 5540 1354 1355 5541 1355 1356 5542 1358 1359 5543 1358 1359 5544 1355 1356 5545 1359 1360 5546 1359 1360 5547 1355 1356 5548 1360 1361 5549 1355 1356 5550 1356 1357 5551 1360 1361 5552 1361 1362 5553 1357 1358 5554 1362 1363 5555 1357 1358 5556 1358 1359 5557 1362 1363 5558 1358 1359 5559 1359 1360 5560 1362 1363 5561 1362 1363 5562 1359 1360 5563 1363 1364 5564 1363 1364 5565 1359 1360 5566 1364 1365 5567 1359 1360 5568 1360 1361 5569 1364 1365 5570 1361 1362 5571 1362 1363 5572 1365 1366 5573 1362 1363 5574 1363 1364 5575 1365 1366 5576 1363 1364 5577 1364 1365 5578 1365 1366 5579 1366 1367 5580 1367 1368 5581 1368 1369 5582 1368 1369 5583 1367 1368 5584 1369 1370 5585 1369 1370 5586 1367 1368 5587 1370 1371 5588 1371 1372 5589 1366 1367 5590 1372 1373 5591 1366 1367 5592 1368 1369 5593 1372 1373 5594 1368 1369 5595 1369 1370 5596 1372 1373 5597 1372 1373 5598 1369 1370 5599 1373 1374 5600 1373 1374 5601 1369 1370 5602 1374 1375 5603 1369 1370 5604 1370 1371 5605 1374 1375 5606 1375 1376 5607 1371 1372 5608 1376 1377 5609 1371 1372 5610 1372 1373 5611 1376 1377 5612 1372 1373 5613 1373 1374 5614 1376 1377 5615 1376 1377 5616 1373 1374 5617 1377 1378 5618 1377 1378 5619 1373 1374 5620 1378 1379 5621 1373 1374 5622 1374 1375 5623 1378 1379 5624 1379 1380 5625 1375 1376 5626 1380 1381 5627 1375 1376 5628 1376 1377 5629 1380 1381 5630 1376 1377 5631 1377 1378 5632 1380 1381 5633 1380 1381 5634 1377 1378 5635 1381 1382 5636 1381 1382 5637 1377 1378 5638 1382 1383 5639 1377 1378 5640 1378 1379 5641 1382 1383 5642 1383 1384 5643 1379 1380 5644 1384 1385 5645 1379 1380 5646 1380 1381 5647 1384 1385 5648 1380 1381 5649 1381 1382 5650 1384 1385 5651 1384 1385 5652 1381 1382 5653 1385 1386 5654 1385 1386 5655 1381 1382 5656 1386 1387 5657 1381 1382 5658 1382 1383 5659 1386 1387 5660 1383 1384 5661 1384 1385 5662 1387 1388 5663 1384 1385 5664 1385 1386 5665 1387 1388 5666 1385 1386 5667 1386 1387 5668 1387 1388 5669 1388 1389 5670 1389 1390 5671 1390 1391 5672 1390 1391 5673 1389 1390 5674 1391 1392 5675 1391 1392 5676 1389 1390 5677 1392 1393 5678 1393 1394 5679 1388 1389 5680 1394 1395 5681 1388 1389 5682 1390 1391 5683 1394 1395 5684 1390 1391 5685 1391 1392 5686 1394 1395 5687 1394 1395 5688 1391 1392 5689 1395 1396 5690 1395 1396 5691 1391 1392 5692 1396 1397 5693 1391 1392 5694 1392 1393 5695 1396 1397 5696 1397 1398 5697 1393 1394 5698 1398 1399 5699 1393 1394 5700 1394 1395 5701 1398 1399 5702 1394 1395 5703 1395 1396 5704 1398 1399 5705 1398 1399 5706 1395 1396 5707 1399 1400 5708 1399 1400 5709 1395 1396 5710 1400 1401 5711 1395 1396 5712 1396 1397 5713 1400 1401 5714 1401 1402 5715 1397 1398 5716 1402 1403 5717 1397 1398 5718 1398 1399 5719 1402 1403 5720 1398 1399 5721 1399 1400 5722 1402 1403 5723 1402 1403 5724 1399 1400 5725 1403 1404 5726 1403 1404 5727 1399 1400 5728 1404 1405 5729 1399 1400 5730 1400 1401 5731 1404 1405 5732 1405 1406 5733 1401 1402 5734 1406 1407 5735 1401 1402 5736 1402 1403 5737 1406 1407 5738 1402 1403 5739 1403 1404 5740 1406 1407 5741 1406 1407 5742 1403 1404 5743 1407 1408 5744 1407 1408 5745 1403 1404 5746 1408 1409 5747 1403 1404 5748 1404 1405 5749 1408 1409 5750 1405 1406 5751 1406 1407 5752 1409 1410 5753 1406 1407 5754 1407 1408 5755 1409 1410 5756 1407 1408 5757 1408 1409 5758 1409 1410 5759 1410 1411 5760 1411 1412 5761 1412 1413 5762 1412 1413 5763 1411 1412 5764 1413 1414 5765 1413 1414 5766 1411 1412 5767 1414 1415 5768 1415 1416 5769 1410 1411 5770 1416 1417 5771 1410 1411 5772 1412 1413 5773 1416 1417 5774 1412 1413 5775 1413 1414 5776 1416 1417 5777 1416 1417 5778 1413 1414 5779 1417 1418 5780 1417 1418 5781 1413 1414 5782 1418 1419 5783 1413 1414 5784 1414 1415 5785 1418 1419 5786 1419 1420 5787 1415 1416 5788 1420 1421 5789 1415 1416 5790 1416 1417 5791 1420 1421 5792 1416 1417 5793 1417 1418 5794 1420 1421 5795 1420 1421 5796 1417 1418 5797 1421 1422 5798 1421 1422 5799 1417 1418 5800 1422 1423 5801 1417 1418 5802 1418 1419 5803 1422 1423 5804 1423 1424 5805 1419 1420 5806 1424 1425 5807 1419 1420 5808 1420 1421 5809 1424 1425 5810 1420 1421 5811 1421 1422 5812 1424 1425 5813 1424 1425 5814 1421 1422 5815 1425 1426 5816 1425 1426 5817 1421 1422 5818 1426 1427 5819 1421 1422 5820 1422 1423 5821 1426 1427 5822 1427 1428 5823 1423 1424 5824 1428 1429 5825 1423 1424 5826 1424 1425 5827 1428 1429 5828 1424 1425 5829 1425 1426 5830 1428 1429 5831 1428 1429 5832 1425 1426 5833 1429 1430 5834 1429 1430 5835 1425 1426 5836 1430 1431 5837 1425 1426 5838 1426 1427 5839 1430 1431 5840 1427 1428 5841 1428 1429 5842 1431 1432 5843 1428 1429 5844 1429 1430 5845 1431 1432 5846 1429 1430 5847 1430 1431 5848 1431 1432 5849 1432 1433 5850 1433 1434 5851 1434 1435 5852 1434 1435 5853 1433 1434 5854 1435 1436 5855 1435 1436 5856 1433 1434 5857 1436 1437 5858 1437 1438 5859 1432 1433 5860 1438 1439 5861 1432 1433 5862 1434 1435 5863 1438 1439 5864 1434 1435 5865 1435 1436 5866 1438 1439 5867 1438 1439 5868 1435 1436 5869 1439 1440 5870 1439 1440 5871 1435 1436 5872 1440 1441 5873 1435 1436 5874 1436 1437 5875 1440 1441 5876 1441 1442 5877 1437 1438 5878 1442 1443 5879 1437 1438 5880 1438 1439 5881 1442 1443 5882 1438 1439 5883 1439 1440 5884 1442 1443 5885 1442 1443 5886 1439 1440 5887 1443 1444 5888 1443 1444 5889 1439 1440 5890 1444 1445 5891 1439 1440 5892 1440 1441 5893 1444 1445 5894 1445 1446 5895 1441 1442 5896 1446 1447 5897 1441 1442 5898 1442 1443 5899 1446 1447 5900 1442 1443 5901 1443 1444 5902 1446 1447 5903 1446 1447 5904 1443 1444 5905 1447 1448 5906 1447 1448 5907 1443 1444 5908 1448 1449 5909 1443 1444 5910 1444 1445 5911 1448 1449 5912 1449 1450 5913 1445 1446 5914 1450 1451 5915 1445 1446 5916 1446 1447 5917 1450 1451 5918 1446 1447 5919 1447 1448 5920 1450 1451 5921 1450 1451 5922 1447 1448 5923 1451 1452 5924 1451 1452 5925 1447 1448 5926 1452 1453 5927 1447 1448 5928 1448 1449 5929 1452 1453 5930 1449 1450 5931 1450 1451 5932 1453 1454 5933 1450 1451 5934 1451 1452 5935 1453 1454 5936 1451 1452 5937 1452 1453 5938 1453 1454 5939 1454 1455 5940 1455 1456 5941 1456 1457 5942 1456 1457 5943 1455 1456 5944 1457 1458 5945 1457 1458 5946 1455 1456 5947 1458 1459 5948 1459 1460 5949 1454 1455 5950 1460 1461 5951 1454 1455 5952 1456 1457 5953 1460 1461 5954 1456 1457 5955 1457 1458 5956 1460 1461 5957 1460 1461 5958 1457 1458 5959 1461 1462 5960 1461 1462 5961 1457 1458 5962 1462 1463 5963 1457 1458 5964 1458 1459 5965 1462 1463 5966 1463 1464 5967 1459 1460 5968 1464 1465 5969 1459 1460 5970 1460 1461 5971 1464 1465 5972 1460 1461 5973 1461 1462 5974 1464 1465 5975 1464 1465 5976 1461 1462 5977 1465 1466 5978 1465 1466 5979 1461 1462 5980 1466 1467 5981 1461 1462 5982 1462 1463 5983 1466 1467 5984 1467 1468 5985 1463 1464 5986 1468 1469 5987 1463 1464 5988 1464 1465 5989 1468 1469 5990 1464 1465 5991 1465 1466 5992 1468 1469 5993 1468 1469 5994 1465 1466 5995 1469 1470 5996 1469 1470 5997 1465 1466 5998 1470 1471 5999 1465 1466 6000 1466 1467 6001 1470 1471 6002 1471 1472 6003 1467 1468 6004 1472 1473 6005 1467 1468 6006 1468 1469 6007 1472 1473 6008 1468 1469 6009 1469 1470 6010 1472 1473 6011 1472 1473 6012 1469 1470 6013 1473 1474 6014 1473 1474 6015 1469 1470 6016 1474 1475 6017 1469 1470 6018 1470 1471 6019 1474 1475 6020 1471 1472 6021 1472 1473 6022 1475 1476 6023 1472 1473 6024 1473 1474 6025 1475 1476 6026 1473 1474 6027 1474 1475 6028 1475 1476 6029 1476 1477 6030 1477 1478 6031 1478 1479 6032 1478 1479 6033 1477 1478 6034 1479 1480 6035 1479 1480 6036 1477 1478 6037 1480 1481 6038 1481 1482 6039 1476 1477 6040 1482 1483 6041 1476 1477 6042 1478 1479 6043 1482 1483 6044 1478 1479 6045 1479 1480 6046 1482 1483 6047 1482 1483 6048 1479 1480 6049 1483 1484 6050 1483 1484 6051 1479 1480 6052 1484 1485 6053 1479 1480 6054 1480 1481 6055 1484 1485 6056 1485 1486 6057 1481 1482 6058 1486 1487 6059 1481 1482 6060 1482 1483 6061 1486 1487 6062 1482 1483 6063 1483 1484 6064 1486 1487 6065 1486 1487 6066 1483 1484 6067 1487 1488 6068 1487 1488 6069 1483 1484 6070 1488 1489 6071 1483 1484 6072 1484 1485 6073 1488 1489 6074 1489 1490 6075 1485 1486 6076 1490 1491 6077 1485 1486 6078 1486 1487 6079 1490 1491 6080 1486 1487 6081 1487 1488 6082 1490 1491 6083 1490 1491 6084 1487 1488 6085 1491 1492 6086 1491 1492 6087 1487 1488 6088 1492 1493 6089 1487 1488 6090 1488 1489 6091 1492 1493 6092 1493 1494 6093 1489 1490 6094 1494 1495 6095 1489 1490 6096 1490 1491 6097 1494 1495 6098 1490 1491 6099 1491 1492 6100 1494 1495 6101 1494 1495 6102 1491 1492 6103 1495 1496 6104 1495 1496 6105 1491 1492 6106 1496 1497 6107 1491 1492 6108 1492 1493 6109 1496 1497 6110 1493 1494 6111 1494 1495 6112 1497 1498 6113 1494 1495 6114 1495 1496 6115 1497 1498 6116 1495 1496 6117 1496 1497 6118 1497 1498 6119 1498 1499 6120 1499 1500 6121 1500 1501 6122 1500 1501 6123 1499 1500 6124 1501 1502 6125 1501 1502 6126 1499 1500 6127 1502 1503 6128 1503 1504 6129 1498 1499 6130 1504 1505 6131 1498 1499 6132 1500 1501 6133 1504 1505 6134 1500 1501 6135 1501 1502 6136 1504 1505 6137 1504 1505 6138 1501 1502 6139 1505 1506 6140 1505 1506 6141 1501 1502 6142 1506 1507 6143 1501 1502 6144 1502 1503 6145 1506 1507 6146 1507 1508 6147 1503 1504 6148 1508 1509 6149 1503 1504 6150 1504 1505 6151 1508 1509 6152 1504 1505 6153 1505 1506 6154 1508 1509 6155 1508 1509 6156 1505 1506 6157 1509 1510 6158 1509 1510 6159 1505 1506 6160 1510 1511 6161 1505 1506 6162 1506 1507 6163 1510 1511 6164 1511 1512 6165 1507 1508 6166 1512 1513 6167 1507 1508 6168 1508 1509 6169 1512 1513 6170 1508 1509 6171 1509 1510 6172 1512 1513 6173 1512 1513 6174 1509 1510 6175 1513 1514 6176 1513 1514 6177 1509 1510 6178 1514 1515 6179 1509 1510 6180 1510 1511 6181 1514 1515 6182 1515 1516 6183 1511 1512 6184 1516 1517 6185 1511 1512 6186 1512 1513 6187 1516 1517 6188 1512 1513 6189 1513 1514 6190 1516 1517 6191 1516 1517 6192 1513 1514 6193 1517 1518 6194 1517 1518 6195 1513 1514 6196 1518 1519 6197 1513 1514 6198 1514 1515 6199 1518 1519 6200 1515 1516 6201 1516 1517 6202 1519 1520 6203 1516 1517 6204 1517 1518 6205 1519 1520 6206 1517 1518 6207 1518 1519 6208 1519 1520 6209 1520 1521 6210 1521 1522 6211 1522 1523 6212 1522 1523 6213 1521 1522 6214 1523 1524 6215 1523 1524 6216 1521 1522 6217 1524 1525 6218 1525 1526 6219 1520 1521 6220 1526 1527 6221 1520 1521 6222 1522 1523 6223 1526 1527 6224 1522 1523 6225 1523 1524 6226 1526 1527 6227 1526 1527 6228 1523 1524 6229 1527 1528 6230 1527 1528 6231 1523 1524 6232 1528 1529 6233 1523 1524 6234 1524 1525 6235 1528 1529 6236 1529 1530 6237 1525 1526 6238 1530 1531 6239 1525 1526 6240 1526 1527 6241 1530 1531 6242 1526 1527 6243 1527 1528 6244 1530 1531 6245 1530 1531 6246 1527 1528 6247 1531 1532 6248 1531 1532 6249 1527 1528 6250 1532 1533 6251 1527 1528 6252 1528 1529 6253 1532 1533 6254 1533 1534 6255 1529 1530 6256 1534 1535 6257 1529 1530 6258 1530 1531 6259 1534 1535 6260 1530 1531 6261 1531 1532 6262 1534 1535 6263 1534 1535 6264 1531 1532 6265 1535 1536 6266 1535 1536 6267 1531 1532 6268 1536 1537 6269 1531 1532 6270 1532 1533 6271 1536 1537 6272 1537 1538 6273 1533 1534 6274 1538 1539 6275 1533 1534 6276 1534 1535 6277 1538 1539 6278 1534 1535 6279 1535 1536 6280 1538 1539 6281 1538 1539 6282 1535 1536 6283 1539 1540 6284 1539 1540 6285 1535 1536 6286 1540 1541 6287 1535 1536 6288 1536 1537 6289 1540 1541 6290 1537 1538 6291 1538 1539 6292 1541 1542 6293 1538 1539 6294 1539 1540 6295 1541 1542 6296 1539 1540 6297 1540 1541 6298 1541 1542 6299 1542 1543 6300 1543 1544 6301 1544 1545 6302 1544 1545 6303 1543 1544 6304 1545 1546 6305 1545 1546 6306 1543 1544 6307 1546 1547 6308 1547 1548 6309 1542 1543 6310 1548 1549 6311 1542 1543 6312 1544 1545 6313 1548 1549 6314 1544 1545 6315 1545 1546 6316 1548 1549 6317 1548 1549 6318 1545 1546 6319 1549 1550 6320 1549 1550 6321 1545 1546 6322 1550 1551 6323 1545 1546 6324 1546 1547 6325 1550 1551 6326 1551 1552 6327 1547 1548 6328 1552 1553 6329 1547 1548 6330 1548 1549 6331 1552 1553 6332 1548 1549 6333 1549 1550 6334 1552 1553 6335 1552 1553 6336 1549 1550 6337 1553 1554 6338 1553 1554 6339 1549 1550 6340 1554 1555 6341 1549 1550 6342 1550 1551 6343 1554 1555 6344 1555 1556 6345 1551 1552 6346 1556 1557 6347 1551 1552 6348 1552 1553 6349 1556 1557 6350 1552 1553 6351 1553 1554 6352 1556 1557 6353 1556 1557 6354 1553 1554 6355 1557 1558 6356 1557 1558 6357 1553 1554 6358 1558 1559 6359 1553 1554 6360 1554 1555 6361 1558 1559 6362 1559 1560 6363 1555 1556 6364 1560 1561 6365 1555 1556 6366 1556 1557 6367 1560 1561 6368 1556 1557 6369 1557 1558 6370 1560 1561 6371 1560 1561 6372 1557 1558 6373 1561 1562 6374 1561 1562 6375 1557 1558 6376 1562 1563 6377 1557 1558 6378 1558 1559 6379 1562 1563 6380 1559 1560 6381 1560 1561 6382 1563 1564 6383 1560 1561 6384 1561 1562 6385 1563 1564 6386 1561 1562 6387 1562 1563 6388 1563 1564 6389 1564 1565 6390 1565 1566 6391 1566 1567 6392 1566 1567 6393 1565 1566 6394 1567 1568 6395 1567 1568 6396 1565 1566 6397 1568 1569 6398 1569 1570 6399 1564 1565 6400 1570 1571 6401 1564 1565 6402 1566 1567 6403 1570 1571 6404 1566 1567 6405 1567 1568 6406 1570 1571 6407 1570 1571 6408 1567 1568 6409 1571 1572 6410 1571 1572 6411 1567 1568 6412 1572 1573 6413 1567 1568 6414 1568 1569 6415 1572 1573 6416 1573 1574 6417 1569 1570 6418 1574 1575 6419 1569 1570 6420 1570 1571 6421 1574 1575 6422 1570 1571 6423 1571 1572 6424 1574 1575 6425 1574 1575 6426 1571 1572 6427 1575 1576 6428 1575 1576 6429 1571 1572 6430 1576 1577 6431 1571 1572 6432 1572 1573 6433 1576 1577 6434 1577 1578 6435 1573 1574 6436 1578 1579 6437 1573 1574 6438 1574 1575 6439 1578 1579 6440 1574 1575 6441 1575 1576 6442 1578 1579 6443 1578 1579 6444 1575 1576 6445 1579 1580 6446 1579 1580 6447 1575 1576 6448 1580 1581 6449 1575 1576 6450 1576 1577 6451 1580 1581 6452 1581 1582 6453 1577 1578 6454 1582 1583 6455 1577 1578 6456 1578 1579 6457 1582 1583 6458 1578 1579 6459 1579 1580 6460 1582 1583 6461 1582 1583 6462 1579 1580 6463 1583 1584 6464 1583 1584 6465 1579 1580 6466 1584 1585 6467 1579 1580 6468 1580 1581 6469 1584 1585 6470 1581 1582 6471 1582 1583 6472 1585 1586 6473 1582 1583 6474 1583 1584 6475 1585 1586 6476 1583 1584 6477 1584 1585 6478 1585 1586 6479 1586 1587 6480 1587 1588 6481 1588 1589 6482 1588 1589 6483 1587 1588 6484 1589 1590 6485 1589 1590 6486 1587 1588 6487 1590 1591 6488 1591 1592 6489 1586 1587 6490 1592 1593 6491 1586 1587 6492 1588 1589 6493 1592 1593 6494 1588 1589 6495 1589 1590 6496 1592 1593 6497 1592 1593 6498 1589 1590 6499 1593 1594 6500 1593 1594 6501 1589 1590 6502 1594 1595 6503 1589 1590 6504 1590 1591 6505 1594 1595 6506 1595 1596 6507 1591 1592 6508 1596 1597 6509 1591 1592 6510 1592 1593 6511 1596 1597 6512 1592 1593 6513 1593 1594 6514 1596 1597 6515 1596 1597 6516 1593 1594 6517 1597 1598 6518 1597 1598 6519 1593 1594 6520 1598 1599 6521 1593 1594 6522 1594 1595 6523 1598 1599 6524 1599 1600 6525 1595 1596 6526 1600 1601 6527 1595 1596 6528 1596 1597 6529 1600 1601 6530 1596 1597 6531 1597 1598 6532 1600 1601 6533 1600 1601 6534 1597 1598 6535 1601 1602 6536 1601 1602 6537 1597 1598 6538 1602 1603 6539 1597 1598 6540 1598 1599 6541 1602 1603 6542 1603 1604 6543 1599 1600 6544 1604 1605 6545 1599 1600 6546 1600 1601 6547 1604 1605 6548 1600 1601 6549 1601 1602 6550 1604 1605 6551 1604 1605 6552 1601 1602 6553 1605 1606 6554 1605 1606 6555 1601 1602 6556 1606 1607 6557 1601 1602 6558 1602 1603 6559 1606 1607 6560 1603 1604 6561 1604 1605 6562 1607 1608 6563 1604 1605 6564 1605 1606 6565 1607 1608 6566 1605 1606 6567 1606 1607 6568 1607 1608 6569 1608 1609 6570 1609 1610 6571 1610 1611 6572 1610 1611 6573 1609 1610 6574 1611 1612 6575 1611 1612 6576 1609 1610 6577 1612 1613 6578 1613 1614 6579 1608 1609 6580 1614 1615 6581 1608 1609 6582 1610 1611 6583 1614 1615 6584 1610 1611 6585 1611 1612 6586 1614 1615 6587 1614 1615 6588 1611 1612 6589 1615 1616 6590 1615 1616 6591 1611 1612 6592 1616 1617 6593 1611 1612 6594 1612 1613 6595 1616 1617 6596 1617 1618 6597 1613 1614 6598 1618 1619 6599 1613 1614 6600 1614 1615 6601 1618 1619 6602 1614 1615 6603 1615 1616 6604 1618 1619 6605 1618 1619 6606 1615 1616 6607 1619 1620 6608 1619 1620 6609 1615 1616 6610 1620 1621 6611 1615 1616 6612 1616 1617 6613 1620 1621 6614 1621 1622 6615 1617 1618 6616 1622 1623 6617 1617 1618 6618 1618 1619 6619 1622 1623 6620 1618 1619 6621 1619 1620 6622 1622 1623 6623 1622 1623 6624 1619 1620 6625 1623 1624 6626 1623 1624 6627 1619 1620 6628 1624 1625 6629 1619 1620 6630 1620 1621 6631 1624 1625 6632 1625 1626 6633 1621 1622 6634 1626 1627 6635 1621 1622 6636 1622 1623 6637 1626 1627 6638 1622 1623 6639 1623 1624 6640 1626 1627 6641 1626 1627 6642 1623 1624 6643 1627 1628 6644 1627 1628 6645 1623 1624 6646 1628 1629 6647 1623 1624 6648 1624 1625 6649 1628 1629 6650 1625 1626 6651 1626 1627 6652 1629 1630 6653 1626 1627 6654 1627 1628 6655 1629 1630 6656 1627 1628 6657 1628 1629 6658 1629 1630 6659 1630 1631 6660 1631 1632 6661 1632 1633 6662 1632 1633 6663 1631 1632 6664 1633 1634 6665 1633 1634 6666 1631 1632 6667 1634 1635 6668 1635 1636 6669 1630 1631 6670 1636 1637 6671 1630 1631 6672 1632 1633 6673 1636 1637 6674 1632 1633 6675 1633 1634 6676 1636 1637 6677 1636 1637 6678 1633 1634 6679 1637 1638 6680 1637 1638 6681 1633 1634 6682 1638 1639 6683 1633 1634 6684 1634 1635 6685 1638 1639 6686 1639 1640 6687 1635 1636 6688 1640 1641 6689 1635 1636 6690 1636 1637 6691 1640 1641 6692 1636 1637 6693 1637 1638 6694 1640 1641 6695 1640 1641 6696 1637 1638 6697 1641 1642 6698 1641 1642 6699 1637 1638 6700 1642 1643 6701 1637 1638 6702 1638 1639 6703 1642 1643 6704 1643 1644 6705 1639 1640 6706 1644 1645 6707 1639 1640 6708 1640 1641 6709 1644 1645 6710 1640 1641 6711 1641 1642 6712 1644 1645 6713 1644 1645 6714 1641 1642 6715 1645 1646 6716 1645 1646 6717 1641 1642 6718 1646 1647 6719 1641 1642 6720 1642 1643 6721 1646 1647 6722 1647 1648 6723 1643 1644 6724 1648 1649 6725 1643 1644 6726 1644 1645 6727 1648 1649 6728 1644 1645 6729 1645 1646 6730 1648 1649 6731 1648 1649 6732 1645 1646 6733 1649 1650 6734 1649 1650 6735 1645 1646 6736 1650 1651 6737 1645 1646 6738 1646 1647 6739 1650 1651 6740 1647 1648 6741 1648 1649 6742 1651 1652 6743 1648 1649 6744 1649 1650 6745 1651 1652 6746 1649 1650 6747 1650 1651 6748 1651 1652 6749 1652 1653 6750 1653 1654 6751 1654 1655 6752 1654 1655 6753 1653 1654 6754 1655 1656 6755 1655 1656 6756 1653 1654 6757 1656 1657 6758 1657 1658 6759 1652 1653 6760 1658 1659 6761 1652 1653 6762 1654 1655 6763 1658 1659 6764 1654 1655 6765 1655 1656 6766 1658 1659 6767 1658 1659 6768 1655 1656 6769 1659 1660 6770 1659 1660 6771 1655 1656 6772 1660 1661 6773 1655 1656 6774 1656 1657 6775 1660 1661 6776 1661 1662 6777 1657 1658 6778 1662 1663 6779 1657 1658 6780 1658 1659 6781 1662 1663 6782 1658 1659 6783 1659 1660 6784 1662 1663 6785 1662 1663 6786 1659 1660 6787 1663 1664 6788 1663 1664 6789 1659 1660 6790 1664 1665 6791 1659 1660 6792 1660 1661 6793 1664 1665 6794 1665 1666 6795 1661 1662 6796 1666 1667 6797 1661 1662 6798 1662 1663 6799 1666 1667 6800 1662 1663 6801 1663 1664 6802 1666 1667 6803 1666 1667 6804 1663 1664 6805 1667 1668 6806 1667 1668 6807 1663 1664 6808 1668 1669 6809 1663 1664 6810 1664 1665 6811 1668 1669 6812 1669 1670 6813 1665 1666 6814 1670 1671 6815 1665 1666 6816 1666 1667 6817 1670 1671 6818 1666 1667 6819 1667 1668 6820 1670 1671 6821 1670 1671 6822 1667 1668 6823 1671 1672 6824 1671 1672 6825 1667 1668 6826 1672 1673 6827 1667 1668 6828 1668 1669 6829 1672 1673 6830 1669 1670 6831 1670 1671 6832 1673 1674 6833 1670 1671 6834 1671 1672 6835 1673 1674 6836 1671 1672 6837 1672 1673 6838 1673 1674 6839 1674 1675 6840 1675 1676 6841 1676 1677 6842 1676 1677 6843 1675 1676 6844 1677 1678 6845 1677 1678 6846 1675 1676 6847 1678 1679 6848 1679 1680 6849 1674 1675 6850 1680 1681 6851 1674 1675 6852 1676 1677 6853 1680 1681 6854 1676 1677 6855 1677 1678 6856 1680 1681 6857 1680 1681 6858 1677 1678 6859 1681 1682 6860 1681 1682 6861 1677 1678 6862 1682 1683 6863 1677 1678 6864 1678 1679 6865 1682 1683 6866 1683 1684 6867 1679 1680 6868 1684 1685 6869 1679 1680 6870 1680 1681 6871 1684 1685 6872 1680 1681 6873 1681 1682 6874 1684 1685 6875 1684 1685 6876 1681 1682 6877 1685 1686 6878 1685 1686 6879 1681 1682 6880 1686 1687 6881 1681 1682 6882 1682 1683 6883 1686 1687 6884 1687 1688 6885 1683 1684 6886 1688 1689 6887 1683 1684 6888 1684 1685 6889 1688 1689 6890 1684 1685 6891 1685 1686 6892 1688 1689 6893 1688 1689 6894 1685 1686 6895 1689 1690 6896 1689 1690 6897 1685 1686 6898 1690 1691 6899 1685 1686 6900 1686 1687 6901 1690 1691 6902 1691 1692 6903 1687 1688 6904 1692 1693 6905 1687 1688 6906 1688 1689 6907 1692 1693 6908 1688 1689 6909 1689 1690 6910 1692 1693 6911 1692 1693 6912 1689 1690 6913 1693 1694 6914 1693 1694 6915 1689 1690 6916 1694 1695 6917 1689 1690 6918 1690 1691 6919 1694 1695 6920 1691 1692 6921 1692 1693 6922 1695 1696 6923 1692 1693 6924 1693 1694 6925 1695 1696 6926 1693 1694 6927 1694 1695 6928 1695 1696 6929 1696 1697 6930 1697 1698 6931 1698 1699 6932 1698 1699 6933 1697 1698 6934 1699 1700 6935 1699 1700 6936 1697 1698 6937 1700 1701 6938 1701 1702 6939 1696 1697 6940 1702 1703 6941 1696 1697 6942 1698 1699 6943 1702 1703 6944 1698 1699 6945 1699 1700 6946 1702 1703 6947 1702 1703 6948 1699 1700 6949 1703 1704 6950 1703 1704 6951 1699 1700 6952 1704 1705 6953 1699 1700 6954 1700 1701 6955 1704 1705 6956 1705 1706 6957 1701 1702 6958 1706 1707 6959 1701 1702 6960 1702 1703 6961 1706 1707 6962 1702 1703 6963 1703 1704 6964 1706 1707 6965 1706 1707 6966 1703 1704 6967 1707 1708 6968 1707 1708 6969 1703 1704 6970 1708 1709 6971 1703 1704 6972 1704 1705 6973 1708 1709 6974 1709 1710 6975 1705 1706 6976 1710 1711 6977 1705 1706 6978 1706 1707 6979 1710 1711 6980 1706 1707 6981 1707 1708 6982 1710 1711 6983 1710 1711 6984 1707 1708 6985 1711 1712 6986 1711 1712 6987 1707 1708 6988 1712 1713 6989 1707 1708 6990 1708 1709 6991 1712 1713 6992 1713 1714 6993 1709 1710 6994 1714 1715 6995 1709 1710 6996 1710 1711 6997 1714 1715 6998 1710 1711 6999 1711 1712 7000 1714 1715 7001 1714 1715 7002 1711 1712 7003 1715 1716 7004 1715 1716 7005 1711 1712 7006 1716 1717 7007 1711 1712 7008 1712 1713 7009 1716 1717 7010 1713 1714 7011 1714 1715 7012 1717 1718 7013 1714 1715 7014 1715 1716 7015 1717 1718 7016 1715 1716 7017 1716 1717 7018 1717 1718 7019 1718 1719 7020 1719 1720 7021 1720 1721 7022 1720 1721 7023 1719 1720 7024 1721 1722 7025 1721 1722 7026 1719 1720 7027 1722 1723 7028 1723 1724 7029 1718 1719 7030 1724 1725 7031 1718 1719 7032 1720 1721 7033 1724 1725 7034 1720 1721 7035 1721 1722 7036 1724 1725 7037 1724 1725 7038 1721 1722 7039 1725 1726 7040 1725 1726 7041 1721 1722 7042 1726 1727 7043 1721 1722 7044 1722 1723 7045 1726 1727 7046 1727 1728 7047 1723 1724 7048 1728 1729 7049 1723 1724 7050 1724 1725 7051 1728 1729 7052 1724 1725 7053 1725 1726 7054 1728 1729 7055 1728 1729 7056 1725 1726 7057 1729 1730 7058 1729 1730 7059 1725 1726 7060 1730 1731 7061 1725 1726 7062 1726 1727 7063 1730 1731 7064 1731 1732 7065 1727 1728 7066 1732 1733 7067 1727 1728 7068 1728 1729 7069 1732 1733 7070 1728 1729 7071 1729 1730 7072 1732 1733 7073 1732 1733 7074 1729 1730 7075 1733 1734 7076 1733 1734 7077 1729 1730 7078 1734 1735 7079 1729 1730 7080 1730 1731 7081 1734 1735 7082 1735 1736 7083 1731 1732 7084 1736 1737 7085 1731 1732 7086 1732 1733 7087 1736 1737 7088 1732 1733 7089 1733 1734 7090 1736 1737 7091 1736 1737 7092 1733 1734 7093 1737 1738 7094 1737 1738 7095 1733 1734 7096 1738 1739 7097 1733 1734 7098 1734 1735 7099 1738 1739 7100 1735 1736 7101 1736 1737 7102 1739 1740 7103 1736 1737 7104 1737 1738 7105 1739 1740 7106 1737 1738 7107 1738 1739 7108 1739 1740 7109 1740 1741 7110 1741 1742 7111 1742 1743 7112 1742 1743 7113 1741 1742 7114 1743 1744 7115 1743 1744 7116 1741 1742 7117 1744 1745 7118 1745 1746 7119 1740 1741 7120 1746 1747 7121 1740 1741 7122 1742 1743 7123 1746 1747 7124 1742 1743 7125 1743 1744 7126 1746 1747 7127 1746 1747 7128 1743 1744 7129 1747 1748 7130 1747 1748 7131 1743 1744 7132 1748 1749 7133 1743 1744 7134 1744 1745 7135 1748 1749 7136 1749 1750 7137 1745 1746 7138 1750 1751 7139 1745 1746 7140 1746 1747 7141 1750 1751 7142 1746 1747 7143 1747 1748 7144 1750 1751 7145 1750 1751 7146 1747 1748 7147 1751 1752 7148 1751 1752 7149 1747 1748 7150 1752 1753 7151 1747 1748 7152 1748 1749 7153 1752 1753 7154 1753 1754 7155 1749 1750 7156 1754 1755 7157 1749 1750 7158 1750 1751 7159 1754 1755 7160 1750 1751 7161 1751 1752 7162 1754 1755 7163 1754 1755 7164 1751 1752 7165 1755 1756 7166 1755 1756 7167 1751 1752 7168 1756 1757 7169 1751 1752 7170 1752 1753 7171 1756 1757 7172 1757 1758 7173 1753 1754 7174 1758 1759 7175 1753 1754 7176 1754 1755 7177 1758 1759 7178 1754 1755 7179 1755 1756 7180 1758 1759 7181 1758 1759 7182 1755 1756 7183 1759 1760 7184 1759 1760 7185 1755 1756 7186 1760 1761 7187 1755 1756 7188 1756 1757 7189 1760 1761 7190 1757 1758 7191 1758 1759 7192 1761 1762 7193 1758 1759 7194 1759 1760 7195 1761 1762 7196 1759 1760 7197 1760 1761 7198 1761 1762 7199 1762 1763 7200 1763 1764 7201 1764 1765 7202 1764 1765 7203 1763 1764 7204 1765 1766 7205 1765 1766 7206 1763 1764 7207 1766 1767 7208 1767 1768 7209 1762 1763 7210 1768 1769 7211 1762 1763 7212 1764 1765 7213 1768 1769 7214 1764 1765 7215 1765 1766 7216 1768 1769 7217 1768 1769 7218 1765 1766 7219 1769 1770 7220 1769 1770 7221 1765 1766 7222 1770 1771 7223 1765 1766 7224 1766 1767 7225 1770 1771 7226 1771 1772 7227 1767 1768 7228 1772 1773 7229 1767 1768 7230 1768 1769 7231 1772 1773 7232 1768 1769 7233 1769 1770 7234 1772 1773 7235 1772 1773 7236 1769 1770 7237 1773 1774 7238 1773 1774 7239 1769 1770 7240 1774 1775 7241 1769 1770 7242 1770 1771 7243 1774 1775 7244 1775 1776 7245 1771 1772 7246 1776 1777 7247 1771 1772 7248 1772 1773 7249 1776 1777 7250 1772 1773 7251 1773 1774 7252 1776 1777 7253 1776 1777 7254 1773 1774 7255 1777 1778 7256 1777 1778 7257 1773 1774 7258 1778 1779 7259 1773 1774 7260 1774 1775 7261 1778 1779 7262 1779 1780 7263 1775 1776 7264 1780 1781 7265 1775 1776 7266 1776 1777 7267 1780 1781 7268 1776 1777 7269 1777 1778 7270 1780 1781 7271 1780 1781 7272 1777 1778 7273 1781 1782 7274 1781 1782 7275 1777 1778 7276 1782 1783 7277 1777 1778 7278 1778 1779 7279 1782 1783 7280 1779 1780 7281 1780 1781 7282 1783 1784 7283 1780 1781 7284 1781 1782 7285 1783 1784 7286 1781 1782 7287 1782 1783 7288 1783 1784 7289 1784 1785 7290 1785 1786 7291 1786 1787 7292 1786 1787 7293 1785 1786 7294 1787 1788 7295 1787 1788 7296 1785 1786 7297 1788 1789 7298 1789 1790 7299 1784 1785 7300 1790 1791 7301 1784 1785 7302 1786 1787 7303 1790 1791 7304 1786 1787 7305 1787 1788 7306 1790 1791 7307 1790 1791 7308 1787 1788 7309 1791 1792 7310 1791 1792 7311 1787 1788 7312 1792 1793 7313 1787 1788 7314 1788 1789 7315 1792 1793 7316 1793 1794 7317 1789 1790 7318 1794 1795 7319 1789 1790 7320 1790 1791 7321 1794 1795 7322 1790 1791 7323 1791 1792 7324 1794 1795 7325 1794 1795 7326 1791 1792 7327 1795 1796 7328 1795 1796 7329 1791 1792 7330 1796 1797 7331 1791 1792 7332 1792 1793 7333 1796 1797 7334 1797 1798 7335 1793 1794 7336 1798 1799 7337 1793 1794 7338 1794 1795 7339 1798 1799 7340 1794 1795 7341 1795 1796 7342 1798 1799 7343 1798 1799 7344 1795 1796 7345 1799 1800 7346 1799 1800 7347 1795 1796 7348 1800 1801 7349 1795 1796 7350 1796 1797 7351 1800 1801 7352 1801 1802 7353 1797 1798 7354 1802 1803 7355 1797 1798 7356 1798 1799 7357 1802 1803 7358 1798 1799 7359 1799 1800 7360 1802 1803 7361 1802 1803 7362 1799 1800 7363 1803 1804 7364 1803 1804 7365 1799 1800 7366 1804 1805 7367 1799 1800 7368 1800 1801 7369 1804 1805 7370 1801 1802 7371 1802 1803 7372 1805 1806 7373 1802 1803 7374 1803 1804 7375 1805 1806 7376 1803 1804 7377 1804 1805 7378 1805 1806 7379 1806 1807 7380 1807 1808 7381 1808 1809 7382 1808 1809 7383 1807 1808 7384 1809 1810 7385 1809 1810 7386 1807 1808 7387 1810 1811 7388 1811 1812 7389 1806 1807 7390 1812 1813 7391 1806 1807 7392 1808 1809 7393 1812 1813 7394 1808 1809 7395 1809 1810 7396 1812 1813 7397 1812 1813 7398 1809 1810 7399 1813 1814 7400 1813 1814 7401 1809 1810 7402 1814 1815 7403 1809 1810 7404 1810 1811 7405 1814 1815 7406 1815 1816 7407 1811 1812 7408 1816 1817 7409 1811 1812 7410 1812 1813 7411 1816 1817 7412 1812 1813 7413 1813 1814 7414 1816 1817 7415 1816 1817 7416 1813 1814 7417 1817 1818 7418 1817 1818 7419 1813 1814 7420 1818 1819 7421 1813 1814 7422 1814 1815 7423 1818 1819 7424 1819 1820 7425 1815 1816 7426 1820 1821 7427 1815 1816 7428 1816 1817 7429 1820 1821 7430 1816 1817 7431 1817 1818 7432 1820 1821 7433 1820 1821 7434 1817 1818 7435 1821 1822 7436 1821 1822 7437 1817 1818 7438 1822 1823 7439 1817 1818 7440 1818 1819 7441 1822 1823 7442 1823 1824 7443 1819 1820 7444 1824 1825 7445 1819 1820 7446 1820 1821 7447 1824 1825 7448 1820 1821 7449 1821 1822 7450 1824 1825 7451 1824 1825 7452 1821 1822 7453 1825 1826 7454 1825 1826 7455 1821 1822 7456 1826 1827 7457 1821 1822 7458 1822 1823 7459 1826 1827 7460 1823 1824 7461 1824 1825 7462 1827 1828 7463 1824 1825 7464 1825 1826 7465 1827 1828 7466 1825 1826 7467 1826 1827 7468 1827 1828 7469 1828 1829 7470 1829 1830 7471 1830 1831 7472 1830 1831 7473 1829 1830 7474 1831 1832 7475 1831 1832 7476 1829 1830 7477 1832 1833 7478 1833 1834 7479 1828 1829 7480 1834 1835 7481 1828 1829 7482 1830 1831 7483 1834 1835 7484 1830 1831 7485 1831 1832 7486 1834 1835 7487 1834 1835 7488 1831 1832 7489 1835 1836 7490 1835 1836 7491 1831 1832 7492 1836 1837 7493 1831 1832 7494 1832 1833 7495 1836 1837 7496 1837 1838 7497 1833 1834 7498 1838 1839 7499 1833 1834 7500 1834 1835 7501 1838 1839 7502 1834 1835 7503 1835 1836 7504 1838 1839 7505 1838 1839 7506 1835 1836 7507 1839 1840 7508 1839 1840 7509 1835 1836 7510 1840 1841 7511 1835 1836 7512 1836 1837 7513 1840 1841 7514 1841 1842 7515 1837 1838 7516 1842 1843 7517 1837 1838 7518 1838 1839 7519 1842 1843 7520 1838 1839 7521 1839 1840 7522 1842 1843 7523 1842 1843 7524 1839 1840 7525 1843 1844 7526 1843 1844 7527 1839 1840 7528 1844 1845 7529 1839 1840 7530 1840 1841 7531 1844 1845 7532 1845 1846 7533 1841 1842 7534 1846 1847 7535 1841 1842 7536 1842 1843 7537 1846 1847 7538 1842 1843 7539 1843 1844 7540 1846 1847 7541 1846 1847 7542 1843 1844 7543 1847 1848 7544 1847 1848 7545 1843 1844 7546 1848 1849 7547 1843 1844 7548 1844 1845 7549 1848 1849 7550 1845 1846 7551 1846 1847 7552 1849 1850 7553 1846 1847 7554 1847 1848 7555 1849 1850 7556 1847 1848 7557 1848 1849 7558 1849 1850 7559 1850 1851 7560 1851 1852 7561 1852 1853 7562 1852 1853 7563 1851 1852 7564 1853 1854 7565 1853 1854 7566 1851 1852 7567 1854 1855 7568 1855 1856 7569 1850 1851 7570 1856 1857 7571 1850 1851 7572 1852 1853 7573 1856 1857 7574 1852 1853 7575 1853 1854 7576 1856 1857 7577 1856 1857 7578 1853 1854 7579 1857 1858 7580 1857 1858 7581 1853 1854 7582 1858 1859 7583 1853 1854 7584 1854 1855 7585 1858 1859 7586 1859 1860 7587 1855 1856 7588 1860 1861 7589 1855 1856 7590 1856 1857 7591 1860 1861 7592 1856 1857 7593 1857 1858 7594 1860 1861 7595 1860 1861 7596 1857 1858 7597 1861 1862 7598 1861 1862 7599 1857 1858 7600 1862 1863 7601 1857 1858 7602 1858 1859 7603 1862 1863 7604 1863 1864 7605 1859 1860 7606 1864 1865 7607 1859 1860 7608 1860 1861 7609 1864 1865 7610 1860 1861 7611 1861 1862 7612 1864 1865 7613 1864 1865 7614 1861 1862 7615 1865 1866 7616 1865 1866 7617 1861 1862 7618 1866 1867 7619 1861 1862 7620 1862 1863 7621 1866 1867 7622 1867 1868 7623 1863 1864 7624 1868 1869 7625 1863 1864 7626 1864 1865 7627 1868 1869 7628 1864 1865 7629 1865 1866 7630 1868 1869 7631 1868 1869 7632 1865 1866 7633 1869 1870 7634 1869 1870 7635 1865 1866 7636 1870 1871 7637 1865 1866 7638 1866 1867 7639 1870 1871 7640 1867 1868 7641 1868 1869 7642 1871 1872 7643 1868 1869 7644 1869 1870 7645 1871 1872 7646 1869 1870 7647 1870 1871 7648 1871 1872 7649 1872 1873 7650 1873 1874 7651 1874 1875 7652 1874 1875 7653 1873 1874 7654 1875 1876 7655 1875 1876 7656 1873 1874 7657 1876 1877 7658 1877 1878 7659 1872 1873 7660 1878 1879 7661 1872 1873 7662 1874 1875 7663 1878 1879 7664 1874 1875 7665 1875 1876 7666 1878 1879 7667 1878 1879 7668 1875 1876 7669 1879 1880 7670 1879 1880 7671 1875 1876 7672 1880 1881 7673 1875 1876 7674 1876 1877 7675 1880 1881 7676 1881 1882 7677 1877 1878 7678 1882 1883 7679 1877 1878 7680 1878 1879 7681 1882 1883 7682 1878 1879 7683 1879 1880 7684 1882 1883 7685 1882 1883 7686 1879 1880 7687 1883 1884 7688 1883 1884 7689 1879 1880 7690 1884 1885 7691 1879 1880 7692 1880 1881 7693 1884 1885 7694 1885 1886 7695 1881 1882 7696 1886 1887 7697 1881 1882 7698 1882 1883 7699 1886 1887 7700 1882 1883 7701 1883 1884 7702 1886 1887 7703 1886 1887 7704 1883 1884 7705 1887 1888 7706 1887 1888 7707 1883 1884 7708 1888 1889 7709 1883 1884 7710 1884 1885 7711 1888 1889 7712 1889 1890 7713 1885 1886 7714 1890 1891 7715 1885 1886 7716 1886 1887 7717 1890 1891 7718 1886 1887 7719 1887 1888 7720 1890 1891 7721 1890 1891 7722 1887 1888 7723 1891 1892 7724 1891 1892 7725 1887 1888 7726 1892 1893 7727 1887 1888 7728 1888 1889 7729 1892 1893 7730 1889 1890 7731 1890 1891 7732 1893 1894 7733 1890 1891 7734 1891 1892 7735 1893 1894 7736 1891 1892 7737 1892 1893 7738 1893 1894 7739 1894 1895 7740 1895 1896 7741 1896 1897 7742 1896 1897 7743 1895 1896 7744 1897 1898 7745 1897 1898 7746 1895 1896 7747 1898 1899 7748 1899 1900 7749 1894 1895 7750 1900 1901 7751 1894 1895 7752 1896 1897 7753 1900 1901 7754 1896 1897 7755 1897 1898 7756 1900 1901 7757 1900 1901 7758 1897 1898 7759 1901 1902 7760 1901 1902 7761 1897 1898 7762 1902 1903 7763 1897 1898 7764 1898 1899 7765 1902 1903 7766 1903 1904 7767 1899 1900 7768 1904 1905 7769 1899 1900 7770 1900 1901 7771 1904 1905 7772 1900 1901 7773 1901 1902 7774 1904 1905 7775 1904 1905 7776 1901 1902 7777 1905 1906 7778 1905 1906 7779 1901 1902 7780 1906 1907 7781 1901 1902 7782 1902 1903 7783 1906 1907 7784 1907 1908 7785 1903 1904 7786 1908 1909 7787 1903 1904 7788 1904 1905 7789 1908 1909 7790 1904 1905 7791 1905 1906 7792 1908 1909 7793 1908 1909 7794 1905 1906 7795 1909 1910 7796 1909 1910 7797 1905 1906 7798 1910 1911 7799 1905 1906 7800 1906 1907 7801 1910 1911 7802 1911 1912 7803 1907 1908 7804 1912 1913 7805 1907 1908 7806 1908 1909 7807 1912 1913 7808 1908 1909 7809 1909 1910 7810 1912 1913 7811 1912 1913 7812 1909 1910 7813 1913 1914 7814 1913 1914 7815 1909 1910 7816 1914 1915 7817 1909 1910 7818 1910 1911 7819 1914 1915 7820 1911 1912 7821 1912 1913 7822 1915 1916 7823 1912 1913 7824 1913 1914 7825 1915 1916 7826 1913 1914 7827 1914 1915 7828 1915 1916 7829 1916 1917 7830 1917 1918 7831 1918 1919 7832 1918 1919 7833 1917 1918 7834 1919 1920 7835 1919 1920 7836 1917 1918 7837 1920 1921 7838 1921 1922 7839 1916 1917 7840 1922 1923 7841 1916 1917 7842 1918 1919 7843 1922 1923 7844 1918 1919 7845 1919 1920 7846 1922 1923 7847 1922 1923 7848 1919 1920 7849 1923 1924 7850 1923 1924 7851 1919 1920 7852 1924 1925 7853 1919 1920 7854 1920 1921 7855 1924 1925 7856 1925 1926 7857 1921 1922 7858 1926 1927 7859 1921 1922 7860 1922 1923 7861 1926 1927 7862 1922 1923 7863 1923 1924 7864 1926 1927 7865 1926 1927 7866 1923 1924 7867 1927 1928 7868 1927 1928 7869 1923 1924 7870 1928 1929 7871 1923 1924 7872 1924 1925 7873 1928 1929 7874 1929 1930 7875 1925 1926 7876 1930 1931 7877 1925 1926 7878 1926 1927 7879 1930 1931 7880 1926 1927 7881 1927 1928 7882 1930 1931 7883 1930 1931 7884 1927 1928 7885 1931 1932 7886 1931 1932 7887 1927 1928 7888 1932 1933 7889 1927 1928 7890 1928 1929 7891 1932 1933 7892 1933 1934 7893 1929 1930 7894 1934 1935 7895 1929 1930 7896 1930 1931 7897 1934 1935 7898 1930 1931 7899 1931 1932 7900 1934 1935 7901 1934 1935 7902 1931 1932 7903 1935 1936 7904 1935 1936 7905 1931 1932 7906 1936 1937 7907 1931 1932 7908 1932 1933 7909 1936 1937 7910 1933 1934 7911 1934 1935 7912 1937 1938 7913 1934 1935 7914 1935 1936 7915 1937 1938 7916 1935 1936 7917 1936 1937 7918 1937 1938 7919 1938 1939 7920 1939 1940 7921 1940 1941 7922 1940 1941 7923 1939 1940 7924 1941 1942 7925 1941 1942 7926 1939 1940 7927 1942 1943 7928 1943 1944 7929 1938 1939 7930 1944 1945 7931 1938 1939 7932 1940 1941 7933 1944 1945 7934 1940 1941 7935 1941 1942 7936 1944 1945 7937 1944 1945 7938 1941 1942 7939 1945 1946 7940 1945 1946 7941 1941 1942 7942 1946 1947 7943 1941 1942 7944 1942 1943 7945 1946 1947 7946 1947 1948 7947 1943 1944 7948 1948 1949 7949 1943 1944 7950 1944 1945 7951 1948 1949 7952 1944 1945 7953 1945 1946 7954 1948 1949 7955 1948 1949 7956 1945 1946 7957 1949 1950 7958 1949 1950 7959 1945 1946 7960 1950 1951 7961 1945 1946 7962 1946 1947 7963 1950 1951 7964 1951 1952 7965 1947 1948 7966 1952 1953 7967 1947 1948 7968 1948 1949 7969 1952 1953 7970 1948 1949 7971 1949 1950 7972 1952 1953 7973 1952 1953 7974 1949 1950 7975 1953 1954 7976 1953 1954 7977 1949 1950 7978 1954 1955 7979 1949 1950 7980 1950 1951 7981 1954 1955 7982 1955 1956 7983 1951 1952 7984 1956 1957 7985 1951 1952 7986 1952 1953 7987 1956 1957 7988 1952 1953 7989 1953 1954 7990 1956 1957 7991 1956 1957 7992 1953 1954 7993 1957 1958 7994 1957 1958 7995 1953 1954 7996 1958 1959 7997 1953 1954 7998 1954 1955 7999 1958 1959 8000 1955 1956 8001 1956 1957 8002 1959 1960 8003 1956 1957 8004 1957 1958 8005 1959 1960 8006 1957 1958 8007 1958 1959 8008 1959 1960 8009 1960 1961 8010 1961 1962 8011 1962 1963 8012 1962 1963 8013 1961 1962 8014 1963 1964 8015 1963 1964 8016 1961 1962 8017 1964 1965 8018 1965 1966 8019 1960 1961 8020 1966 1967 8021 1960 1961 8022 1962 1963 8023 1966 1967 8024 1962 1963 8025 1963 1964 8026 1966 1967 8027 1966 1967 8028 1963 1964 8029 1967 1968 8030 1967 1968 8031 1963 1964 8032 1968 1969 8033 1963 1964 8034 1964 1965 8035 1968 1969 8036 1969 1970 8037 1965 1966 8038 1970 1971 8039 1965 1966 8040 1966 1967 8041 1970 1971 8042 1966 1967 8043 1967 1968 8044 1970 1971 8045 1970 1971 8046 1967 1968 8047 1971 1972 8048 1971 1972 8049 1967 1968 8050 1972 1973 8051 1967 1968 8052 1968 1969 8053 1972 1973 8054 1973 1974 8055 1969 1970 8056 1974 1975 8057 1969 1970 8058 1970 1971 8059 1974 1975 8060 1970 1971 8061 1971 1972 8062 1974 1975 8063 1974 1975 8064 1971 1972 8065 1975 1976 8066 1975 1976 8067 1971 1972 8068 1976 1977 8069 1971 1972 8070 1972 1973 8071 1976 1977 8072 1977 1978 8073 1973 1974 8074 1978 1979 8075 1973 1974 8076 1974 1975 8077 1978 1979 8078 1974 1975 8079 1975 1976 8080 1978 1979 8081 1978 1979 8082 1975 1976 8083 1979 1980 8084 1979 1980 8085 1975 1976 8086 1980 1981 8087 1975 1976 8088 1976 1977 8089 1980 1981 8090 1977 1978 8091 1978 1979 8092 1981 1982 8093 1978 1979 8094 1979 1980 8095 1981 1982 8096 1979 1980 8097 1980 1981 8098 1981 1982 8099 1982 1983 8100 1983 1984 8101 1984 1985 8102 1984 1985 8103 1983 1984 8104 1985 1986 8105 1985 1986 8106 1983 1984 8107 1986 1987 8108 1987 1988 8109 1982 1983 8110 1988 1989 8111 1982 1983 8112 1984 1985 8113 1988 1989 8114 1984 1985 8115 1985 1986 8116 1988 1989 8117 1988 1989 8118 1985 1986 8119 1989 1990 8120 1989 1990 8121 1985 1986 8122 1990 1991 8123 1985 1986 8124 1986 1987 8125 1990 1991 8126 1991 1992 8127 1987 1988 8128 1992 1993 8129 1987 1988 8130 1988 1989 8131 1992 1993 8132 1988 1989 8133 1989 1990 8134 1992 1993 8135 1992 1993 8136 1989 1990 8137 1993 1994 8138 1993 1994 8139 1989 1990 8140 1994 1995 8141 1989 1990 8142 1990 1991 8143 1994 1995 8144 1995 1996 8145 1991 1992 8146 1996 1997 8147 1991 1992 8148 1992 1993 8149 1996 1997 8150 1992 1993 8151 1993 1994 8152 1996 1997 8153 1996 1997 8154 1993 1994 8155 1997 1998 8156 1997 1998 8157 1993 1994 8158 1998 1999 8159 1993 1994 8160 1994 1995 8161 1998 1999 8162 1999 2000 8163 1995 1996 8164 2000 2001 8165 1995 1996 8166 1996 1997 8167 2000 2001 8168 1996 1997 8169 1997 1998 8170 2000 2001 8171 2000 2001 8172 1997 1998 8173 2001 2002 8174 2001 2002 8175 1997 1998 8176 2002 2003 8177 1997 1998 8178 1998 1999 8179 2002 2003 8180 1999 2000 8181 2000 2001 8182 2003 2004 8183 2000 2001 8184 2001 2002 8185 2003 2004 8186 2001 2002 8187 2002 2003 8188 2003 2004 8189 2004 2005 8190 2005 2006 8191 2006 2007 8192 2006 2007 8193 2005 2006 8194 2007 2008 8195 2007 2008 8196 2005 2006 8197 2008 2009 8198 2009 2010 8199 2004 2005 8200 2010 2011 8201 2004 2005 8202 2006 2007 8203 2010 2011 8204 2006 2007 8205 2007 2008 8206 2010 2011 8207 2010 2011 8208 2007 2008 8209 2011 2012 8210 2011 2012 8211 2007 2008 8212 2012 2013 8213 2007 2008 8214 2008 2009 8215 2012 2013 8216 2013 2014 8217 2009 2010 8218 2014 2015 8219 2009 2010 8220 2010 2011 8221 2014 2015 8222 2010 2011 8223 2011 2012 8224 2014 2015 8225 2014 2015 8226 2011 2012 8227 2015 2016 8228 2015 2016 8229 2011 2012 8230 2016 2017 8231 2011 2012 8232 2012 2013 8233 2016 2017 8234 2017 2018 8235 2013 2014 8236 2018 2019 8237 2013 2014 8238 2014 2015 8239 2018 2019 8240 2014 2015 8241 2015 2016 8242 2018 2019 8243 2018 2019 8244 2015 2016 8245 2019 2020 8246 2019 2020 8247 2015 2016 8248 2020 2021 8249 2015 2016 8250 2016 2017 8251 2020 2021 8252 2021 2022 8253 2017 2018 8254 2022 2023 8255 2017 2018 8256 2018 2019 8257 2022 2023 8258 2018 2019 8259 2019 2020 8260 2022 2023 8261 2022 2023 8262 2019 2020 8263 2023 2024 8264 2023 2024 8265 2019 2020 8266 2024 2025 8267 2019 2020 8268 2020 2021 8269 2024 2025 8270 2021 2022 8271 2022 2023 8272 2025 2026 8273 2022 2023 8274 2023 2024 8275 2025 2026 8276 2023 2024 8277 2024 2025 8278 2025 2026 8279 2026 2027 8280 2027 2028 8281 2028 2029 8282 2028 2029 8283 2027 2028 8284 2029 2030 8285 2029 2030 8286 2027 2028 8287 2030 2031 8288 2031 2032 8289 2026 2027 8290 2032 2033 8291 2026 2027 8292 2028 2029 8293 2032 2033 8294 2028 2029 8295 2029 2030 8296 2032 2033 8297 2032 2033 8298 2029 2030 8299 2033 2034 8300 2033 2034 8301 2029 2030 8302 2034 2035 8303 2029 2030 8304 2030 2031 8305 2034 2035 8306 2035 2036 8307 2031 2032 8308 2036 2037 8309 2031 2032 8310 2032 2033 8311 2036 2037 8312 2032 2033 8313 2033 2034 8314 2036 2037 8315 2036 2037 8316 2033 2034 8317 2037 2038 8318 2037 2038 8319 2033 2034 8320 2038 2039 8321 2033 2034 8322 2034 2035 8323 2038 2039 8324 2039 2040 8325 2035 2036 8326 2040 2041 8327 2035 2036 8328 2036 2037 8329 2040 2041 8330 2036 2037 8331 2037 2038 8332 2040 2041 8333 2040 2041 8334 2037 2038 8335 2041 2042 8336 2041 2042 8337 2037 2038 8338 2042 2043 8339 2037 2038 8340 2038 2039 8341 2042 2043 8342 2043 2044 8343 2039 2040 8344 2044 2045 8345 2039 2040 8346 2040 2041 8347 2044 2045 8348 2040 2041 8349 2041 2042 8350 2044 2045 8351 2044 2045 8352 2041 2042 8353 2045 2046 8354 2045 2046 8355 2041 2042 8356 2046 2047 8357 2041 2042 8358 2042 2043 8359 2046 2047 8360 2043 2044 8361 2044 2045 8362 2047 2048 8363 2044 2045 8364 2045 2046 8365 2047 2048 8366 2045 2046 8367 2046 2047 8368 2047 2048 8369 2048 2049 8370 2049 2050 8371 2050 2051 8372 2050 2051 8373 2049 2050 8374 2051 2052 8375 2051 2052 8376 2049 2050 8377 2052 2053 8378 2053 2054 8379 2048 2049 8380 2054 2055 8381 2048 2049 8382 2050 2051 8383 2054 2055 8384 2050 2051 8385 2051 2052 8386 2054 2055 8387 2054 2055 8388 2051 2052 8389 2055 2056 8390 2055 2056 8391 2051 2052 8392 2056 2057 8393 2051 2052 8394 2052 2053 8395 2056 2057 8396 2057 2058 8397 2053 2054 8398 2058 2059 8399 2053 2054 8400 2054 2055 8401 2058 2059 8402 2054 2055 8403 2055 2056 8404 2058 2059 8405 2058 2059 8406 2055 2056 8407 2059 2060 8408 2059 2060 8409 2055 2056 8410 2060 2061 8411 2055 2056 8412 2056 2057 8413 2060 2061 8414 2061 2062 8415 2057 2058 8416 2062 2063 8417 2057 2058 8418 2058 2059 8419 2062 2063 8420 2058 2059 8421 2059 2060 8422 2062 2063 8423 2062 2063 8424 2059 2060 8425 2063 2064 8426 2063 2064 8427 2059 2060 8428 2064 2065 8429 2059 2060 8430 2060 2061 8431 2064 2065 8432 2065 2066 8433 2061 2062 8434 2066 2067 8435 2061 2062 8436 2062 2063 8437 2066 2067 8438 2062 2063 8439 2063 2064 8440 2066 2067 8441 2066 2067 8442 2063 2064 8443 2067 2068 8444 2067 2068 8445 2063 2064 8446 2068 2069 8447 2063 2064 8448 2064 2065 8449 2068 2069 8450 2065 2066 8451 2066 2067 8452 2069 2070 8453 2066 2067 8454 2067 2068 8455 2069 2070 8456 2067 2068 8457 2068 2069 8458 2069 2070 8459 2070 2071 8460 2071 2072 8461 2072 2073 8462 2072 2073 8463 2071 2072 8464 2073 2074 8465 2073 2074 8466 2071 2072 8467 2074 2075 8468 2075 2076 8469 2070 2071 8470 2076 2077 8471 2070 2071 8472 2072 2073 8473 2076 2077 8474 2072 2073 8475 2073 2074 8476 2076 2077 8477 2076 2077 8478 2073 2074 8479 2077 2078 8480 2077 2078 8481 2073 2074 8482 2078 2079 8483 2073 2074 8484 2074 2075 8485 2078 2079 8486 2079 2080 8487 2075 2076 8488 2080 2081 8489 2075 2076 8490 2076 2077 8491 2080 2081 8492 2076 2077 8493 2077 2078 8494 2080 2081 8495 2080 2081 8496 2077 2078 8497 2081 2082 8498 2081 2082 8499 2077 2078 8500 2082 2083 8501 2077 2078 8502 2078 2079 8503 2082 2083 8504 2083 2084 8505 2079 2080 8506 2084 2085 8507 2079 2080 8508 2080 2081 8509 2084 2085 8510 2080 2081 8511 2081 2082 8512 2084 2085 8513 2084 2085 8514 2081 2082 8515 2085 2086 8516 2085 2086 8517 2081 2082 8518 2086 2087 8519 2081 2082 8520 2082 2083 8521 2086 2087 8522 2087 2088 8523 2083 2084 8524 2088 2089 8525 2083 2084 8526 2084 2085 8527 2088 2089 8528 2084 2085 8529 2085 2086 8530 2088 2089 8531 2088 2089 8532 2085 2086 8533 2089 2090 8534 2089 2090 8535 2085 2086 8536 2090 2091 8537 2085 2086 8538 2086 2087 8539 2090 2091 8540 2087 2088 8541 2088 2089 8542 2091 2092 8543 2088 2089 8544 2089 2090 8545 2091 2092 8546 2089 2090 8547 2090 2091 8548 2091 2092 8549 2092 2093 8550 2093 2094 8551 2094 2095 8552 2094 2095 8553 2093 2094 8554 2095 2096 8555 2095 2096 8556 2093 2094 8557 2096 2097 8558 2097 2098 8559 2092 2093 8560 2098 2099 8561 2092 2093 8562 2094 2095 8563 2098 2099 8564 2094 2095 8565 2095 2096 8566 2098 2099 8567 2098 2099 8568 2095 2096 8569 2099 2100 8570 2099 2100 8571 2095 2096 8572 2100 2101 8573 2095 2096 8574 2096 2097 8575 2100 2101 8576 2101 2102 8577 2097 2098 8578 2102 2103 8579 2097 2098 8580 2098 2099 8581 2102 2103 8582 2098 2099 8583 2099 2100 8584 2102 2103 8585 2102 2103 8586 2099 2100 8587 2103 2104 8588 2103 2104 8589 2099 2100 8590 2104 2105 8591 2099 2100 8592 2100 2101 8593 2104 2105 8594 2105 2106 8595 2101 2102 8596 2106 2107 8597 2101 2102 8598 2102 2103 8599 2106 2107 8600 2102 2103 8601 2103 2104 8602 2106 2107 8603 2106 2107 8604 2103 2104 8605 2107 2108 8606 2107 2108 8607 2103 2104 8608 2108 2109 8609 2103 2104 8610 2104 2105 8611 2108 2109 8612 2109 2110 8613 2105 2106 8614 2110 2111 8615 2105 2106 8616 2106 2107 8617 2110 2111 8618 2106 2107 8619 2107 2108 8620 2110 2111 8621 2110 2111 8622 2107 2108 8623 2111 2112 8624 2111 2112 8625 2107 2108 8626 2112 2113 8627 2107 2108 8628 2108 2109 8629 2112 2113 8630 2109 2110 8631 2110 2111 8632 2113 2114 8633 2110 2111 8634 2111 2112 8635 2113 2114 8636 2111 2112 8637 2112 2113 8638 2113 2114 8639 2114 2115 8640 2115 2116 8641 2116 2117 8642 2116 2117 8643 2115 2116 8644 2117 2118 8645 2117 2118 8646 2115 2116 8647 2118 2119 8648 2119 2120 8649 2114 2115 8650 2120 2121 8651 2114 2115 8652 2116 2117 8653 2120 2121 8654 2116 2117 8655 2117 2118 8656 2120 2121 8657 2120 2121 8658 2117 2118 8659 2121 2122 8660 2121 2122 8661 2117 2118 8662 2122 2123 8663 2117 2118 8664 2118 2119 8665 2122 2123 8666 2123 2124 8667 2119 2120 8668 2124 2125 8669 2119 2120 8670 2120 2121 8671 2124 2125 8672 2120 2121 8673 2121 2122 8674 2124 2125 8675 2124 2125 8676 2121 2122 8677 2125 2126 8678 2125 2126 8679 2121 2122 8680 2126 2127 8681 2121 2122 8682 2122 2123 8683 2126 2127 8684 2127 2128 8685 2123 2124 8686 2128 2129 8687 2123 2124 8688 2124 2125 8689 2128 2129 8690 2124 2125 8691 2125 2126 8692 2128 2129 8693 2128 2129 8694 2125 2126 8695 2129 2130 8696 2129 2130 8697 2125 2126 8698 2130 2131 8699 2125 2126 8700 2126 2127 8701 2130 2131 8702 2131 2132 8703 2127 2128 8704 2132 2133 8705 2127 2128 8706 2128 2129 8707 2132 2133 8708 2128 2129 8709 2129 2130 8710 2132 2133 8711 2132 2133 8712 2129 2130 8713 2133 2134 8714 2133 2134 8715 2129 2130 8716 2134 2135 8717 2129 2130 8718 2130 2131 8719 2134 2135 8720 2131 2132 8721 2132 2133 8722 2135 2136 8723 2132 2133 8724 2133 2134 8725 2135 2136 8726 2133 2134 8727 2134 2135 8728 2135 2136 8729 2136 2137 8730 2137 2138 8731 2138 2139 8732 2138 2139 8733 2137 2138 8734 2139 2140 8735 2139 2140 8736 2137 2138 8737 2140 2141 8738 2141 2142 8739 2136 2137 8740 2142 2143 8741 2136 2137 8742 2138 2139 8743 2142 2143 8744 2138 2139 8745 2139 2140 8746 2142 2143 8747 2142 2143 8748 2139 2140 8749 2143 2144 8750 2143 2144 8751 2139 2140 8752 2144 2145 8753 2139 2140 8754 2140 2141 8755 2144 2145 8756 2145 2146 8757 2141 2142 8758 2146 2147 8759 2141 2142 8760 2142 2143 8761 2146 2147 8762 2142 2143 8763 2143 2144 8764 2146 2147 8765 2146 2147 8766 2143 2144 8767 2147 2148 8768 2147 2148 8769 2143 2144 8770 2148 2149 8771 2143 2144 8772 2144 2145 8773 2148 2149 8774 2149 2150 8775 2145 2146 8776 2150 2151 8777 2145 2146 8778 2146 2147 8779 2150 2151 8780 2146 2147 8781 2147 2148 8782 2150 2151 8783 2150 2151 8784 2147 2148 8785 2151 2152 8786 2151 2152 8787 2147 2148 8788 2152 2153 8789 2147 2148 8790 2148 2149 8791 2152 2153 8792 2153 2154 8793 2149 2150 8794 2154 2155 8795 2149 2150 8796 2150 2151 8797 2154 2155 8798 2150 2151 8799 2151 2152 8800 2154 2155 8801 2154 2155 8802 2151 2152 8803 2155 2156 8804 2155 2156 8805 2151 2152 8806 2156 2157 8807 2151 2152 8808 2152 2153 8809 2156 2157 8810 2153 2154 8811 2154 2155 8812 2157 2158 8813 2154 2155 8814 2155 2156 8815 2157 2158 8816 2155 2156 8817 2156 2157 8818 2157 2158 8819 2158 2159 8820 2159 2160 8821 2160 2161 8822 2160 2161 8823 2159 2160 8824 2161 2162 8825 2161 2162 8826 2159 2160 8827 2162 2163 8828 2163 2164 8829 2158 2159 8830 2164 2165 8831 2158 2159 8832 2160 2161 8833 2164 2165 8834 2160 2161 8835 2161 2162 8836 2164 2165 8837 2164 2165 8838 2161 2162 8839 2165 2166 8840 2165 2166 8841 2161 2162 8842 2166 2167 8843 2161 2162 8844 2162 2163 8845 2166 2167 8846 2167 2168 8847 2163 2164 8848 2168 2169 8849 2163 2164 8850 2164 2165 8851 2168 2169 8852 2164 2165 8853 2165 2166 8854 2168 2169 8855 2168 2169 8856 2165 2166 8857 2169 2170 8858 2169 2170 8859 2165 2166 8860 2170 2171 8861 2165 2166 8862 2166 2167 8863 2170 2171 8864 2171 2172 8865 2167 2168 8866 2172 2173 8867 2167 2168 8868 2168 2169 8869 2172 2173 8870 2168 2169 8871 2169 2170 8872 2172 2173 8873 2172 2173 8874 2169 2170 8875 2173 2174 8876 2173 2174 8877 2169 2170 8878 2174 2175 8879 2169 2170 8880 2170 2171 8881 2174 2175 8882 2175 2176 8883 2171 2172 8884 2176 2177 8885 2171 2172 8886 2172 2173 8887 2176 2177 8888 2172 2173 8889 2173 2174 8890 2176 2177 8891 2176 2177 8892 2173 2174 8893 2177 2178 8894 2177 2178 8895 2173 2174 8896 2178 2179 8897 2173 2174 8898 2174 2175 8899 2178 2179 8900 2175 2176 8901 2176 2177 8902 2179 2180 8903 2176 2177 8904 2177 2178 8905 2179 2180 8906 2177 2178 8907 2178 2179 8908 2179 2180 8909 2180 2181 8910 2181 2182 8911 2182 2183 8912 2182 2183 8913 2181 2182 8914 2183 2184 8915 2183 2184 8916 2181 2182 8917 2184 2185 8918 2185 2186 8919 2180 2181 8920 2186 2187 8921 2180 2181 8922 2182 2183 8923 2186 2187 8924 2182 2183 8925 2183 2184 8926 2186 2187 8927 2186 2187 8928 2183 2184 8929 2187 2188 8930 2187 2188 8931 2183 2184 8932 2188 2189 8933 2183 2184 8934 2184 2185 8935 2188 2189 8936 2189 2190 8937 2185 2186 8938 2190 2191 8939 2185 2186 8940 2186 2187 8941 2190 2191 8942 2186 2187 8943 2187 2188 8944 2190 2191 8945 2190 2191 8946 2187 2188 8947 2191 2192 8948 2191 2192 8949 2187 2188 8950 2192 2193 8951 2187 2188 8952 2188 2189 8953 2192 2193 8954 2193 2194 8955 2189 2190 8956 2194 2195 8957 2189 2190 8958 2190 2191 8959 2194 2195 8960 2190 2191 8961 2191 2192 8962 2194 2195 8963 2194 2195 8964 2191 2192 8965 2195 2196 8966 2195 2196 8967 2191 2192 8968 2196 2197 8969 2191 2192 8970 2192 2193 8971 2196 2197 8972 2197 2198 8973 2193 2194 8974 2198 2199 8975 2193 2194 8976 2194 2195 8977 2198 2199 8978 2194 2195 8979 2195 2196 8980 2198 2199 8981 2198 2199 8982 2195 2196 8983 2199 2200 8984 2199 2200 8985 2195 2196 8986 2200 2201 8987 2195 2196 8988 2196 2197 8989 2200 2201 8990 2197 2198 8991 2198 2199 8992 2201 2202 8993 2198 2199 8994 2199 2200 8995 2201 2202 8996 2199 2200 8997 2200 2201 8998 2201 2202 8999 2202 2203 9000 2203 2204 9001 2204 2205 9002 2204 2205 9003 2203 2204 9004 2205 2206 9005 2205 2206 9006 2203 2204 9007 2206 2207 9008 2207 2208 9009 2202 2203 9010 2208 2209 9011 2202 2203 9012 2204 2205 9013 2208 2209 9014 2204 2205 9015 2205 2206 9016 2208 2209 9017 2208 2209 9018 2205 2206 9019 2209 2210 9020 2209 2210 9021 2205 2206 9022 2210 2211 9023 2205 2206 9024 2206 2207 9025 2210 2211 9026 2211 2212 9027 2207 2208 9028 2212 2213 9029 2207 2208 9030 2208 2209 9031 2212 2213 9032 2208 2209 9033 2209 2210 9034 2212 2213 9035 2212 2213 9036 2209 2210 9037 2213 2214 9038 2213 2214 9039 2209 2210 9040 2214 2215 9041 2209 2210 9042 2210 2211 9043 2214 2215 9044 2215 2216 9045 2211 2212 9046 2216 2217 9047 2211 2212 9048 2212 2213 9049 2216 2217 9050 2212 2213 9051 2213 2214 9052 2216 2217 9053 2216 2217 9054 2213 2214 9055 2217 2218 9056 2217 2218 9057 2213 2214 9058 2218 2219 9059 2213 2214 9060 2214 2215 9061 2218 2219 9062 2219 2220 9063 2215 2216 9064 2220 2221 9065 2215 2216 9066 2216 2217 9067 2220 2221 9068 2216 2217 9069 2217 2218 9070 2220 2221 9071 2220 2221 9072 2217 2218 9073 2221 2222 9074 2221 2222 9075 2217 2218 9076 2222 2223 9077 2217 2218 9078 2218 2219 9079 2222 2223 9080 2219 2220 9081 2220 2221 9082 2223 2224 9083 2220 2221 9084 2221 2222 9085 2223 2224 9086 2221 2222 9087 2222 2223 9088 2223 2224 9089 2224 2225 9090 2225 2226 9091 2226 2227 9092 2226 2227 9093 2225 2226 9094 2227 2228 9095 2227 2228 9096 2225 2226 9097 2228 2229 9098 2229 2230 9099 2224 2225 9100 2230 2231 9101 2224 2225 9102 2226 2227 9103 2230 2231 9104 2226 2227 9105 2227 2228 9106 2230 2231 9107 2230 2231 9108 2227 2228 9109 2231 2232 9110 2231 2232 9111 2227 2228 9112 2232 2233 9113 2227 2228 9114 2228 2229 9115 2232 2233 9116 2233 2234 9117 2229 2230 9118 2234 2235 9119 2229 2230 9120 2230 2231 9121 2234 2235 9122 2230 2231 9123 2231 2232 9124 2234 2235 9125 2234 2235 9126 2231 2232 9127 2235 2236 9128 2235 2236 9129 2231 2232 9130 2236 2237 9131 2231 2232 9132 2232 2233 9133 2236 2237 9134 2237 2238 9135 2233 2234 9136 2238 2239 9137 2233 2234 9138 2234 2235 9139 2238 2239 9140 2234 2235 9141 2235 2236 9142 2238 2239 9143 2238 2239 9144 2235 2236 9145 2239 2240 9146 2239 2240 9147 2235 2236 9148 2240 2241 9149 2235 2236 9150 2236 2237 9151 2240 2241 9152 2241 2242 9153 2237 2238 9154 2242 2243 9155 2237 2238 9156 2238 2239 9157 2242 2243 9158 2238 2239 9159 2239 2240 9160 2242 2243 9161 2242 2243 9162 2239 2240 9163 2243 2244 9164 2243 2244 9165 2239 2240 9166 2244 2245 9167 2239 2240 9168 2240 2241 9169 2244 2245 9170 2241 2242 9171 2242 2243 9172 2245 2246 9173 2242 2243 9174 2243 2244 9175 2245 2246 9176 2243 2244 9177 2244 2245 9178 2245 2246 9179 2246 2247 9180 2247 2248 9181 2248 2249 9182 2248 2249 9183 2247 2248 9184 2249 2250 9185 2249 2250 9186 2247 2248 9187 2250 2251 9188 2251 2252 9189 2246 2247 9190 2252 2253 9191 2246 2247 9192 2248 2249 9193 2252 2253 9194 2248 2249 9195 2249 2250 9196 2252 2253 9197 2252 2253 9198 2249 2250 9199 2253 2254 9200 2253 2254 9201 2249 2250 9202 2254 2255 9203 2249 2250 9204 2250 2251 9205 2254 2255 9206 2255 2256 9207 2251 2252 9208 2256 2257 9209 2251 2252 9210 2252 2253 9211 2256 2257 9212 2252 2253 9213 2253 2254 9214 2256 2257 9215 2256 2257 9216 2253 2254 9217 2257 2258 9218 2257 2258 9219 2253 2254 9220 2258 2259 9221 2253 2254 9222 2254 2255 9223 2258 2259 9224 2259 2260 9225 2255 2256 9226 2260 2261 9227 2255 2256 9228 2256 2257 9229 2260 2261 9230 2256 2257 9231 2257 2258 9232 2260 2261 9233 2260 2261 9234 2257 2258 9235 2261 2262 9236 2261 2262 9237 2257 2258 9238 2262 2263 9239 2257 2258 9240 2258 2259 9241 2262 2263 9242 2263 2264 9243 2259 2260 9244 2264 2265 9245 2259 2260 9246 2260 2261 9247 2264 2265 9248 2260 2261 9249 2261 2262 9250 2264 2265 9251 2264 2265 9252 2261 2262 9253 2265 2266 9254 2265 2266 9255 2261 2262 9256 2266 2267 9257 2261 2262 9258 2262 2263 9259 2266 2267 9260 2263 2264 9261 2264 2265 9262 2267 2268 9263 2264 2265 9264 2265 2266 9265 2267 2268 9266 2265 2266 9267 2266 2267 9268 2267 2268 9269 2268 2269 9270 2269 2270 9271 2270 2271 9272 2270 2271 9273 2269 2270 9274 2271 2272 9275 2271 2272 9276 2269 2270 9277 2272 2273 9278 2273 2274 9279 2268 2269 9280 2274 2275 9281 2268 2269 9282 2270 2271 9283 2274 2275 9284 2270 2271 9285 2271 2272 9286 2274 2275 9287 2274 2275 9288 2271 2272 9289 2275 2276 9290 2275 2276 9291 2271 2272 9292 2276 2277 9293 2271 2272 9294 2272 2273 9295 2276 2277 9296 2277 2278 9297 2273 2274 9298 2278 2279 9299 2273 2274 9300 2274 2275 9301 2278 2279 9302 2274 2275 9303 2275 2276 9304 2278 2279 9305 2278 2279 9306 2275 2276 9307 2279 2280 9308 2279 2280 9309 2275 2276 9310 2280 2281 9311 2275 2276 9312 2276 2277 9313 2280 2281 9314 2281 2282 9315 2277 2278 9316 2282 2283 9317 2277 2278 9318 2278 2279 9319 2282 2283 9320 2278 2279 9321 2279 2280 9322 2282 2283 9323 2282 2283 9324 2279 2280 9325 2283 2284 9326 2283 2284 9327 2279 2280 9328 2284 2285 9329 2279 2280 9330 2280 2281 9331 2284 2285 9332 2285 2286 9333 2281 2282 9334 2286 2287 9335 2281 2282 9336 2282 2283 9337 2286 2287 9338 2282 2283 9339 2283 2284 9340 2286 2287 9341 2286 2287 9342 2283 2284 9343 2287 2288 9344 2287 2288 9345 2283 2284 9346 2288 2289 9347 2283 2284 9348 2284 2285 9349 2288 2289 9350 2285 2286 9351 2286 2287 9352 2289 2290 9353 2286 2287 9354 2287 2288 9355 2289 2290 9356 2287 2288 9357 2288 2289 9358 2289 2290 9359 2290 2291 9360 2291 2292 9361 2292 2293 9362 2292 2293 9363 2291 2292 9364 2293 2294 9365 2293 2294 9366 2291 2292 9367 2294 2295 9368 2295 2296 9369 2290 2291 9370 2296 2297 9371 2290 2291 9372 2292 2293 9373 2296 2297 9374 2292 2293 9375 2293 2294 9376 2296 2297 9377 2296 2297 9378 2293 2294 9379 2297 2298 9380 2297 2298 9381 2293 2294 9382 2298 2299 9383 2293 2294 9384 2294 2295 9385 2298 2299 9386 2299 2300 9387 2295 2296 9388 2300 2301 9389 2295 2296 9390 2296 2297 9391 2300 2301 9392 2296 2297 9393 2297 2298 9394 2300 2301 9395 2300 2301 9396 2297 2298 9397 2301 2302 9398 2301 2302 9399 2297 2298 9400 2302 2303 9401 2297 2298 9402 2298 2299 9403 2302 2303 9404 2303 2304 9405 2299 2300 9406 2304 2305 9407 2299 2300 9408 2300 2301 9409 2304 2305 9410 2300 2301 9411 2301 2302 9412 2304 2305 9413 2304 2305 9414 2301 2302 9415 2305 2306 9416 2305 2306 9417 2301 2302 9418 2306 2307 9419 2301 2302 9420 2302 2303 9421 2306 2307 9422 2307 2308 9423 2303 2304 9424 2308 2309 9425 2303 2304 9426 2304 2305 9427 2308 2309 9428 2304 2305 9429 2305 2306 9430 2308 2309 9431 2308 2309 9432 2305 2306 9433 2309 2310 9434 2309 2310 9435 2305 2306 9436 2310 2311 9437 2305 2306 9438 2306 2307 9439 2310 2311 9440 2307 2308 9441 2308 2309 9442 2311 2312 9443 2308 2309 9444 2309 2310 9445 2311 2312 9446 2309 2310 9447 2310 2311 9448 2311 2312 9449 2312 2313 9450 2313 2314 9451 2314 2315 9452 2314 2315 9453 2313 2314 9454 2315 2316 9455 2315 2316 9456 2313 2314 9457 2316 2317 9458 2317 2318 9459 2312 2313 9460 2318 2319 9461 2312 2313 9462 2314 2315 9463 2318 2319 9464 2314 2315 9465 2315 2316 9466 2318 2319 9467 2318 2319 9468 2315 2316 9469 2319 2320 9470 2319 2320 9471 2315 2316 9472 2320 2321 9473 2315 2316 9474 2316 2317 9475 2320 2321 9476 2321 2322 9477 2317 2318 9478 2322 2323 9479 2317 2318 9480 2318 2319 9481 2322 2323 9482 2318 2319 9483 2319 2320 9484 2322 2323 9485 2322 2323 9486 2319 2320 9487 2323 2324 9488 2323 2324 9489 2319 2320 9490 2324 2325 9491 2319 2320 9492 2320 2321 9493 2324 2325 9494 2325 2326 9495 2321 2322 9496 2326 2327 9497 2321 2322 9498 2322 2323 9499 2326 2327 9500 2322 2323 9501 2323 2324 9502 2326 2327 9503 2326 2327 9504 2323 2324 9505 2327 2328 9506 2327 2328 9507 2323 2324 9508 2328 2329 9509 2323 2324 9510 2324 2325 9511 2328 2329 9512 2329 2330 9513 2325 2326 9514 2330 2331 9515 2325 2326 9516 2326 2327 9517 2330 2331 9518 2326 2327 9519 2327 2328 9520 2330 2331 9521 2330 2331 9522 2327 2328 9523 2331 2332 9524 2331 2332 9525 2327 2328 9526 2332 2333 9527 2327 2328 9528 2328 2329 9529 2332 2333 9530 2329 2330 9531 2330 2331 9532 2333 2334 9533 2330 2331 9534 2331 2332 9535 2333 2334 9536 2331 2332 9537 2332 2333 9538 2333 2334 9539 2334 2335 9540 2335 2336 9541 2336 2337 9542 2336 2337 9543 2335 2336 9544 2337 2338 9545 2337 2338 9546 2335 2336 9547 2338 2339 9548 2339 2340 9549 2334 2335 9550 2340 2341 9551 2334 2335 9552 2336 2337 9553 2340 2341 9554 2336 2337 9555 2337 2338 9556 2340 2341 9557 2340 2341 9558 2337 2338 9559 2341 2342 9560 2341 2342 9561 2337 2338 9562 2342 2343 9563 2337 2338 9564 2338 2339 9565 2342 2343 9566 2343 2344 9567 2339 2340 9568 2344 2345 9569 2339 2340 9570 2340 2341 9571 2344 2345 9572 2340 2341 9573 2341 2342 9574 2344 2345 9575 2344 2345 9576 2341 2342 9577 2345 2346 9578 2345 2346 9579 2341 2342 9580 2346 2347 9581 2341 2342 9582 2342 2343 9583 2346 2347 9584 2347 2348 9585 2343 2344 9586 2348 2349 9587 2343 2344 9588 2344 2345 9589 2348 2349 9590 2344 2345 9591 2345 2346 9592 2348 2349 9593 2348 2349 9594 2345 2346 9595 2349 2350 9596 2349 2350 9597 2345 2346 9598 2350 2351 9599 2345 2346 9600 2346 2347 9601 2350 2351 9602 2351 2352 9603 2347 2348 9604 2352 2353 9605 2347 2348 9606 2348 2349 9607 2352 2353 9608 2348 2349 9609 2349 2350 9610 2352 2353 9611 2352 2353 9612 2349 2350 9613 2353 2354 9614 2353 2354 9615 2349 2350 9616 2354 2355 9617 2349 2350 9618 2350 2351 9619 2354 2355 9620 2351 2352 9621 2352 2353 9622 2355 2356 9623 2352 2353 9624 2353 2354 9625 2355 2356 9626 2353 2354 9627 2354 2355 9628 2355 2356 9629 2356 2357 9630 2357 2358 9631 2358 2359 9632 2358 2359 9633 2357 2358 9634 2359 2360 9635 2359 2360 9636 2357 2358 9637 2360 2361 9638 2361 2362 9639 2356 2357 9640 2362 2363 9641 2356 2357 9642 2358 2359 9643 2362 2363 9644 2358 2359 9645 2359 2360 9646 2362 2363 9647 2362 2363 9648 2359 2360 9649 2363 2364 9650 2363 2364 9651 2359 2360 9652 2364 2365 9653 2359 2360 9654 2360 2361 9655 2364 2365 9656 2365 2366 9657 2361 2362 9658 2366 2367 9659 2361 2362 9660 2362 2363 9661 2366 2367 9662 2362 2363 9663 2363 2364 9664 2366 2367 9665 2366 2367 9666 2363 2364 9667 2367 2368 9668 2367 2368 9669 2363 2364 9670 2368 2369 9671 2363 2364 9672 2364 2365 9673 2368 2369 9674 2369 2370 9675 2365 2366 9676 2370 2371 9677 2365 2366 9678 2366 2367 9679 2370 2371 9680 2366 2367 9681 2367 2368 9682 2370 2371 9683 2370 2371 9684 2367 2368 9685 2371 2372 9686 2371 2372 9687 2367 2368 9688 2372 2373 9689 2367 2368 9690 2368 2369 9691 2372 2373 9692 2373 2374 9693 2369 2370 9694 2374 2375 9695 2369 2370 9696 2370 2371 9697 2374 2375 9698 2370 2371 9699 2371 2372 9700 2374 2375 9701 2374 2375 9702 2371 2372 9703 2375 2376 9704 2375 2376 9705 2371 2372 9706 2376 2377 9707 2371 2372 9708 2372 2373 9709 2376 2377 9710 2373 2374 9711 2374 2375 9712 2377 2378 9713 2374 2375 9714 2375 2376 9715 2377 2378 9716 2375 2376 9717 2376 2377 9718 2377 2378 9719 2378 2379 9720 2379 2380 9721 2380 2381 9722 2380 2381 9723 2379 2380 9724 2381 2382 9725 2381 2382 9726 2379 2380 9727 2382 2383 9728 2383 2384 9729 2378 2379 9730 2384 2385 9731 2378 2379 9732 2380 2381 9733 2384 2385 9734 2380 2381 9735 2381 2382 9736 2384 2385 9737 2384 2385 9738 2381 2382 9739 2385 2386 9740 2385 2386 9741 2381 2382 9742 2386 2387 9743 2381 2382 9744 2382 2383 9745 2386 2387 9746 2387 2388 9747 2383 2384 9748 2388 2389 9749 2383 2384 9750 2384 2385 9751 2388 2389 9752 2384 2385 9753 2385 2386 9754 2388 2389 9755 2388 2389 9756 2385 2386 9757 2389 2390 9758 2389 2390 9759 2385 2386 9760 2390 2391 9761 2385 2386 9762 2386 2387 9763 2390 2391 9764 2391 2392 9765 2387 2388 9766 2392 2393 9767 2387 2388 9768 2388 2389 9769 2392 2393 9770 2388 2389 9771 2389 2390 9772 2392 2393 9773 2392 2393 9774 2389 2390 9775 2393 2394 9776 2393 2394 9777 2389 2390 9778 2394 2395 9779 2389 2390 9780 2390 2391 9781 2394 2395 9782 2395 2396 9783 2391 2392 9784 2396 2397 9785 2391 2392 9786 2392 2393 9787 2396 2397 9788 2392 2393 9789 2393 2394 9790 2396 2397 9791 2396 2397 9792 2393 2394 9793 2397 2398 9794 2397 2398 9795 2393 2394 9796 2398 2399 9797 2393 2394 9798 2394 2395 9799 2398 2399 9800 2395 2396 9801 2396 2397 9802 2399 2400 9803 2396 2397 9804 2397 2398 9805 2399 2400 9806 2397 2398 9807 2398 2399 9808 2399 2400 9809 2400 2401 9810 2401 2402 9811 2402 2403 9812 2402 2403 9813 2401 2402 9814 2403 2404 9815 2403 2404 9816 2401 2402 9817 2404 2405 9818 2405 2406 9819 2400 2401 9820 2406 2407 9821 2400 2401 9822 2402 2403 9823 2406 2407 9824 2402 2403 9825 2403 2404 9826 2406 2407 9827 2406 2407 9828 2403 2404 9829 2407 2408 9830 2407 2408 9831 2403 2404 9832 2408 2409 9833 2403 2404 9834 2404 2405 9835 2408 2409 9836 2409 2410 9837 2405 2406 9838 2410 2411 9839 2405 2406 9840 2406 2407 9841 2410 2411 9842 2406 2407 9843 2407 2408 9844 2410 2411 9845 2410 2411 9846 2407 2408 9847 2411 2412 9848 2411 2412 9849 2407 2408 9850 2412 2413 9851 2407 2408 9852 2408 2409 9853 2412 2413 9854 2413 2414 9855 2409 2410 9856 2414 2415 9857 2409 2410 9858 2410 2411 9859 2414 2415 9860 2410 2411 9861 2411 2412 9862 2414 2415 9863 2414 2415 9864 2411 2412 9865 2415 2416 9866 2415 2416 9867 2411 2412 9868 2416 2417 9869 2411 2412 9870 2412 2413 9871 2416 2417 9872 2417 2418 9873 2413 2414 9874 2418 2419 9875 2413 2414 9876 2414 2415 9877 2418 2419 9878 2414 2415 9879 2415 2416 9880 2418 2419 9881 2418 2419 9882 2415 2416 9883 2419 2420 9884 2419 2420 9885 2415 2416 9886 2420 2421 9887 2415 2416 9888 2416 2417 9889 2420 2421 9890 2417 2418 9891 2418 2419 9892 2421 2422 9893 2418 2419 9894 2419 2420 9895 2421 2422 9896 2419 2420 9897 2420 2421 9898 2421 2422 9899 2422 2423 9900 2423 2424 9901 2424 2425 9902 2424 2425 9903 2423 2424 9904 2425 2426 9905 2425 2426 9906 2423 2424 9907 2426 2427 9908 2427 2428 9909 2422 2423 9910 2428 2429 9911 2422 2423 9912 2424 2425 9913 2428 2429 9914 2424 2425 9915 2425 2426 9916 2428 2429 9917 2428 2429 9918 2425 2426 9919 2429 2430 9920 2429 2430 9921 2425 2426 9922 2430 2431 9923 2425 2426 9924 2426 2427 9925 2430 2431 9926 2431 2432 9927 2427 2428 9928 2432 2433 9929 2427 2428 9930 2428 2429 9931 2432 2433 9932 2428 2429 9933 2429 2430 9934 2432 2433 9935 2432 2433 9936 2429 2430 9937 2433 2434 9938 2433 2434 9939 2429 2430 9940 2434 2435 9941 2429 2430 9942 2430 2431 9943 2434 2435 9944 2435 2436 9945 2431 2432 9946 2436 2437 9947 2431 2432 9948 2432 2433 9949 2436 2437 9950 2432 2433 9951 2433 2434 9952 2436 2437 9953 2436 2437 9954 2433 2434 9955 2437 2438 9956 2437 2438 9957 2433 2434 9958 2438 2439 9959 2433 2434 9960 2434 2435 9961 2438 2439 9962 2439 2440 9963 2435 2436 9964 2440 2441 9965 2435 2436 9966 2436 2437 9967 2440 2441 9968 2436 2437 9969 2437 2438 9970 2440 2441 9971 2440 2441 9972 2437 2438 9973 2441 2442 9974 2441 2442 9975 2437 2438 9976 2442 2443 9977 2437 2438 9978 2438 2439 9979 2442 2443 9980 2439 2440 9981 2440 2441 9982 2443 2444 9983 2440 2441 9984 2441 2442 9985 2443 2444 9986 2441 2442 9987 2442 2443 9988 2443 2444 9989 2444 2445 9990 2445 2446 9991 2446 2447 9992 2446 2447 9993 2445 2446 9994 2447 2448 9995 2447 2448 9996 2445 2446 9997 2448 2449 9998 2449 2450 9999 2444 2445 10000 2450 2451 10001 2444 2445 10002 2446 2447 10003 2450 2451 10004 2446 2447 10005 2447 2448 10006 2450 2451 10007 2450 2451 10008 2447 2448 10009 2451 2452 10010 2451 2452 10011 2447 2448 10012 2452 2453 10013 2447 2448 10014 2448 2449 10015 2452 2453 10016 2453 2454 10017 2449 2450 10018 2454 2455 10019 2449 2450 10020 2450 2451 10021 2454 2455 10022 2450 2451 10023 2451 2452 10024 2454 2455 10025 2454 2455 10026 2451 2452 10027 2455 2456 10028 2455 2456 10029 2451 2452 10030 2456 2457 10031 2451 2452 10032 2452 2453 10033 2456 2457 10034 2457 2458 10035 2453 2454 10036 2458 2459 10037 2453 2454 10038 2454 2455 10039 2458 2459 10040 2454 2455 10041 2455 2456 10042 2458 2459 10043 2458 2459 10044 2455 2456 10045 2459 2460 10046 2459 2460 10047 2455 2456 10048 2460 2461 10049 2455 2456 10050 2456 2457 10051 2460 2461 10052 2461 2462 10053 2457 2458 10054 2462 2463 10055 2457 2458 10056 2458 2459 10057 2462 2463 10058 2458 2459 10059 2459 2460 10060 2462 2463 10061 2462 2463 10062 2459 2460 10063 2463 2464 10064 2463 2464 10065 2459 2460 10066 2464 2465 10067 2459 2460 10068 2460 2461 10069 2464 2465 10070 2461 2462 10071 2462 2463 10072 2465 2466 10073 2462 2463 10074 2463 2464 10075 2465 2466 10076 2463 2464 10077 2464 2465 10078 2465 2466 10079 2466 2467 10080 2467 2468 10081 2468 2469 10082 2468 2469 10083 2467 2468 10084 2469 2470 10085 2469 2470 10086 2467 2468 10087 2470 2471 10088 2471 2472 10089 2466 2467 10090 2472 2473 10091 2466 2467 10092 2468 2469 10093 2472 2473 10094 2468 2469 10095 2469 2470 10096 2472 2473 10097 2472 2473 10098 2469 2470 10099 2473 2474 10100 2473 2474 10101 2469 2470 10102 2474 2475 10103 2469 2470 10104 2470 2471 10105 2474 2475 10106 2475 2476 10107 2471 2472 10108 2476 2477 10109 2471 2472 10110 2472 2473 10111 2476 2477 10112 2472 2473 10113 2473 2474 10114 2476 2477 10115 2476 2477 10116 2473 2474 10117 2477 2478 10118 2477 2478 10119 2473 2474 10120 2478 2479 10121 2473 2474 10122 2474 2475 10123 2478 2479 10124 2479 2480 10125 2475 2476 10126 2480 2481 10127 2475 2476 10128 2476 2477 10129 2480 2481 10130 2476 2477 10131 2477 2478 10132 2480 2481 10133 2480 2481 10134 2477 2478 10135 2481 2482 10136 2481 2482 10137 2477 2478 10138 2482 2483 10139 2477 2478 10140 2478 2479 10141 2482 2483 10142 2483 2484 10143 2479 2480 10144 2484 2485 10145 2479 2480 10146 2480 2481 10147 2484 2485 10148 2480 2481 10149 2481 2482 10150 2484 2485 10151 2484 2485 10152 2481 2482 10153 2485 2486 10154 2485 2486 10155 2481 2482 10156 2486 2487 10157 2481 2482 10158 2482 2483 10159 2486 2487 10160 2483 2484 10161 2484 2485 10162 2487 2488 10163 2484 2485 10164 2485 2486 10165 2487 2488 10166 2485 2486 10167 2486 2487 10168 2487 2488 10169 2488 2489 10170 2489 2490 10171 2490 2491 10172 2490 2491 10173 2489 2490 10174 2491 2492 10175 2491 2492 10176 2489 2490 10177 2492 2493 10178 2493 2494 10179 2488 2489 10180 2494 2495 10181 2488 2489 10182 2490 2491 10183 2494 2495 10184 2490 2491 10185 2491 2492 10186 2494 2495 10187 2494 2495 10188 2491 2492 10189 2495 2496 10190 2495 2496 10191 2491 2492 10192 2496 2497 10193 2491 2492 10194 2492 2493 10195 2496 2497 10196 2497 2498 10197 2493 2494 10198 2498 2499 10199 2493 2494 10200 2494 2495 10201 2498 2499 10202 2494 2495 10203 2495 2496 10204 2498 2499 10205 2498 2499 10206 2495 2496 10207 2499 2500 10208 2499 2500 10209 2495 2496 10210 2500 2501 10211 2495 2496 10212 2496 2497 10213 2500 2501 10214 2501 2502 10215 2497 2498 10216 2502 2503 10217 2497 2498 10218 2498 2499 10219 2502 2503 10220 2498 2499 10221 2499 2500 10222 2502 2503 10223 2502 2503 10224 2499 2500 10225 2503 2504 10226 2503 2504 10227 2499 2500 10228 2504 2505 10229 2499 2500 10230 2500 2501 10231 2504 2505 10232 2505 2506 10233 2501 2502 10234 2506 2507 10235 2501 2502 10236 2502 2503 10237 2506 2507 10238 2502 2503 10239 2503 2504 10240 2506 2507 10241 2506 2507 10242 2503 2504 10243 2507 2508 10244 2507 2508 10245 2503 2504 10246 2508 2509 10247 2503 2504 10248 2504 2505 10249 2508 2509 10250 2505 2506 10251 2506 2507 10252 2509 2510 10253 2506 2507 10254 2507 2508 10255 2509 2510 10256 2507 2508 10257 2508 2509 10258 2509 2510 10259 2510 2511 10260 2511 2512 10261 2512 2513 10262 2512 2513 10263 2511 2512 10264 2513 2514 10265 2513 2514 10266 2511 2512 10267 2514 2515 10268 2515 2516 10269 2510 2511 10270 2516 2517 10271 2510 2511 10272 2512 2513 10273 2516 2517 10274 2512 2513 10275 2513 2514 10276 2516 2517 10277 2516 2517 10278 2513 2514 10279 2517 2518 10280 2517 2518 10281 2513 2514 10282 2518 2519 10283 2513 2514 10284 2514 2515 10285 2518 2519 10286 2519 2520 10287 2515 2516 10288 2520 2521 10289 2515 2516 10290 2516 2517 10291 2520 2521 10292 2516 2517 10293 2517 2518 10294 2520 2521 10295 2520 2521 10296 2517 2518 10297 2521 2522 10298 2521 2522 10299 2517 2518 10300 2522 2523 10301 2517 2518 10302 2518 2519 10303 2522 2523 10304 2523 2524 10305 2519 2520 10306 2524 2525 10307 2519 2520 10308 2520 2521 10309 2524 2525 10310 2520 2521 10311 2521 2522 10312 2524 2525 10313 2524 2525 10314 2521 2522 10315 2525 2526 10316 2525 2526 10317 2521 2522 10318 2526 2527 10319 2521 2522 10320 2522 2523 10321 2526 2527 10322 2527 2528 10323 2523 2524 10324 2528 2529 10325 2523 2524 10326 2524 2525 10327 2528 2529 10328 2524 2525 10329 2525 2526 10330 2528 2529 10331 2528 2529 10332 2525 2526 10333 2529 2530 10334 2529 2530 10335 2525 2526 10336 2530 2531 10337 2525 2526 10338 2526 2527 10339 2530 2531 10340 2527 2528 10341 2528 2529 10342 2531 2532 10343 2528 2529 10344 2529 2530 10345 2531 2532 10346 2529 2530 10347 2530 2531 10348 2531 2532 10349 2532 2533 10350 2533 2534 10351 2534 2535 10352 2534 2535 10353 2533 2534 10354 2535 2536 10355 2535 2536 10356 2533 2534 10357 2536 2537 10358 2537 2538 10359 2532 2533 10360 2538 2539 10361 2532 2533 10362 2534 2535 10363 2538 2539 10364 2534 2535 10365 2535 2536 10366 2538 2539 10367 2538 2539 10368 2535 2536 10369 2539 2540 10370 2539 2540 10371 2535 2536 10372 2540 2541 10373 2535 2536 10374 2536 2537 10375 2540 2541 10376 2541 2542 10377 2537 2538 10378 2542 2543 10379 2537 2538 10380 2538 2539 10381 2542 2543 10382 2538 2539 10383 2539 2540 10384 2542 2543 10385 2542 2543 10386 2539 2540 10387 2543 2544 10388 2543 2544 10389 2539 2540 10390 2544 2545 10391 2539 2540 10392 2540 2541 10393 2544 2545 10394 2545 2546 10395 2541 2542 10396 2546 2547 10397 2541 2542 10398 2542 2543 10399 2546 2547 10400 2542 2543 10401 2543 2544 10402 2546 2547 10403 2546 2547 10404 2543 2544 10405 2547 2548 10406 2547 2548 10407 2543 2544 10408 2548 2549 10409 2543 2544 10410 2544 2545 10411 2548 2549 10412 2549 2550 10413 2545 2546 10414 2550 2551 10415 2545 2546 10416 2546 2547 10417 2550 2551 10418 2546 2547 10419 2547 2548 10420 2550 2551 10421 2550 2551 10422 2547 2548 10423 2551 2552 10424 2551 2552 10425 2547 2548 10426 2552 2553 10427 2547 2548 10428 2548 2549 10429 2552 2553 10430 2549 2550 10431 2550 2551 10432 2553 2554 10433 2550 2551 10434 2551 2552 10435 2553 2554 10436 2551 2552 10437 2552 2553 10438 2553 2554 10439</p>
        </triangles>
      </mesh>
    </geometry>
    <geometry id="Tree_0_Tree_0Mat_0-mesh" name="Tree_0_Tree_0Mat_0">
      <mesh>
        <source id="Tree_0_Tree_0Mat_0-mesh-positions">
          <float_array id="Tree_0_Tree_0Mat_0-mesh-positions-array" count="3585">1.25997 -9.115711 20.92704 2.64148 -13.27962 0 4.53005 -6.26293 20.34853 0 -13.38577 0 4.71662 -11.38694 0 6.01209 -8.997731 0 7.61895 -4.73454 19.93343 7.32941 -7.32941 0 9.447311 -6.31249 0 11.30599 -2.55252 19.39768 11.94201 -4.94654 0 13.40405 -2.66623 0 10.23286 1.61197 19.01302 12.92594 0 0 11.14386 2.21665 0 9.123141 4.88896 18.7312 9.576331 3.96665 0 8.997731 6.01209 0 8.8165 9.231341 18.26622 8.71519 8.71519 0 7.5223 11.25792 0 4.82505 10.42285 18.44595 5.12251 12.36684 0 2.34108 11.76941 0 1.17575 9.90739 18.79103 0 10.61421 0 -2.04068 10.2592 0 -2.85106 11.34389 18.94595 -4.46776 10.78614 0 -7.32158 10.95752 0 -5.93535 8.775521 19.47781 -9.64114 9.64114 0 -10.50794 7.02119 0 -6.35797 4.80399 19.95838 -10.23108 4.23785 0 -10.13477 2.01593 0 -8.851591 1.69497 20.50468 -11.07404 0 0 -12.39496 -2.46551 0 -8.476361 -2.31419 20.92673 -12.59675 -5.21775 0 -10.95752 -7.32158 0 -4.61869 -4.16133 20.83137 -8.255351 -8.255351 0 -5.81137 -8.697331 0 -2.40045 -7.12045 20.9902 -4.06188 -9.80625 0 -2.34108 -11.76941 0 1.25997 -9.115711 20.92704 0 -13.38577 0 4.39957 -5.73649 38.73089 7.4916 -3.6121 37.69266 10.33193 -2.11434 36.79992 13.35406 0.08139997 35.76912 12.76271 3.89344 35.40071 11.81917 7.08372 35.20161 11.13045 10.89922 34.85644 7.65435 12.30005 35.51436 4.29428 12.17693 36.34886 0.6717 13.11272 37.10493 -2.16429 10.87567 38.09598 -2.91607 7.35899 38.75165 -4.80434 4.35066 39.61565 -4.37037 0.65097 40.00727 -1.21688 -1.44417 39.52121 1.02901 -4.07482 39.32806 4.39957 -5.73649 38.73089 10.97374 -3.60749 60.79985 13.97186 -2.05144 59.74986 16.65768 -0.52954 58.80465 19.20749 1.75017 57.87742 19.11311 5.29141 57.78193 18.39606 8.436791 57.90711 17.49534 11.85295 58.0835 14.48027 13.40951 59.02767 11.35596 13.58651 60.05746 8.073551 14.06188 61.129 5.37683 12.04999 62.09537 4.26149 8.880781 62.57872 2.77735 5.88754 63.17809 3.15752 2.40769 63.17661 5.67395 0.11648 62.42411 7.87572 -2.24755 61.77857 10.97374 -3.60749 60.79985 17.23647 -4.10081 80.75096 20.22621 -3.31307 80.04042 22.86889 -1.75706 79.52925 24.956 0.63376 79.28358 25.53687 3.7522 79.54882 25.11756 6.78736 80.07625 23.87976 9.61728 80.79964 21.35755 11.33584 81.72317 18.41679 11.89193 82.60308 15.3713 11.70889 83.41112 12.71786 10.00716 83.90541 11.05424 7.34926 83.99892 10.00081 4.39658 83.88549 10.31242 1.26254 83.37405 12.05949 -1.23564 82.55649 14.32169 -3.19293 81.67161 17.23647 -4.10081 80.75096 21.40116 -2.71307 106.3352 26.13614 -1.07115 105.5324 28.2278 3.38313 104.2895 26.45089 8.04052 103.3347 21.84629 10.17279 103.2272 17.11131 8.530871 104.0301 15.01966 4.07659 105.2729 16.79656 -0.5808 106.2278 21.40116 -2.71307 106.3352 20.76393 4.05616 132.3605 25.03033 5.69092 132.3029 26.92243 9.751891 131.4049 25.33187 13.86022 130.1926 21.19037 15.60929 129.3761 16.92397 13.97453 129.4337 15.03188 9.91356 130.3317 16.62243 5.80523 131.544 20.76393 4.05616 132.3605 17.63342 12.20203 154.1071 21.58597 13.69354 154.0635 23.40687 17.29352 152.8091 22.02946 20.89318 151.0787 18.2606 22.38387 149.886 14.30806 20.89237 149.9295 12.48716 17.29238 151.1839 13.86458 13.69273 152.9143 17.63342 12.20203 154.1071 16.32159 25.7551 181.5716 20.06061 26.89976 181.018 21.80581 30.05222 179.4015 20.53489 33.36579 177.6689 16.99233 34.89946 176.8352 13.25332 33.7548 177.3888 11.50812 30.60237 179.0053 12.77904 27.28877 180.7379 16.32159 25.7551 181.5716 20.69154 37.93007 207.6998 25.64382 41.50673 205.0445 21.47573 46.62819 204.1693 16.52345 43.05152 206.8246 20.69154 37.93007 207.6998 30.03278 42.87408 235.7596 34.81466 46.16108 234.1396 31.68834 51.2098 235.1553 26.90643 47.9228 236.7752 30.03278 42.87408 235.7596 36.84165 37.19839 271.348 41.61827 39.95589 271.3562 38.97148 44.53612 272.917 34.19485 41.77862 272.9088 36.84165 37.19839 271.348 33.0542 27.57631 307.2994 37.22625 29.57363 308.8517 34.96762 33.86311 309.4029 30.79559 31.86581 307.8506 33.0542 27.57631 307.2994 17.17743 26.34647 348.6307 20.87467 27.95146 349.9552 19.57675 31.84085 348.8652 15.87953 30.23586 347.5407 17.17743 26.34647 348.6307 17.83609 29.03739 350.1459 17.83609 29.03739 350.1459 17.83609 29.03739 350.1459 17.83609 29.03739 350.1459 20.82868 -11.47451 104.7212 25.71966 -10.21519 105.2241 28.23509 -6.40697 107.4446 26.90146 -2.28063 110.0819 22.5 -0.25334 111.5911 17.60903 -1.51265 111.0881 15.09361 -5.32087 108.8677 16.42723 -9.447211 106.2304 20.82869 -11.47451 104.7212 21.73865 -24.0767 136.8081 26.14267 -22.91449 137.171 28.39657 -19.16276 138.4834 27.18004 -15.01923 139.9765 23.20571 -12.91111 140.7755 18.80168 -14.07332 140.4125 16.54778 -17.82505 139.1001 17.76431 -21.96859 137.6071 21.73865 -24.0767 136.8081 23.59394 -29.94565 167.6544 27.63137 -28.73105 167.3842 29.66282 -25.03553 167.6401 28.49827 -21.02386 168.2722 24.81993 -19.04604 168.9102 20.7825 -20.26064 169.1805 18.75105 -23.95617 168.9246 19.91559 -27.96783 168.2925 23.59394 -29.94565 167.6544 30.69826 -33.73834 207.5147 34.40137 -32.55586 206.8179 36.24664 -29.06557 206.72 35.15312 -25.31199 207.2784 31.7614 -23.49395 208.166 28.05828 -24.67643 208.8628 26.21301 -28.16675 208.9606 27.30652 -31.92032 208.4023 30.69827 -33.73834 207.5147 39.57134 -38.62977 245.3839 44.72659 -34.43108 244.9808 40.76445 -29.39239 246.7922 35.6092 -33.59106 247.1953 39.57134 -38.62977 245.3839 44.30365 -47.2713 285.9361 49.11654 -43.71372 286.6253 45.4959 -39.03987 287.7834 40.68301 -42.59745 287.0942 44.30365 -47.2713 285.9361 39.67285 -53.5985 336.6337 44.07368 -50.42534 337.6256 40.85313 -45.94796 337.591 36.45231 -49.12112 336.5991 39.67285 -53.5985 336.6337 31.0736 -49.88832 384.7303 35.13137 -47.18268 384.8674 32.52269 -43.21372 383.7506 28.46491 -45.91936 383.6135 31.0736 -49.88832 384.7303 31.41661 -33.69061 443.7645 34.9867 -31.63776 442.7447 32.75481 -28.09437 442.0642 29.18472 -30.14725 443.084 31.41661 -33.69061 443.7645 32.0928 -30.50573 444.3636 32.0928 -30.50573 444.3636 32.0928 -30.50573 444.3636 32.0928 -30.50573 444.3636 43.70155 -19.27839 173.7273 26.60452 -18.32473 155.8937 41.67128 -20.36757 175.4311 27.64918 -20.07241 159.8385 28.91466 -23.11592 161.0202 40.96582 -22.91469 176.2573 41.99841 -25.42767 175.7219 27.15876 -25.49746 159.1478 25.91097 -25.99692 154.9169 44.16417 -26.43445 174.1385 46.2936 -25.34332 172.3569 25.67896 -24.11282 149.3236 26.82191 -21.15774 147.1267 47.04014 -22.7954 171.4986 45.96648 -20.28323 172.0662 26.16938 -18.68776 150.0144 26.60452 -18.32473 155.8937 43.70155 -19.27839 173.7273 59.4822 -15.5673 191.324 58.22127 -16.34108 193.2161 58.12008 -18.33462 194.4321 59.2379 -20.38011 194.2599 60.91993 -21.27933 192.8002 62.23635 -20.50789 190.845 62.36054 -18.51534 189.6027 61.21973 -16.46887 189.8011 59.4822 -15.5673 191.324 70.24882 -20.82289 197.2798 69.60531 -21.48057 198.5453 68.79663 -22.75698 198.8124 68.2965 -23.90442 197.9248 68.39789 -24.25073 196.4024 69.05152 -23.58882 195.0991 69.86436 -22.31066 194.8162 70.36032 -21.16497 195.7195 70.24882 -20.82289 197.2798 79.18186 -28.00363 198.1487 78.68751 -28.63249 199.2982 77.62612 -29.47206 199.572 76.61948 -30.03054 198.8097 76.25724 -29.98078 197.4579 76.75291 -29.34519 196.2835 77.81483 -28.50283 195.9995 78.82093 -27.94714 196.7721 79.18186 -28.00363 198.1487 81.30851 -34.85403 196.6997 79.62268 -35.03926 198.1123 78.21949 -34.88194 196.4158 79.90705 -34.69461 194.9841 81.30851 -34.85403 196.6997 81.17554 -40.90904 196.5827 79.7266 -40.58382 197.8009 78.48233 -40.78163 196.3511 79.93204 -41.10879 195.123 81.17554 -40.90904 196.5827 81.28984 -44.07531 197.2408 80.30165 -44.49566 198.3806 79.305 -45.04755 197.3062 80.29316 -44.62741 196.1631 81.28984 -44.07531 197.2408 82.79326 -47.04271 196.708 82.56134 -48.16181 197.2934 81.48406 -48.2959 196.6076 81.71559 -47.17633 196.0215 82.79326 -47.04271 196.708 82.77633 -47.92395 193.496 82.80775 -48.85276 193.5834 82.06021 -48.8255 194.1417 82.02878 -47.8967 194.0543 82.77633 -47.92395 193.496 82.03718 -48.48347 193.0413 82.03718 -48.48347 193.0413 82.03718 -48.48347 193.0413 82.03718 -48.48347 193.0413 4.67834 -20.95081 216.8627 23.39589 -28.86932 184.0957 7.01102 -20.77588 218.0824 23.82174 -28.27213 188.2118 23.69669 -25.71402 190.2891 8.76172 -18.9401 218.3792 8.9049 -16.51886 217.5791 25.35205 -23.35532 188.6856 25.56007 -21.9159 184.7658 7.35669 -14.93047 216.1509 4.93708 -15.07374 214.8719 23.99401 -22.04061 179.4295 21.77614 -23.85474 177.199 3.15038 -16.89639 214.5506 3.04321 -19.33076 215.3753 22.4637 -26.95741 178.9556 23.39589 -28.86932 184.0957 4.67834 -20.95081 216.8627 1.45824 -7.43958 228.4439 2.977 -7.77096 228.7866 4.32232 -7.68559 228.0132 4.70614 -7.23349 226.5766 3.90361 -6.67949 225.3185 2.34619 -6.33337 224.9491 0.98485 -6.41263 225.7115 0.61705 -6.87084 227.1591 1.45824 -7.43958 228.4439 4.2846 5.12361 232.6819 5.51808 4.50282 232.8856 6.56926 4.14416 232.0789 6.82238 4.25771 230.7346 6.12917 4.77696 229.64 4.87318 5.41106 229.4212 3.81268 5.77525 230.2215 3.56888 5.65618 231.5722 4.2846 5.12361 232.6819 9.010121 13.41271 234.0001 10.79781 12.24574 233.411 10.47711 12.87753 231.3128 8.673521 14.05807 231.8905 9.010121 13.41271 234.0001 12.76919 18.89288 235.004 14.42339 18.12568 234.5624 14.19286 18.68936 232.7878 12.53061 19.46224 233.2237 12.76919 18.89288 235.004 14.44305 23.54126 235.6961 15.96422 23.59403 235.453 15.71306 23.66313 233.9338 14.18851 23.61039 234.1744 14.44305 23.54126 235.6961 13.58456 27.43599 234.8537 14.58689 28.04116 234.551 14.741 27.30854 233.6012 13.73826 26.70274 233.9036 13.58456 27.43599 234.8537 11.9357 28.53129 231.5715 12.59879 29.07217 231.37 13.17121 28.41661 231.4941 12.50812 27.87573 231.6955 11.9357 28.53129 231.5715 12.38492 28.36621 230.7311 12.38492 28.36621 230.7311 12.38492 28.36621 230.7311 12.38492 28.36621 230.7311 48.16709 46.13747 221.1443 22.2893 41.12968 195.9545 46.85091 45.82793 223.1105 22.9865 40.82016 199.6584 23.9647 38.69708 201.5112 46.29728 44.02084 224.4389 46.83051 41.77479 224.3514 22.50961 36.26145 200.5906 21.61488 34.6827 197.2728 48.13823 40.40547 222.8992 49.51317 40.69128 220.8565 21.67937 34.64118 192.2418 22.79056 36.40567 189.7042 50.09114 42.48853 219.4964 49.53358 44.74442 219.6156 22.15626 39.19988 191.3096 22.2893 41.12968 195.9545 48.16709 46.13747 221.1443 60.45317 36.57846 229.5392 59.57509 36.48043 230.6761 58.33186 35.87239 230.9226 57.45174 35.11053 230.1345 57.45031 34.64114 228.7734 58.34299 34.73299 227.5949 59.59227 35.33846 227.3311 60.46633 36.10289 228.1364 60.45317 36.57846 229.5392 64.39751 24.12773 233.4884 63.55402 24.43034 234.3777 62.3174 24.53463 234.4158 61.41208 24.37949 233.5804 61.36839 24.05582 232.3609 62.22127 23.74589 231.4469 63.46176 23.63858 231.3986 64.36317 23.79674 232.2442 64.39751 24.12773 233.4884 63.10143 15.63226 236.8023 61.36945 16.40263 237.45 60.45007 15.58583 235.8688 62.18818 14.80349 235.2043 63.10143 15.63226 236.8023 62.91988 10.25872 239.8301 61.54016 10.15083 240.8122 60.71488 9.38349 239.5434 62.09696 9.488571 238.5517 62.91988 10.25872 239.8301 64.46749 5.46333 239.7033 63.64367 4.6619 240.4924 62.55674 4.993 239.6845 63.3801 5.79659 238.8923 64.46749 5.46333 239.7033 63.30927 2.33164 236.56 62.89308 1.93552 237.4909 62.3131 2.85379 237.6211 62.72921 3.25054 236.6899 63.30927 2.33164 236.56 60.17094 0.81685 235.7888 60.17318 0.74632 236.5809 59.69631 1.37999 236.6387 59.69407 1.45052 235.8466 60.17094 0.81685 235.7888 59.29646 0.68137 236.1493 59.29646 0.68137 236.1493 59.29646 0.68137 236.1493 59.29646 0.68137 236.1493 4.1543 47.83089 244.651 19.49953 41.26628 211.9637 6.16084 48.04969 245.6923 19.8393 42.94881 215.1274 19.93216 45.63676 216.0365 7.41816 49.7459 246.306 7.18975 51.92591 246.1327 21.60164 46.91288 214.1274 21.99185 46.87233 210.5495 5.6094 53.31269 245.2739 3.52253 53.12006 244.1901 20.74496 45.29472 206.2031 18.72063 43.34833 204.8298 2.23193 51.43467 243.5587 2.49362 49.24383 243.7497 18.98262 41.33064 207.2031 19.49953 41.26628 211.9637 4.1543 47.83088 244.651 -4.37188 58.49919 258.5514 -3.31151 58.80472 259.305 -2.2958 59.61792 259.1849 -1.91975 60.46243 258.2614 -2.40364 60.84355 257.0756 -3.4881 60.53919 256.2917 -4.51378 59.72648 256.3993 -4.87986 58.88148 257.3353 -4.37188 58.49919 258.5514 -11.68817 71.08047 262.8023 -10.86609 71.42686 263.5047 -9.783881 71.68876 263.3887 -9.075481 71.71276 262.5222 -9.155871 71.48479 261.4128 -9.98691 71.13272 260.6924 -11.07284 70.86845 260.8009 -11.77752 70.84682 261.6748 -11.68817 71.08047 262.8023 -12.38812 81.43058 260.9798 -10.79023 81.03285 261.6807 -10.24624 80.47718 260.0689 -11.85059 80.87393 259.3538 -12.38812 81.43058 260.9798 -9.690621 87.07289 260.6206 -8.50451 86.54014 261.244 -7.84637 86.52589 259.961 -9.03393 87.06007 259.3325 -9.690621 87.07289 260.6206 -9.11084 91.78116 260.6617 -8.32066 92.405 261.1003 -7.71888 92.27993 260.1902 -8.50919 91.65557 259.7507 -9.11084 91.78116 260.6617 -9.967391 93.74377 257.0322 -9.67147 94.43964 257.0006 -9.031781 94.18178 257.3121 -9.3277 93.48593 257.3438 -9.967391 93.74377 257.0322 -9.37924 93.93007 256.4941 -9.37924 93.93007 256.4941 -9.37924 93.93007 256.4941 -9.37924 93.93007 256.4941 67.20275 -46.85293 319.6574 46.57098 -40.11286 287.6915 65.48194 -47.89292 320.2195 47.53803 -41.35505 290.6017 48.90497 -43.42083 291.423 64.79137 -49.77182 319.9401 65.53556 -51.38899 318.983 48.01388 -45.36286 289.9247 47.24393 -45.78076 286.7341 67.27854 -51.79712 317.9087 69.07691 -50.74298 317.31 46.87422 -44.26393 282.618 47.29325 -41.86671 281.0899 69.79961 -48.85822 317.5742 69.0233 -47.24691 318.5465 46.39838 -40.25612 283.295 46.57099 -40.11286 287.6915 67.20273 -46.85293 319.6574 73.32521 -60.03483 333.3088 72.12231 -60.22637 333.1502 71.44026 -60.65157 332.2575 71.6786 -61.06135 331.1539 72.6977 -61.21567 330.4858 73.93524 -61.02355 330.6365 74.63166 -60.59811 331.5258 74.37895 -60.18856 332.6328 73.32521 -60.03483 333.3088 74.76345 -72.64609 340.5814 73.73642 -72.75028 340.4271 73.14978 -73.17881 339.6983 73.34716 -73.68064 338.8219 74.21293 -73.96181 338.3112 75.25873 -73.85939 338.4619 75.85315 -73.43158 339.1893 75.64799 -72.92903 340.0672 74.76345 -72.64609 340.5814 75.95897 -81.2144 345.7933 74.69316 -82.19242 345.4094 75.56454 -82.79139 344.1492 76.84346 -81.81105 344.5277 75.95897 -81.2144 345.7933 80.29828 -85.14064 348.4179 79.86228 -86.3917 348.4581 79.88343 -86.43395 347.1335 80.32067 -85.17958 347.0895 80.29828 -85.14064 348.4179 85.05641 -86.78887 345.973 84.8572 -87.77369 346.0702 83.92224 -87.61738 345.7232 84.12095 -86.63177 345.6257 85.05641 -86.78887 345.973 84.37841 -88.57909 341.6065 84.35773 -89.06245 342.1065 83.79421 -88.75773 342.3778 83.81491 -88.27439 341.8778 84.37842 -88.57909 341.6065 83.76165 -89.00822 341.5341 83.76165 -89.00822 341.5341 83.76165 -89.00822 341.5341 83.76165 -89.00822 341.5341 39.76156 -65.06694 341.1558 45.01452 -48.48268 304.9375 39.8419 -63.14894 341.7971 44.54524 -49.00351 308.0676 42.56079 -49.36088 309.5958 38.52749 -61.72065 342.0652 36.58829 -61.61877 341.8031 40.88846 -47.64315 308.7872 39.84306 -46.55885 305.9552 35.16027 -62.90298 341.1642 35.04614 -64.89268 340.4942 39.88567 -46.58324 301.6876 41.14264 -47.86194 299.5555 36.34656 -66.3507 340.2142 38.29975 -66.42286 340.4883 43.54245 -47.9436 300.968 45.01452 -48.48268 304.9375 39.76156 -65.06694 341.1558 31.33938 -66.49794 359.918 31.56077 -65.33168 359.8235 31.11579 -64.45705 359.1966 30.2651 -64.38642 358.4046 29.50702 -65.16114 357.9114 29.27036 -66.35766 357.9997 29.70901 -67.24482 358.624 30.56603 -67.30292 359.4186 31.33938 -66.49794 359.918 22.3063 -64.88182 372.5079 22.43333 -63.87799 372.5022 21.97174 -63.11091 372.062 21.19194 -63.02996 371.445 20.5507 -63.68255 371.0127 20.41605 -64.70281 371.0142 20.87447 -65.47671 371.4526 21.65744 -65.55085 372.0714 22.3063 -64.88182 372.5079 15.35173 -65.11338 380.6866 14.70297 -63.65731 380.7353 13.68892 -64.09209 379.5837 14.33544 -65.55978 379.5276 15.35173 -65.11338 380.6866 10.24147 -68.78302 383.6624 9.358711 -67.89096 383.9385 9.17746 -67.69163 382.682 10.06213 -68.58559 382.4017 10.24147 -68.78302 383.6624 5.74108 -72.05546 381.4224 5.14316 -71.35115 381.7452 5.66064 -70.68582 381.2479 6.25932 -71.39016 380.9245 5.74108 -72.05546 381.4224 2.97046 -70.79391 377.4602 2.78403 -70.39202 377.9687 3.3659 -70.05509 377.9157 3.55233 -70.457 377.4072 2.97046 -70.79391 377.4602 2.87508 -70.07756 377.2313 2.87508 -70.07756 377.2313 2.87508 -70.07756 377.2313 2.87508 -70.07756 377.2313 35.67606 60.58238 313.0732 34.69164 42.49086 271.0432 36.7434 59.11566 313.5505 35.77362 43.41418 273.7322 37.59082 44.77606 274.5072 38.53293 58.80982 313.6665 39.99637 59.84402 313.3531 39.42516 44.08651 273.1225 39.85571 43.44168 270.1809 40.27645 61.61244 312.794 39.19243 63.14771 312.2947 38.48901 43.06522 266.3897 36.2669 43.33174 264.9855 37.39598 63.48194 312.1697 35.93946 62.41935 312.4921 34.83746 42.39289 266.9994 34.69164 42.49086 271.0432 35.67606 60.58238 313.0732 33.11715 66.89048 332.699 33.95591 65.76773 333.4215 35.40633 65.65237 333.9451 36.61876 66.61199 333.9631 36.88299 68.08445 333.4649 36.03643 69.24242 332.7259 34.58278 69.37237 332.1954 33.37357 68.39817 332.1842 33.11715 66.89048 332.699 27.67914 75.14062 347.1953 29.14786 74.68338 348.9979 30.67045 76.26852 348.1121 29.20214 76.74116 346.2892 27.67914 75.14062 347.1953 23.84476 84.59642 352.7694 24.95302 84.4358 354.3482 26.50715 84.88427 353.2851 25.40056 85.04716 351.6965 23.84476 84.59642 352.7694 24.50924 92.07302 354.0099 25.33406 91.7257 355.1328 26.45034 91.53442 354.2501 25.62579 91.8819 353.1254 24.50924 92.07302 354.0099 25.8617 98.14783 354.2333 26.39591 98.46503 354.9396 27.16033 98.38526 354.3973 26.62612 98.06806 353.691 25.8617 98.14783 354.2333 26.50676 98.96258 354.1823 26.50676 98.96258 354.1823 26.50676 98.96258 354.1823 26.50676 98.96258 354.1823 36.60397 31.05266 325.6757 38.66491 35.81064 280.6022 36.6748 32.87029 325.7394 38.20665 36.17425 283.4955 36.36603 36.28753 284.917 35.47706 34.16484 325.8154 33.71237 34.17795 325.8591 34.86187 37.61798 283.7386 33.93467 37.85239 280.9458 32.41447 32.90195 325.845 32.31464 31.01877 325.7796 33.99711 36.71758 277.1862 35.14307 35.01417 275.6506 33.50036 29.69707 325.7029 35.27706 29.71111 325.6599 37.34189 35.27385 276.9432 38.66491 35.81064 280.6022 36.60397 31.05266 325.6757 39.4128 30.65937 345.9917 39.46741 32.18753 346.043 38.49035 33.27343 346.3862 37.05396 33.28094 346.8201 35.99966 32.20566 347.0907 35.92999 30.64217 347.0423 36.90082 29.54163 346.7004 38.34344 29.54876 346.2652 39.4128 30.65937 345.9917 44.18546 28.77545 362.5185 43.68423 30.76051 363.5655 41.56023 29.9741 363.9629 42.04922 27.96815 362.9111 44.18546 28.77545 362.5185 45.94735 23.40024 372.2988 45.60326 24.71142 373.5989 43.77913 24.65266 373.1551 44.11771 23.33637 371.8486 45.94735 23.40024 372.2988 42.75883 18.36797 376.8457 42.49939 19.35962 377.7894 41.50723 19.88293 376.9629 41.76598 18.89084 376.0175 42.75883 18.36797 376.8457 37.93291 14.85833 378.9468 37.48999 15.28484 379.6214 37.05533 15.80301 379.0084 37.49825 15.3765 378.3338 37.93291 14.85833 378.9468 36.96581 14.88567 379.038 36.96581 14.88567 379.038 36.96581 14.88567 379.038 36.96581 14.88567 379.038 28.3686 -32.41879 407.5665 31.8155 -46.46027 369.1415 29.3169 -33.61706 408.3667 32.68688 -46.3173 371.796 34.2935 -45.28771 372.9039 30.9504 -33.83663 408.6532 32.31221 -32.94888 408.2583 36.04673 -45.51789 371.5841 36.56702 -45.32974 368.8418 32.60462 -31.47386 407.4132 31.64244 -30.21894 406.5782 35.46127 -44.71187 365.3418 33.46553 -44.14783 364.0761 30.00318 -29.97591 406.2773 28.64711 -30.88713 406.6866 32.10142 -45.51128 365.5537 31.8155 -46.46027 369.1415 28.3686 -32.41879 407.5665 31.34797 -19.73062 422.6993 32.08646 -20.84245 423.2657 33.37333 -21.40834 423.0515 34.45473 -21.0968 422.1822 34.69719 -20.09031 421.167 33.95194 -18.94972 420.5791 32.66228 -18.37192 420.7844 31.58369 -18.69537 421.6626 31.34797 -19.73062 422.6993 37.24174 -11.91895 434.7514 38.68632 -13.55018 434.7163 40.12126 -12.21471 433.7642 38.67661 -10.56112 433.7924 37.24174 -11.91895 434.7514 38.97162 -8.04546 442.7484 40.09883 -8.77605 443.9163 41.36229 -7.63907 443.3879 40.23559 -6.90152 442.2136 38.97162 -8.04546 442.7484 38.01514 -2.14683 444.163 38.54477 -1.77189 445.313 39.71606 -2.24089 444.9236 39.18703 -2.61662 443.7722 38.01514 -2.14683 444.163 42.02966 1.90932 442.8998 42.07629 1.78831 443.755 42.36629 0.98371 443.6254 42.31966 1.10472 442.7701 42.02966 1.90932 442.8998 42.77557 1.74346 443.1853 42.77557 1.74346 443.1853 42.77557 1.74346 443.1853 42.77557 1.74346 443.1853 48.77976 -57.75964 410.7278 35.79417 -47.21539 377.9855 47.21369 -56.94289 412.0176 35.32292 -48.68738 381.084 33.27383 -49.90704 381.1107 45.61116 -58.19593 412.6018 45.5747 -60.26572 411.8961 31.69601 -49.65471 378.0388 32.62552 -48.98084 373.6499 47.17318 -61.14364 410.564 48.7757 -59.8906 409.9798 34.67461 -47.76118 373.6232 35.79417 -47.21539 377.9855 48.77976 -57.75964 410.7278 58.99237 -66.67797 421.9613 58.09639 -66.31507 423.5285 56.5596 -67.18709 423.8895 55.91878 -68.42202 422.6834 56.81822 -68.80664 421.0785 58.35501 -67.9346 420.7175 58.99237 -66.67797 421.9613 64.23913 -78.3744 429.8736 61.92886 -77.71537 430.8452 62.08789 -79.13042 428.6211 64.23913 -78.3744 429.8736 64.25708 -85.31713 435.5624 62.39622 -84.54859 436.2291 62.45987 -86.3064 435.009 64.25708 -85.31713 435.5624 65.84341 -88.17232 438.8007 65.52629 -88.57746 440.2898 64.97541 -89.45413 439.0974 65.84341 -88.17232 438.8007 67.70428 -91.11152 436.8682 68.08175 -92.0049 437.2227 67.14722 -91.68394 437.5226 67.70428 -91.11152 436.8682 67.59354 -91.94218 436.7098 67.59354 -91.94218 436.7098 67.59354 -91.94218 436.7098 28.77208 29.22293 346.2478 28.75391 29.13607 317.3532 30.33894 29.48701 345.9835 28.91433 30.37792 319.7144 29.55522 32.08856 319.4886 30.89263 30.94623 346.093 29.87945 32.14135 346.4668 30.03569 32.55737 316.9016 28.99743 31.53579 313.7174 28.26393 31.89486 346.7432 27.71025 30.43563 346.6336 28.35654 29.82513 313.9432 28.75391 29.13607 317.3532 28.77208 29.22293 346.2478 32.13742 24.30831 370.0052 33.43441 24.46305 369.9075 34.00032 25.45794 370.4992 33.26924 26.29807 371.1886 31.95039 26.15071 371.2949 31.38449 25.15583 370.7032 32.13742 24.30831 370.0052 32.58114 17.76617 380.1682 34.0154 18.30528 381.0297 32.46917 19.15992 381.2406 32.58114 17.76617 380.1682 31.65802 14.15385 386.8677 32.77177 14.77532 386.8282 31.70605 15.39116 387.1792 31.65802 14.15385 386.8677 35.30463 13.23906 390.4011 34.96165 13.76065 389.9055 35.43941 14.01974 390.4885 35.30463 13.23906 390.4011 35.65555 13.62932 390.1947 35.65555 13.62932 390.1947 35.65555 13.62932 390.1947 27.80166 30.10173 349.7872 29.91366 29.7274 323.3884 26.55495 30.87199 349.4553 29.37233 29.09311 325.6746 27.67386 28.66651 325.0294 25.4375 29.92573 349.5884 26.00407 28.5451 350.0103 27.40217 28.37586 321.9065 28.93272 28.62284 320.6217 27.47169 28.63807 350.138 27.80166 30.10173 349.7872 29.91366 29.7274 323.3884 27.32063 35.71848 371.1546 26.32652 36.42346 371.044 25.43391 35.87407 371.6462 25.88114 34.81827 372.1342 27.05015 34.71515 371.8336 27.32063 35.71848 371.1546 30.71516 40.19297 380.5049 30.09654 40.88577 380.7221 29.4371 40.51231 381.2927 29.6492 39.58422 381.4289 30.43972 39.38408 380.9424 30.71516 40.19297 380.5049 33.31807 41.65676 386.6729 32.82866 42.13396 386.5759 32.21601 41.8293 386.6607 32.32692 41.163 386.8102 33.00811 41.05585 386.8178 33.31807 41.65676 386.6729 31.49231 44.36795 390.0265 31.60832 44.15538 389.6702 31.30968 43.85513 389.5911 31.00909 43.88213 389.8986 31.12196 44.19908 390.1676 31.49231 44.36795 390.0265 31.0949 44.35716 389.8374 31.0949 44.35716 389.8374 31.0949 44.35716 389.8374 31.0949 44.35716 389.8374 31.0949 44.35716 389.8374 38.38336 -35.93281 448.8172 31.11389 -36.93831 422.2805 39.04539 -35.61721 448.3032 31.17714 -36.1424 423.6338 31.75003 -35.41638 422.3636 38.88078 -34.80171 448.6348 38.20752 -35.11052 449.1603 30.95008 -35.88396 420.6362 31.11389 -36.93831 422.2805 38.38336 -35.93281 448.8172 47.81193 -41.41515 468.0011 48.38958 -41.47791 467.8484 48.54899 -41.18811 468.3499 47.96979 -41.12403 468.5051 47.81193 -41.41515 468.0011 48.94577 -48.04585 475.6073 49.10091 -48.10799 475.3679 49.23091 -47.84708 475.3844 49.07577 -47.78495 475.6238 48.94577 -48.04585 475.6073 49.1648 -48.06096 475.6432 49.1648 -48.06096 475.6432 49.1648 -48.06096 475.6432 49.1648 -48.06096 475.6432 25.88086 -30.78412 454.7185 32.45857 -33.90403 429.8544 25.45899 -30.97676 454.6808 32.69734 -34.51258 430.6031 32.33756 -34.93918 429.7806 25.54252 -31.21852 455.0695 25.96819 -31.02625 455.1103 32.55599 -34.36082 428.7057 32.45857 -33.90403 429.8544 25.88086 -30.78412 454.7185 20.76661 -21.85944 477.8984 20.74142 -21.86135 477.7154 20.74809 -22.04592 477.7164 20.77328 -22.04401 477.8993 20.76661 -21.85944 477.8984 20.6772 -21.91072 477.8653 20.6772 -21.91072 477.8653 20.6772 -21.91072 477.8653 20.6772 -21.91072 477.8653 65.15111 -5.50415 195.8486 64.54673 -5.81012 197.2589 65.02116 -6.57864 198.4994 66.2965 -7.35952 198.8434 67.62567 -7.69533 198.0894 68.25629 -7.38977 196.6496 67.79272 -6.62141 195.397 66.50653 -5.84037 195.0651 65.15111 -5.50415 195.8486 70.49018 6.1068 201.1302 69.90503 5.72769 202.3447 70.33726 5.04979 203.4672 71.53366 4.47019 203.8401 72.79338 4.32841 203.245 73.39683 4.70987 202.0126 72.97219 5.38876 200.8826 71.76821 5.96738 200.5171 70.49018 6.1068 201.1302 71.79004 12.89059 204.1735 71.65731 12.2234 206.2733 73.85945 12.29251 206.4058 74.0065 12.96421 204.294 71.79004 12.89059 204.1735 71.01876 19.51554 205.6806 70.72948 19.55175 207.5791 72.49134 20.27802 207.8192 72.78824 20.24438 205.9145 71.01876 19.51554 205.6806 69.27867 22.70274 204.3442 68.50312 23.57884 205.385 69.6551 24.63874 205.3439 70.43364 23.76291 204.3015 69.27867 22.70274 204.3442 67.81338 24.33214 200.8843 66.93288 25.26681 200.884 67.8661 26.14424 200.7941 68.74747 25.20955 200.7943 67.81338 24.33214 200.8843 68.87413 23.88861 197.3617 68.38585 24.47976 196.8294 68.93468 25.18227 197.1061 69.42295 24.59112 197.6385 68.87413 23.88861 197.3617 69.3809 24.36567 196.4982 69.3809 24.36567 196.4982 69.3809 24.36567 196.4982 69.3809 24.36567 196.4982 -4.38744 -20.01808 230.843 -3.16404 -19.91456 231.8562 -2.64121 -18.83225 232.8414 -3.12522 -17.40515 233.2216 -4.33255 -16.46923 232.774 -5.59643 -16.55889 231.7365 -6.13603 -17.63545 230.7412 -5.63525 -19.0683 230.3711 -4.38744 -20.01808 230.843 -12.68107 -26.86215 241.3646 -11.68408 -26.86548 242.3415 -11.46422 -26.17369 243.5065 -12.15027 -25.19201 244.1773 -13.34036 -24.4955 243.9608 -14.3629 -24.484 242.97 -14.59335 -25.17241 241.7991 -13.89672 -26.15747 241.1342 -12.68107 -26.86215 241.3646 -18.36374 -35.1802 245.2913 -17.88967 -35.50397 247.4302 -19.74704 -34.42546 247.9703 -20.23869 -34.09111 245.8193 -18.36374 -35.1802 245.2913 -22.70967 -41.46957 243.7399 -22.93366 -42.6086 245.2139 -24.47394 -41.65294 245.6978 -24.25557 -40.50497 244.2197 -22.70967 -41.46957 243.7399 -26.72094 -44.36823 239.8397 -27.28049 -45.55695 240.6457 -28.27794 -44.60893 241.3401 -27.71923 -43.41614 240.5339 -26.72094 -44.36823 239.8397 -30.7008 -44.96221 236.4633 -31.10981 -45.89985 237.1083 -31.69476 -45.13783 237.843 -31.28583 -44.19938 237.198 -30.7008 -44.96221 236.4633 -34.34159 -45.78079 234.06 -34.48366 -46.4251 234.641 -35.14286 -45.96222 234.9931 -35.00079 -45.3179 234.4122 -34.34159 -45.78079 234.06 -35.32737 -46.18048 234.0038 -35.32737 -46.18048 234.0038 -35.32737 -46.18048 234.0038 -35.32737 -46.18048 234.0038 61.69323 55.30704 226.5008 61.29046 55.28008 227.8829 61.64865 54.51758 229.0082 62.55798 53.4662 229.2177 63.48579 52.74183 228.3885 63.91072 52.75717 226.9696 63.56171 53.51486 225.829 62.6432 54.57105 225.6348 61.69323 55.30704 226.5008 73.52098 65.86654 231.1748 73.06613 65.73923 232.3457 73.33719 65.01811 233.3194 74.17536 64.12564 233.5255 75.08964 63.5846 232.8434 75.56047 63.70708 231.6509 75.29605 64.42617 230.6682 74.45125 65.32065 230.471 73.52098 65.86654 231.1748 80.10801 74.13906 235.1477 79.95051 73.4386 237.0178 81.77957 72.6412 236.8405 81.95205 73.34092 234.955 80.10801 74.13906 235.1477 82.3169 81.12294 237.2592 82.24949 81.04489 238.9531 83.94564 81.05188 239.0063 84.02058 81.13031 237.3055 82.3169 81.12294 237.2592 81.7206 86.37915 236.396 81.46358 87.17646 237.5104 82.75251 87.70111 237.4257 83.01247 86.90327 236.309 81.7206 86.37915 236.396 80.54298 88.61893 233.0437 80.09463 89.61613 233.0772 81.08471 90.06433 232.9532 81.53376 89.06686 232.9195 80.54298 88.61893 233.0437 81.20761 87.96981 229.0638 80.96116 88.58606 228.6259 81.59703 89.00418 228.8564 81.84349 88.38792 229.2943 81.20761 87.96981 229.0638 81.72586 88.23297 228.3212 81.72586 88.23297 228.3212 81.72586 88.23297 228.3212 81.72586 88.23297 228.3212 -7.02141 38.41867 258.2621 -6.03886 38.48559 259.1653 -5.76051 39.2712 260.1716 -6.34942 40.31532 260.6916 -7.46062 41.0063 260.4207 -8.47582 40.94912 259.4992 -8.76769 40.16754 258.4853 -8.165261 39.11939 257.9729 -7.02141 38.41867 258.2621 -15.42343 27.59126 269.7309 -14.52481 27.73894 270.409 -14.3077 28.36676 271.3101 -14.89929 29.10694 271.9063 -15.95304 29.52591 271.8482 -16.87103 29.38092 271.1628 -17.09616 28.75423 270.2586 -16.49654 28.01293 269.6655 -15.42343 27.59126 269.7309 -18.92646 18.02766 276.0043 -18.03583 18.31669 277.5294 -19.58062 18.74634 278.3243 -20.48617 18.45817 276.7947 -18.92646 18.02766 276.0043 -19.49114 11.17257 275.6242 -18.81725 10.44297 276.6696 -20.0957 10.06541 277.2193 -20.77495 10.79597 276.1726 -19.49114 11.17257 275.6242 -20.07714 7.64082 271.2761 -19.70803 6.61018 271.1895 -20.69793 6.23295 271.4789 -21.06797 7.26404 271.5658 -20.07714 7.64082 271.2761 -22.78019 8.279761 266.7488 -22.69151 7.63965 266.3548 -23.19776 7.2956 266.7999 -23.28645 7.93571 267.1939 -22.78019 8.279761 266.7488 -23.47836 7.98533 266.2767 -23.47836 7.98533 266.2767 -23.47836 7.98533 266.2767 -23.47836 7.98533 266.2767 74.23855 -49.78991 338.2301 73.23165 -50.36909 338.6294 72.97345 -51.49504 338.9585 73.61521 -52.50821 339.0245 74.78102 -52.81508 338.7887 75.8218 -52.23165 338.3794 76.09402 -51.10394 338.0462 75.43822 -50.09253 337.9844 74.23855 -49.78991 338.2301 77.70734 -47.77761 354.9626 76.82184 -48.30993 355.1107 76.58876 -49.28738 355.3326 77.14466 -50.13739 355.4982 78.16386 -50.36203 355.5106 79.06826 -49.82665 355.3612 79.30918 -48.84793 355.1388 78.74546 -47.99919 354.9737 77.70734 -47.77761 354.9626 76.02636 -44.6248 366.4721 75.09888 -45.97951 366.576 76.1743 -46.60887 367.65 77.11404 -45.24972 367.5522 76.02636 -44.6248 366.4721 71.42613 -40.60154 369.6519 70.3962 -41.41568 369.8344 70.46746 -41.2012 371.1405 71.50039 -40.38424 370.961 71.42613 -40.60154 369.6519 69.31758 -35.87894 368.0041 68.34619 -35.72379 367.7775 68.27089 -35.07739 368.5492 69.2429 -35.2322 368.7765 69.31758 -35.87894 368.0041 72.02263 -32.46849 365.57 71.65519 -32.01748 365.1885 71.61476 -31.58843 365.7346 71.9822 -32.03943 366.1162 72.02263 -32.46849 365.57 72.34935 -31.69873 365.4201 72.34935 -31.69873 365.4201 72.34935 -31.69873 365.4201 72.34935 -31.69873 365.4201 41.60351 -71.95504 360.5859 41.70407 -70.88217 361.0928 41.03826 -70.2396 361.7997 39.9961 -70.40374 362.2926 39.18806 -71.27845 362.2827 39.07333 -72.38169 361.7677 39.73327 -73.03683 361.0574 40.78131 -72.86013 360.5679 41.60351 -71.95504 360.5859 48.38401 -78.10847 375.9081 48.39411 -77.14307 376.2111 47.79667 -76.57305 376.771 46.94166 -76.73234 377.2597 46.32994 -77.52761 377.3911 46.31367 -78.51049 377.0864 46.90856 -79.08774 376.5258 47.76612 -78.92122 376.0378 48.38401 -78.10847 375.9081 55.97979 -80.5586 385.7858 55.39935 -79.2267 386.4436 54.67609 -80.11392 387.5541 55.25565 -81.4594 386.8991 55.97979 -80.5586 385.7858 62.79287 -78.94652 387.6824 62.63259 -77.78063 388.1984 63.12764 -78.20965 389.3039 63.28971 -79.37992 388.7895 62.79287 -78.94652 387.6824 67.49372 -78.58261 384.4861 67.9517 -77.73464 384.3161 68.74282 -78.06945 384.7849 68.28504 -78.91822 384.9554 67.49372 -78.58261 384.4861 68.52515 -81.78773 380.5456 68.93904 -81.54578 380.0712 69.46912 -81.79051 380.4089 69.05524 -82.03247 380.8833 68.52515 -81.78773 380.5456 68.97803 -82.31488 380.1032 68.97803 -82.31488 380.1032 68.97803 -82.31488 380.1032 68.97803 -82.31488 380.1032</float_array>
          <technique_common>
            <accessor source="#Tree_0_Tree_0Mat_0-mesh-positions-array" count="1195" stride="3">
              <param name="X" type="float"/>
              <param name="Y" type="float"/>
              <param name="Z" type="float"/>
            </accessor>
          </technique_common>
        </source>
        <source id="Tree_0_Tree_0Mat_0-mesh-normals">
          <float_array id="Tree_0_Tree_0Mat_0-mesh-normals-array" count="4011">0.5216295 -0.8503778 0.06899607 0.52982 -0.8243443 0.1993668 0.5806374 -0.8112226 0.06912499 -0.2722156 -0.9394735 0.2080581 0.7778242 -0.6077303 0.1601674 0.7411018 -0.6628625 0.1066842 0.5268524 -0.8477008 0.06188702 0.6225989 -0.7771002 0.09212046 0.4757263 -0.8716614 0.1178597 0.9691027 -0.243032 -0.04213625 0.6782442 -0.7262712 0.1118704 0.9929255 0.01854664 0.117282 0.9454219 0.2780616 -0.1698799 0.9058107 0.413291 0.09326136 0.8147484 0.579432 0.02106553 0.9760969 0.1727529 -0.1318764 0.8761168 0.4820923 -0.002539694 0.9904254 0.1380284 -0.002377867 0.5091626 0.846537 -0.1553337 0.9633191 0.2680472 -0.0129199 0.5358502 0.8412469 0.07189059 -0.01712906 0.9982135 -0.05724078 0.1097731 0.9882959 0.1059298 -0.3091368 0.947755 0.07870829 0.198701 0.9702903 -0.1380389 -0.309611 0.9492667 0.05508077 0.1496228 0.9885029 -0.02179461 -0.2812575 0.9595127 -0.01515525 0.1363579 0.9898203 -0.04077225 -0.4013998 0.9111062 0.09361505 -0.9403269 0.3061695 0.1484774 -0.7603281 0.6262181 0.172488 -0.9776965 0.06172394 0.2007483 -0.9087068 0.401374 0.1146777 -0.9789345 -0.06959933 0.1919456 -0.9235258 0.370939 0.09749114 -0.9779996 0.07640492 0.1941108 -0.8927001 0.4466622 0.05983048 -0.9780492 0.1389639 0.1552705 -0.7103959 -0.6571229 0.2520461 -0.9335378 -0.2808488 0.2227807 -0.4657859 -0.849585 0.2474851 -0.7019581 -0.6718582 0.2363504 -0.2462256 -0.9419862 0.2281118 -0.5243517 -0.8325881 0.1784727 -0.602912 -0.7671632 0.2189928 -0.6433742 -0.7512947 0.147058 -0.5863449 -0.7889599 0.1836907 0.5216317 -0.8503757 0.06900411 -0.2722243 -0.9394677 0.2080734 0.4298385 -0.9023705 -0.03108775 0.4877521 -0.8717373 -0.04660737 0.5640739 -0.8211539 -0.08675849 0.9599309 -0.1879415 -0.2078717 0.9391683 0.2071946 -0.2739225 0.9504446 0.1785402 -0.2545161 0.5339593 0.8253136 -0.1836984 0.06747364 0.9942098 -0.08363151 0.1487576 0.9840797 -0.09725481 -0.3643571 0.930013 0.04816448 -0.8785046 0.4130433 0.2400525 -0.8600608 0.4700471 0.1983717 -0.9537021 0.04486662 0.2973877 -0.7066525 -0.6533785 0.271549 -0.6800922 -0.6865302 0.2571982 -0.5187333 -0.8236386 0.2292057 0.4298427 -0.9023683 -0.03109562 0.2849386 -0.9520524 -0.1113838 0.435944 -0.8861116 -0.1573507 0.609027 -0.7651913 -0.208731 0.9345561 -0.24264 -0.2602512 0.9508385 0.1474723 -0.27232 0.9329265 0.2419176 -0.266691 0.5941519 0.7976546 -0.1035891 0.1791321 0.983825 2.45862e-4 0.1043196 0.9933545 0.04862493 -0.3356609 0.9262297 0.1715528 -0.8039233 0.5137239 0.2996582 -0.8519226 0.4390099 0.2854788 -0.9448172 -0.008717775 0.327482 -0.7667239 -0.5907129 0.2513821 -0.6775704 -0.7121309 0.183761 -0.4836714 -0.8635731 0.1424914 0.2849418 -0.9520534 -0.1113665 -0.09459239 -0.955412 -0.2797143 0.2858788 -0.9049097 -0.3152965 0.5773638 -0.754374 -0.3123635 0.8715031 -0.4368591 -0.2227925 0.994845 -0.01217132 -0.100674 0.9601332 0.2788158 0.02015459 0.7899746 0.5921477 0.1590645 0.4646538 0.8334193 0.2991806 0.1597041 0.9182912 0.3622649 -0.2342271 0.8754805 0.4226955 -0.6275737 0.6698611 0.3967839 -0.8571095 0.393594 0.3323361 -0.9672996 0.09631115 0.2346395 -0.932509 -0.3542806 0.07008647 -0.7563417 -0.648576 -0.08541935 -0.4936866 -0.8506591 -0.1807009 -0.09461808 -0.955412 -0.279706 -0.09459912 -0.9554131 -0.279709 0.2858774 -0.9049179 -0.315274 0.303328 -0.9316228 0.2001783 0.5773528 -0.7543759 -0.3123793 0.7799255 -0.6137992 0.122339 0.8715084 -0.4368706 -0.2227494 0.994846 -0.01218402 -0.1006627 0.9782603 0.2072321 -0.007851064 0.9601349 0.2788077 0.02018296 0.7899739 0.5921451 0.1590775 0.6278102 0.7714192 -0.1037636 0.4646371 0.8334372 0.2991572 0.1596984 0.9182919 0.3622657 -0.201425 0.9620763 -0.1839488 -0.2342211 0.8755016 0.4226554 -0.6275683 0.6698588 0.3967962 -0.7826725 0.6207189 -0.04617196 -0.8571148 0.3935773 0.3323422 -0.9672977 0.09630787 0.234649 -0.9790372 -0.1947792 0.05956101 -0.9325126 -0.3542746 0.07007026 -0.7563343 -0.6485826 -0.08543568 -0.622636 -0.7615938 0.1797206 -0.4936866 -0.8506528 -0.1807304 -0.09460908 -0.9554058 -0.2797302 0.3033174 -0.9316288 0.2001659 0.2505581 -0.9015333 0.3527867 0.7751337 -0.5618039 0.28904 0.9729351 0.2183407 0.07566243 0.6173604 0.7713382 -0.1546079 -0.1832229 0.927449 -0.3259876 -0.7798307 0.5735461 -0.2508167 -0.9776102 -0.2067946 -0.0389142 -0.6199693 -0.7600214 0.1949506 0.2505454 -0.9015421 0.352773 0.2363117 -0.8723972 0.4278785 0.7683811 -0.5543699 0.3197885 0.9843463 0.1752484 -0.0187233 0.6348955 0.7262556 -0.2635538 -0.1668116 0.8942054 -0.4154163 -0.7712562 0.5641896 -0.2947102 -0.9854191 -0.1655749 0.03917044 -0.6370522 -0.7151855 0.2875312 0.236328 -0.8723888 0.4278866 0.1386873 -0.9008217 0.4114442 0.709858 -0.6607446 0.2439638 0.9955458 -0.005560934 -0.09411561 0.7062368 0.6215917 -0.3389003 -0.03769654 0.918895 -0.3926973 -0.698983 0.6929706 -0.1766763 -0.9929493 0.01766705 0.1172158 -0.6923954 -0.5941782 0.4093176 0.1386743 -0.900815 0.4114633 0.5156404 -0.8553698 0.04957425 0.9441227 0.1625534 -0.2867208 -0.3527832 0.9348407 -0.04021179 -0.9323034 -0.1463447 0.3307473 0.5156284 -0.8553777 0.04956144 0.3819308 -0.9065015 -0.1799551 0.9672904 0.1465343 -0.2070683 -0.2487077 0.9483922 0.1967151 -0.9630559 -0.1467764 0.2257875 0.3818941 -0.9065091 -0.1799947 0.3602436 -0.9103892 -0.2035096 0.9966638 0.063335 0.05147886 -0.235616 0.9421269 0.2384998 -0.9970896 -0.06796348 -0.03454279 0.3602112 -0.9104015 -0.2035119 0.271664 -0.9619002 0.03076845 0.9494004 -7.70627e-4 0.3140676 -0.145399 0.989373 -3.43502e-4 -0.9551451 -0.003461599 -0.2961179 0.2716332 -0.9619077 0.03080892 -0.2356164 -0.7089512 0.6647354 0.3024139 0.07298064 0.9503787 -0.172832 0.6685539 0.7233014 -0.8841629 0.09272146 0.4578852 -0.2355989 -0.7089133 0.664782 -0.1117312 -0.4666667 0.8773474 0.1723864 0.318728 0.9320384 -0.487248 0.5946638 0.6395033 -0.8190934 -0.1158719 0.561836 -0.09463077 -0.9554093 -0.2797109 0.2858847 -0.9049066 -0.3152997 0.2183853 -0.9106487 -0.3507519 0.5773621 -0.7543689 -0.3123793 0.7175992 -0.6430565 -0.267451 0.8715115 -0.4368547 -0.2227684 0.9948472 -0.01216268 -0.1006537 0.9929568 0.1129158 0.03587472 0.9601329 0.2788164 0.0201559 0.7899621 0.5921577 0.1590886 0.684229 0.6789601 0.2661654 0.464638 0.8334285 0.2991796 0.1596844 0.9183003 0.3622508 -0.1148014 0.9101332 0.3980932 -0.2342339 0.8754869 0.4226788 -0.6275665 0.6698572 0.396802 -0.7249549 0.6100881 0.3197388 -0.8571016 0.3936048 0.3323437 -0.9672926 0.09633445 0.2346589 -0.9914475 -0.1304485 0.003877341 -0.9325169 -0.3542619 0.07007783 -0.7563527 -0.648563 -0.08542162 -0.6786417 -0.7031028 -0.2123488 -0.4936711 -0.8506661 -0.1807106 -0.09458744 -0.9554129 -0.2797133 0.2184062 -0.9106449 -0.3507487 0.1785181 -0.9588072 -0.2209528 0.7287376 -0.6588338 -0.1867607 0.9927411 0.1188591 -0.01837873 0.6821954 0.7126546 0.1635025 -0.1066018 0.9674683 0.2294365 -0.7293004 0.6492046 0.215996 -0.9909107 -0.1262118 0.0465486 -0.6796277 -0.7210285 -0.134997 0.1785123 -0.9588093 -0.2209481 0.1880717 -0.972414 -0.1379863 0.7297058 -0.6594699 -0.1806354 0.9802122 0.1355459 -0.1442617 0.6710392 0.741392 0.006662189 -0.1158413 0.9835056 0.1389155 -0.7274615 0.6561685 0.2006059 -0.9772627 -0.1373519 0.1615308 -0.668429 -0.7436673 0.01271784 0.1880905 -0.9724087 -0.1379977 0.08985322 -0.9867151 -0.135351 0.6644735 -0.7148413 -0.2178921 0.9794397 0.01494842 -0.2011823 0.7254421 0.6870067 -0.04190087 0.0142337 0.9900918 0.1396986 -0.6526696 0.7064108 0.2738727 -0.9749112 -0.01683813 0.2219567 -0.7119245 -0.6954285 0.09768724 0.08985584 -0.9867176 -0.135331 0.5293892 -0.8176373 -0.2263104 0.9716555 0.2218168 -0.08174926 -0.3799133 0.8900638 0.2518976 -0.9665467 -0.2285058 0.1165021 0.5293865 -0.8176489 -0.2262746 0.4782769 -0.8736717 -0.08915829 0.9750777 0.2065651 0.08095943 -0.3592986 0.9280385 0.09822916 -0.9754901 -0.2096498 -0.06682896 0.4782857 -0.8736689 -0.08913815 0.4365434 -0.8923957 0.1142803 0.9678046 0.1917595 0.1630421 -0.3146975 0.9435256 -0.1035616 -0.9702821 -0.1927221 -0.1463246 0.4365669 -0.8923801 0.114312 0.4123873 -0.8835887 0.2218284 0.9887997 0.1473242 0.02389258 -0.2892316 0.9298218 -0.2275446 -0.9894444 -0.1445744 -0.009915173 0.4123953 -0.8835884 0.2218147 0.2267922 -0.5259471 0.8197226 0.6979723 0.2729715 0.6620584 0.09458214 0.8062624 0.583948 -0.5730776 0.1142378 0.8114997 0.2268295 -0.5259489 0.8197111 0.3962566 -0.2502955 0.8833646 0.5637196 0.4836778 0.6695341 -0.211391 0.7042848 0.6777144 -0.4099819 -0.08380138 0.9082358 -0.2947986 0.9498493 0.1043089 0.4955135 0.8612844 0.1124976 -0.6613329 0.5609366 0.4979848 0.7655832 0.6429389 0.02262592 0.9693219 0.2266736 -0.09504836 -0.6794015 -0.2389978 0.6937534 -0.3432785 -0.8090431 0.4770842 0.8932246 -0.4159885 -0.1705974 0.6217829 -0.7604152 -0.1874961 0.2770382 -0.960858 -0.001336395 0.6496503 -0.6142358 -0.4479607 0.5782296 -0.7924271 -0.1941909 0.966921 -0.2246615 -0.1207939 0.7071085 0.2578469 -0.6584167 0.3480949 0.8380624 -0.4200968 0.8755091 0.4822282 0.03065943 0.4955152 0.8612772 0.1125441 -0.2948114 0.9498445 0.104315 -0.4121199 0.9099625 0.04610538 -0.827026 0.5044029 0.2482052 -0.5259129 -0.008099019 0.8504999 0.04915899 -0.4523489 0.8904852 0.5911155 -0.6391969 0.491945 0.8823471 -0.4438694 -0.1563451 0.6409518 0.09329694 -0.7618901 0.0137133 0.5332717 -0.845833 -0.2691517 0.7573314 -0.5949845 0.4652761 0.7299956 0.5006242 -0.4121176 0.9099655 0.04606521 0.1248012 0.4107904 0.9031478 -0.8270083 0.5044302 0.2482091 -0.5259212 -0.008095681 0.8504948 -0.3299487 -0.306612 0.8928174 -0.5478675 -0.7479363 0.3747433 0.0491746 -0.4523617 0.8904779 0.5911396 -0.6391776 0.491941 -0.4776201 -0.7645927 -0.4327552 -0.06183314 -0.456763 -0.8874369 0.8823472 -0.4438633 -0.1563608 0.640973 0.09328025 -0.7618743 0.3736442 0.2784789 -0.8847822 0.5974904 0.7245019 -0.3436603 0.01370155 0.5333146 -0.8458061 -0.2691804 0.7573447 -0.5949544 0.4652548 0.7299971 0.5006418 0.8253977 0.4300233 0.365785 0.5656431 0.006882369 0.8246214 -0.1798428 -0.2617112 0.9482425 -0.7199059 -0.5000314 0.4813566 -0.8539509 -0.4476411 -0.2653028 -0.5364207 -0.1597418 -0.8286949 0.2262397 0.1935852 -0.9546415 0.7754065 0.3609495 -0.5181316 0.825396 0.4300222 0.3657901 0.7088012 -0.014265 0.7052641 -0.4070469 -0.1619635 0.8989332 -0.8154412 -0.0476219 -0.5768777 0.4227093 0.05165606 -0.904792 0.7087713 -0.01428538 0.7052937 0.7703943 0.1469767 0.6203956 -0.4240037 0.04484301 0.9045497 -0.832759 -0.2570744 -0.490332 0.4301129 -0.1688051 -0.8868528 0.7703939 0.1469959 0.6203915 0.774439 0.2518211 0.5803711 -0.2236043 -0.252488 0.9414091 -0.7707709 -0.4107549 -0.4870243 0.3106763 0.08622109 -0.9465972 0.7744063 0.2518005 0.5804234 0.993096 0.07050198 0.09375447 0.2929333 -0.8569478 0.4240644 -0.9664446 -0.2157275 -0.1394506 -0.2058948 0.7880349 -0.5801796 0.9930962 0.07049447 0.0937587 0.6483699 0.2773239 -0.7090191 0.1309918 -0.9008349 -0.4139297 -0.8681824 -0.4894996 -0.08154523 -0.5983849 0.7109234 -0.3694907 0.6483609 0.2772973 -0.7090377 0.5551552 -0.0592857 -0.8296313 -0.2452216 -0.9272187 -0.2830759 -0.999404 -0.03281646 0.01071584 -0.3256725 0.8169639 -0.475928 -0.1638075 -0.9195734 0.3571442 -0.7709246 -0.6324722 0.07519584 0.3692904 -0.8449676 0.3868519 -0.8548178 -0.5061367 0.1145093 -0.9689472 0.1149807 0.2189083 0.7836154 -0.1988006 0.5885791 0.6852041 0.5501473 0.4773188 -0.5284226 0.8198809 0.2203747 -0.4510974 0.8688545 0.2039686 0.1982423 0.9730313 0.1179413 -0.4209783 0.8728579 -0.2467722 -0.5355734 0.8190413 0.2057488 -0.9532924 0.2179305 0.2091411 -0.8607523 0.2221548 -0.4579878 -0.7514298 -0.5581297 -0.3519158 -0.8839088 -0.4539178 0.1125342 -0.7709066 -0.6324997 0.0751475 -0.5163 -0.8529509 -0.07687056 -0.3600445 -0.3006331 0.8831692 -0.1638118 -0.9195764 0.3571345 0.256111 -0.4059287 0.877285 0.369259 -0.8449777 0.3868598 0.7836344 -0.1988027 0.588553 0.9030635 -0.2743786 0.3304434 0.9604092 0.07955306 -0.2669934 0.6852014 0.5501459 0.4773246 0.1982477 0.9730278 0.1179609 0.4336027 0.2791394 -0.8567789 -0.244889 0.4708629 -0.8475362 -0.4209702 0.8728551 -0.2467958 -0.8607446 0.222156 -0.4580016 -0.8949105 0.3227135 -0.3082065 -0.9497171 -0.01929783 0.3125143 -0.7514128 -0.558138 -0.3519385 -0.5162969 -0.8529508 -0.07689338 -0.36008 -0.3006095 0.8831627 -0.381363 -0.05040782 0.9230501 0.2364386 -0.2496508 0.9390268 0.7972604 -0.4419819 0.4111302 0.8902976 -0.3281916 -0.3156905 0.472162 0.014853 -0.8813868 -0.1751255 0.3312488 -0.9271491 -0.7750665 0.4889672 -0.4002287 -0.8428375 0.415174 0.342426 -0.3813678 -0.05038267 0.9230495 0.06729006 -0.2118059 0.9749926 0.8391011 -0.5145433 0.1765066 0.1128671 0.1785457 -0.9774368 -0.7936472 0.5878033 -0.1568803 0.06726038 -0.2117891 0.9749982 0.02927577 -0.1588558 0.9868677 0.9089068 -0.3642814 0.2029475 0.1228715 0.1859182 -0.9748524 -0.8719973 0.4556687 -0.1788482 0.02926617 -0.158881 0.9868639 0.009422063 0.1699587 0.9854062 0.9479047 0.1808493 0.2622414 0.09919685 -0.05207055 -0.9937045 -0.9655556 -0.02162027 -0.2592973 0.009470045 0.169885 0.9854184 -0.4469465 0.6691738 0.5936709 0.669703 0.742397 0.01856732 0.5083119 -0.5540996 -0.6592364 -0.7545191 -0.6469193 -0.1104376 -0.4469448 0.6691423 0.5937079 -0.868915 0.4650042 -0.1695818 0.3565125 0.695048 -0.6243454 0.6826769 -0.3606758 -0.635504 -0.4504089 -0.8422201 -0.2963059 -0.8688977 0.4650155 -0.1696389 -0.6404868 0.6128615 -0.4627931 0.6196861 0.4150746 -0.6661099 0.4807012 -0.7552711 -0.4455245 -0.7062213 -0.6634351 -0.2471953 -0.09240686 0.9950797 0.03574275 0.03861403 0.9974657 -0.05975979 -0.5389853 0.7731996 0.3341516 0.744309 0.6406714 -0.1885322 0.9776313 -0.103206 -0.183264 -0.426667 0.1907211 0.8840705 -0.06118601 -0.4448772 0.8934991 0.8507821 -0.524887 -0.02575886 0.7983562 -0.6002966 0.04766041 0.3475471 -0.8268046 0.4422727 0.626174 -0.7384757 -0.2501197 0.9948842 -0.0937317 -0.03768134 0.941206 0.3285185 -0.07878434 0.5417422 -0.1481968 -0.8273773 0.1376594 0.5051724 -0.8519687 0.4015666 0.9096916 -0.1058562 0.03863704 0.9974624 -0.05980116 -0.03811526 0.822533 -0.5674387 0.7308457 0.4823923 0.4828688 -0.09244841 0.9950751 0.03576338 0.2234993 0.446029 0.8666639 -0.538973 0.7732108 0.3341457 -0.4266749 0.1907006 0.8840712 -0.5444594 0.06731712 0.8360817 -0.8645685 -0.3405397 0.3695321 -0.06120181 -0.4448801 0.8934965 0.3475166 -0.8268057 0.4422947 -0.7795084 -0.4679679 -0.4163807 -0.2002936 -0.4966015 -0.8445529 0.6261729 -0.7384746 -0.250126 0.5417348 -0.1481986 -0.8273817 0.5655825 -0.1081885 -0.8175646 0.8960383 0.2970461 -0.3299683 0.1376136 0.5052116 -0.851953 -0.03812277 0.822551 -0.5674123 0.7308601 0.4823752 0.4828643 0.8505589 0.2012045 0.4858667 0.3604014 0.2649755 0.8943706 -0.4332359 0.311644 0.845686 -0.9287606 0.1479142 0.33989 -0.9008927 -0.1714318 -0.3987523 -0.385433 -0.3491886 -0.8541128 0.430222 -0.3597131 -0.8279586 0.9281731 -0.2317619 -0.2911719 0.8505501 0.2012082 0.4858806 0.555622 0.3587198 0.7500696 -0.6035019 0.3512174 0.7158434 -0.693173 -0.3802949 -0.6122801 0.6027038 -0.4310913 -0.6714971 0.5556122 0.3586994 0.7500867 0.6695455 0.2185053 0.7099044 -0.466547 -0.06112766 0.8823816 -0.7294051 -0.3194567 -0.6049097 0.5153792 -0.0532521 -0.8553062 0.6695769 0.2185098 0.7098734 0.8958814 -0.3771279 0.2348855 -0.2627711 -0.5828982 0.768883 -0.9502726 0.2744255 -0.1472172 0.2794429 0.4912701 -0.824964 0.8959032 -0.3770719 0.2348925 0.5496051 -0.8029185 -0.2307729 -0.07813972 -0.6493331 0.7564793 -0.6008711 0.7264863 0.333424 -0.008924663 0.5854198 -0.8106813 0.5496048 -0.8029074 -0.2308126 0.1835016 -0.9062615 -0.3808116 -0.2205049 -0.6676944 0.7110288 -0.829442 0.2905834 0.4770609 -0.5344936 0.1589649 -0.8300884 0.1835369 -0.9062669 -0.3807818 0.1168067 -0.9892109 -0.08842027 -0.3882807 -0.3691807 0.8443599 -0.8801745 0.4725534 0.04456913 -0.3508762 -0.1802592 -0.9189084 0.04413127 -0.9984563 0.0337277 -0.56257 -0.7660658 0.3108989 0.5906734 -0.8041467 0.06673288 -0.8592563 -0.402693 0.3154633 -0.9564852 0.009538531 0.2916253 0.7887593 -0.1838694 0.5865585 0.4983926 0.4819297 0.7206586 -0.799194 0.5656864 0.2031942 -0.5572384 0.8257427 0.08737599 -0.04320406 0.8686954 0.4934591 -0.6120682 0.7901607 0.03191596 -0.6350516 0.7669052 0.09255278 -0.8445355 0.4979267 0.1970505 -0.8559458 0.1625773 -0.4908415 -0.5433654 -0.5235029 -0.6562765 -0.51293 -0.7887708 0.3387382 -0.5625365 -0.7661106 0.3108493 -0.2731634 -0.8424953 -0.4643097 -0.4456 -0.5733431 0.6875452 0.04409492 -0.9984589 0.03369718 0.1065006 -0.3885279 0.9152615 0.5906854 -0.8041369 0.0667448 0.7887668 -0.1838564 0.5865525 0.6945535 0.1611142 0.7011688 0.8337545 0.5423536 0.1034696 0.4984158 0.48191 0.7206556 -0.04320752 0.8686848 0.4934775 0.4906719 0.5984544 -0.6333194 -0.1390113 0.4504308 -0.8819229 -0.6120865 0.7901477 0.03189086 -0.8559373 0.1625927 -0.4908515 -0.7184019 -0.1256828 -0.6841802 -0.859875 -0.5070245 -0.05950844 -0.5433951 -0.5235054 -0.65625 -0.2731755 -0.8424865 -0.4643184 -0.4456168 -0.573328 0.687547 -0.738058 -0.1733471 0.6520898 -0.2561316 0.1159895 0.9596578 0.5505786 0.1585432 0.8195897 0.9561772 0.2212262 0.1917917 0.8068404 0.1683399 -0.5662775 0.273373 -0.02585947 -0.9615604 -0.5605542 -0.1114914 -0.8205783 -0.9682295 -0.1325787 -0.2120247 -0.7380561 -0.1733766 0.6520843 -0.4319311 0.2237892 0.8737013 0.6636634 -0.0795325 0.7437913 0.5817031 -0.2295652 -0.7803342 -0.6397988 0.1615788 -0.7513654 -0.43195 0.2237685 0.8736972 -0.5784928 0.09576433 0.8100466 0.6220971 -0.06144821 0.780525 0.6929928 -0.003461062 -0.7209363 -0.6051834 0.1818292 -0.7750427 -0.5784931 0.09576588 0.8100461 -0.8073298 0.3495656 0.4754183 0.3112347 0.7684354 0.5591422 0.8409939 -0.2149764 -0.4965022 -0.3966428 -0.6380457 -0.6599789 -0.8073603 0.3495562 0.4753735 -0.8628055 0.007889688 -0.5054747 0.1146692 0.9044615 -0.4108532 0.9374071 0.07340973 -0.3404099 0.1695497 -0.8597735 -0.4817079 -0.8628097 0.007919847 -0.5054668 -0.695192 0.2652934 -0.6680775 0.5124503 0.7351154 -0.4438471 0.8851835 -0.3881131 -0.2565509 -0.134818 -0.8814929 -0.4525422 -0.2903082 0.8196565 0.4938467 -0.01990783 0.9922215 0.122883 -0.7274061 0.5430454 0.4195023 0.4560217 0.8802657 0.1310595 0.9308293 0.3509994 0.1017659 -0.9106701 -0.2193894 0.3500693 -0.5254579 -0.8424481 0.1190605 0.9978339 -0.02551227 0.06063598 0.9295998 -0.3684827 0.008049964 0.1568515 -0.9724436 -0.1724849 0.7489423 -0.5795438 -0.3212703 0.6564847 -0.751834 -0.06142967 -0.359111 0.9282174 0.09722083 0.9480969 0.1972102 -0.2494403 0.5488986 0.8357599 -0.01469182 0.8895055 0.4443184 0.1065884 -0.01990503 0.9922216 0.1228834 0.1670141 0.9615111 0.2181808 -0.1029465 0.5231494 0.8460004 -0.2902932 0.8196461 0.4938729 -0.6653661 0.3118254 0.678272 -0.7274115 0.5430479 0.4194896 -0.9106729 -0.2193766 0.3500699 -0.9905777 -0.1342962 0.02684116 -0.6950082 -0.5205646 -0.4959598 -0.5254419 -0.8424566 0.1190709 0.1568343 -0.9724426 -0.1725065 0.02534705 -0.5413464 -0.8404176 0.6644979 -0.3625376 -0.6534593 0.7489419 -0.5795568 -0.3212476 0.9481045 0.197207 -0.249414 0.994759 0.1021489 -0.004513382 0.6973844 0.4804182 0.5318397 0.5488907 0.8357656 -0.01466667 0.1670258 0.9615157 0.2181512 -0.102939 0.5231133 0.8460237 0.004559218 0.512287 0.8588022 -0.5877038 0.3382448 0.7349795 -0.9858553 -0.06475609 0.1545838 -0.783284 -0.4342619 -0.4448402 -0.1078875 -0.5518493 -0.8269358 0.6019368 -0.395449 -0.6937524 0.9908105 0.02958327 -0.1319825 0.7891256 0.3735466 0.4875898 0.004520058 0.5122638 0.8588163 -0.3559689 0.257601 0.8982918 -0.8085172 -0.5320864 0.2513644 0.2683027 -0.4114645 -0.87104 0.8601252 0.4714772 -0.1946637 -0.3559911 0.2576016 0.8982827 0.3720176 0.09042358 0.9238109 -0.2341116 -0.8838517 0.4049666 -0.379177 -0.2217895 -0.8983509 0.3373029 0.8486592 -0.4074364 0.3719906 0.09046095 0.9238181 0.9993351 -0.03146219 0.01843219 0.124554 -0.9413841 0.3134999 -0.9936188 -0.1033665 0.04513448 -0.09312397 0.9131479 -0.3968486 0.9993354 -0.03146559 0.01840746 0.7049227 -0.2589744 -0.6603153 -0.05685037 -0.9965323 0.06075632 -0.9203545 -0.3618101 0.1484628 -0.4792709 0.5413504 -0.6908251 0.7049329 -0.259 -0.6602943 0.5073814 -0.6299089 -0.5880298 -0.3493418 -0.8944784 0.2790498 -0.997809 0.0631414 0.01976114 -0.1938553 0.4276498 -0.8829132 0.9855432 -0.1206296 0.1189676 0.8567936 -0.5131778 0.05053037 0.9132406 0.3925312 0.109137 0.8272739 -0.5589359 0.05664616 0.5864037 -0.8096845 0.02327513 0.3321519 0.8872495 0.3200991 -0.431148 0.8206347 0.3750606 -0.335582 -0.938885 -0.07667887 -0.8385209 -0.5346661 -0.1049522 -0.9325463 0.2856929 0.2207651 -0.916904 -0.3989874 -0.009809315 -0.7473245 -0.6559333 -0.1061025 -0.06742352 -0.9942784 -0.08285325 -0.3294512 -0.917741 -0.2218414 0.4554477 -0.8447513 -0.2810031 0.6524649 -0.7578141 -0.002718567 0.8567952 -0.5131771 0.0505107 0.8081988 -0.5699 -0.1484215 0.8064707 -0.1946125 0.5583289 0.9855417 -0.1206558 0.1189528 0.7691482 0.4209778 0.4808211 0.9132406 0.3925251 0.1091593 0.3321264 0.8872606 0.3200951 0.2412053 0.9673349 0.07799458 -0.372491 0.8934855 -0.250867 -0.4311642 0.8206236 0.3750658 -0.9325563 0.2856768 0.2207429 -0.7928181 0.2702168 -0.5462806 -0.8005828 -0.4053736 -0.4412932 -0.9169061 -0.3989827 -0.009808719 -0.3294579 -0.9177374 -0.2218458 -0.2588098 -0.9647681 -0.04733014 0.3552103 -0.8865935 0.296273 0.4554229 -0.8447657 -0.2810001 0.8082119 -0.5698851 -0.1484063 0.8064911 -0.1945978 0.5583043 0.7444633 -0.275121 0.6083444 0.7009012 0.3628574 0.614062 0.2768319 0.9303668 0.2403786 -0.3150008 0.9292377 -0.1931114 -0.7328411 0.3761643 -0.5669606 -0.7416324 -0.3689844 -0.5602071 -0.3010008 -0.9307526 -0.2076009 0.2715184 -0.9305852 0.2455385 0.7444761 -0.2751092 0.6083341 0.5141498 0.09675878 0.8522253 -0.2131067 0.8701198 0.4443842 -0.6006323 0.03704565 -0.7986668 0.1618483 -0.9062507 -0.3905315 0.5141878 0.09675139 0.8522031 0.04676425 -0.4699872 0.8814336 -0.6045681 0.5553336 0.5710535 -0.1410863 0.5471763 -0.8250412 0.5453795 -0.6115302 -0.5732296 0.04672318 -0.4700149 0.8814209 -0.5496539 -0.7838771 0.2888202 -0.7367449 0.4026858 0.5431862 0.4675558 0.8586571 -0.2099994 0.6814929 -0.4108927 -0.6055862 -0.5496433 -0.7838611 0.2888842 -0.7974926 -0.5292919 -0.2895783 -0.7559976 0.6021811 0.2566041 0.2209022 0.9655857 -0.1372827 0.3839126 -0.07452738 -0.9203569 -0.7975143 -0.5292494 -0.2895963 -0.9607032 -0.1919649 -0.2004966 -0.4572852 0.8370211 0.3004763 0.5248084 0.7508484 -0.4010024 0.08299875 -0.2931786 -0.9524482 -0.8670055 -0.4928914 0.0732091 -0.9962666 0.08436232 0.01832628 -0.3450108 -0.8999328 0.2666242 -0.8301009 0.5425265 0.1288312 -0.6924478 0.7012069 0.169779 0.4443346 -0.8265046 0.3456255 0.8956137 -0.3735459 0.241536 -0.1213138 0.9613403 0.2471997 0.2799961 0.9293217 0.240756 0.8984338 0.439107 -0.001444697 0.421653 0.8740864 -0.2412088 0.4944345 0.8456662 0.2009554 -0.7946971 0.5833266 0.1678893 -0.4565071 0.8322957 -0.31446 -0.9291934 0.3174289 -0.1893113 -0.9532661 0.2874517 0.09303414 -0.9962706 0.08432704 0.01827424 -0.8669971 -0.4929033 0.07322967 -0.8972838 -0.4400876 -0.0347104 -0.5036171 -0.8154278 0.2853902 0.2627313 -0.8114783 0.5219915 0.7979388 -0.3242967 0.5080606 0.9180377 0.3733905 0.1333658 0.473115 0.8509619 -0.2280929 -0.2822929 0.8325918 -0.476552 -0.8199374 0.3596544 -0.4453667 -0.8972899 -0.4400745 -0.03472179 -0.7459347 -0.568699 0.3466456 0.3006105 -0.4713235 0.8291488 0.8220451 0.533967 -0.1977906 -0.3341997 0.5235497 -0.7837131 -0.7459293 -0.5687149 0.346631 -0.8907015 -0.06952905 0.44924 0.2072368 -0.1749176 0.9625263 0.9430457 0.07296478 -0.3245627 -0.2182061 0.2547017 -0.9420792 -0.8906946 -0.06956231 0.4492485 -0.8690599 0.1451597 0.472931 0.2288491 -0.03206461 0.9729337 0.9301719 -0.08544719 -0.3570422 -0.2110084 0.1406457 -0.9673129 -0.8690595 0.145194 0.4729209 -0.8630754 0.4950289 0.1002356 0.1374762 0.6836708 0.7167249 0.8174928 0.5279086 -0.230257 -0.1977044 0.3836885 -0.9020512 -0.8630863 0.4950103 0.1002338 -0.7416353 0.6053019 0.2891138 0.4537724 0.7128417 0.5347404 0.6080269 0.442989 -0.6588355 -0.5149207 0.3588726 -0.7785031 0.9861804 -0.1211131 -0.113048 0.8870729 -0.4614951 0.01114112 0.840676 0.5378167 -0.06338071 0.9233735 -0.3800725 0.05409556 0.8349103 -0.5500411 0.01948368 0.1784285 0.9837343 0.02073937 -0.4517943 0.8857915 0.1060917 -0.8002096 -0.5687476 -0.190239 -0.8802211 -0.4454014 -0.1637938 -0.9667212 0.1990864 0.16067 -0.8819253 -0.4636201 0.08523058 -0.3904115 -0.8965371 -0.2092851 5.0877e-4 -0.978721 -0.205195 -0.1652867 -0.9862045 0.009007096 0.5155229 -0.8532469 -0.07877802 0.539112 -0.8317495 -0.1324808 0.887089 -0.461463 0.01117897 0.9861791 -0.1211254 -0.1130461 0.9497014 -0.2071144 -0.234885 0.892587 0.4135125 -0.1797108 0.3194664 0.9469767 0.03429734 -0.3801267 0.8922753 0.2436152 -0.9054662 0.3071553 0.2928938 -0.8714574 -0.4249364 0.2449305 -0.3043144 -0.9525264 0.009289026 0.4050439 -0.8971318 -0.1763349 0.9497053 -0.2070949 -0.2348867 0.9756228 0.1982315 -0.09415161 0.2065195 0.9007867 0.382012 -0.9758359 -0.06678092 0.2080494 -0.1814127 -0.931785 -0.3144299 0.9756259 0.1982262 -0.09413003 0.9345722 -0.2270539 0.2739006 0.2055321 0.6237125 0.7541481 -0.9402933 0.298691 -0.1631936 -0.2185704 -0.6839069 -0.6960593 0.9345591 -0.2271015 0.2739055 0.6785672 -0.511844 0.5268419 0.04830408 0.4271571 0.9028863 -0.7253848 0.5539505 -0.4086024 -0.1187866 -0.4974267 -0.8593348 0.6786041 -0.5118138 0.5268237 0.2283598 -0.9072557 0.3531842 -0.5248627 -0.0925855 0.8461366 -0.9560253 0.2430461 -0.1641474 -0.3021911 -0.5860446 -0.7518193 0.2283287 -0.907255 0.3532059 0.02803087 -0.8365054 0.5472413 -0.772084 0.0956372 0.6282834 -0.8162044 0.06108611 -0.5745249 -0.07983624 -0.7884554 -0.6098889 -0.8768365 -0.3150053 0.3632208 -0.9957475 0.03092056 -0.08678239 -0.3913998 -0.7295404 0.5608718 -0.9100504 0.3897708 -0.1410214 0.05567216 0.9827013 -0.1766323 0.4286373 -0.7306011 0.5315001 0.9101521 -0.3696492 0.187037 0.2844341 0.9479483 -0.1431475 0.1817929 0.9725006 -0.1455817 0.9114952 0.2511199 -0.3257534 0.4553135 0.7202304 -0.5234099 -0.3832679 0.9056956 -0.1811663 -0.8244496 0.5418505 -0.1633431 -0.4336819 0.750153 -0.4991899 -0.92834 0.3438875 -0.1411613 -0.9653161 0.2292773 -0.124887 -0.9957432 0.03089457 -0.08683967 -0.8768505 -0.3149732 0.363215 -0.8907386 -0.1372423 0.4333007 -0.5018031 -0.574913 0.646273 0.2537821 -0.8313735 0.4943813 0.7970005 -0.5955092 0.1007926 0.926714 0.05871719 -0.3711516 0.5403352 0.6023135 -0.5875852 -0.2368536 0.8573815 -0.4569438 -0.781571 0.622995 -0.03200483 -0.8907378 -0.1372234 0.4333083 -0.7393698 -0.5017834 0.4489385 0.387011 -0.8395254 0.3813394 0.8555847 0.4022171 -0.3258776 -0.3734024 0.8745741 -0.3093395 -0.739371 -0.5018057 0.4489117 -0.8670459 -0.2671269 0.4205648 0.1645126 -0.3750318 0.9122976 0.9053397 0.3275495 -0.2703174 -0.2146434 0.4878873 -0.8461055 -0.8670471 -0.2670863 0.4205881 -0.7868728 0.6167979 0.01979207 0.006710171 0.2367168 0.9715556 0.8033128 -0.5855908 0.1084992 0.02120637 -0.1427485 -0.9895319 -0.7868656 0.6168076 0.01977533 -0.108036 0.9783365 -0.1765953 0.4931958 0.4385969 0.7512593 0.880542 -0.3848941 0.276591 0.5178486 -0.0336638 -0.8548098 -0.1080211 0.9783363 -0.1766056 0.1678736 0.977315 0.1291272 0.6321451 0.1041603 0.7678173 0.8433048 -0.5238462 -0.1200935 0.397178 0.2838261 -0.8727499 0.6172137 0.7848441 0.05538088 0.9555135 0.2946525 0.01319015 -0.06851494 0.8257439 0.5598686 0.9878353 -0.1246435 0.09298139 0.692327 -0.6954917 0.1922882 -0.7372841 0.001740157 0.6755806 -0.6918932 -0.712737 0.1152813 0.2328898 -0.9496752 0.209474 -0.08078408 -0.9803893 0.1797525 0.0842337 -0.7757497 -0.6253936 0.7690644 -0.09523248 -0.6320371 0.8878539 -0.4331898 0.1551197 0.9555011 0.2946952 0.01312839 0.6172322 0.7848281 0.05540198 0.8194895 0.5698764 0.06064772 0.3192438 0.6229611 0.714145 -0.6516014 0.1698462 0.7393023 -0.8727592 -0.4757943 0.1091384 -0.1987484 -0.7070918 -0.6786165 0.6361964 -0.2484802 -0.730419 0.8194953 0.5698659 0.06066471 0.5349104 0.5607661 0.6319908 -0.887888 0.1319029 0.4407455 0.3139546 -0.6112948 -0.7264649 0.5348998 0.5607993 0.6319702 0.6252151 0.6970049 0.3511272 -0.812055 0.1217485 0.5707399 0.2959563 -0.6528816 -0.6972485 0.6251876 0.6970337 0.3511191 0.8780992 0.4496164 0.1636672 -0.03678089 -0.4522466 0.8911342 -0.7122934 -0.1155287 -0.6923087 0.8780912 0.4496026 0.1637483 0.6380475 0.2464012 -0.729508 0.1714155 -0.9784987 0.1147045 -0.8813406 -0.3416217 -0.3263948 0.638096 0.2463541 -0.7294815 0.725934 0.03413867 -0.6869165 -0.2781624 -0.9489457 0.1487544 -0.8274189 0.2096267 -0.5209938 0.01506823 -0.9844449 -0.1750462 -0.5283379 -0.8364694 0.1455268 0.7973964 -0.5745117 -0.1846499 -0.6790933 0.7178247 0.1534932 -0.4304183 0.8763113 0.2163763 0.8867913 0.4621281 -0.006238937 0.1463094 0.9765112 0.1581762 -0.5786947 0.8094652 0.09939044 -0.9792155 0.08737784 -0.1830363 -0.8133683 0.5351531 0.2281303 -0.9231083 -0.3821573 0.04274243 -0.8573749 -0.5071162 -0.08798682 -0.5283278 -0.8364639 0.1455953 0.01506203 -0.9844431 -0.1750574 -0.1596176 -0.8997012 -0.4062758 0.6282361 -0.669174 -0.3968949 0.9764518 0.1975997 0.08658224 0.3641673 0.7785516 0.5111162 -0.6718097 0.6250646 0.3974494 -0.9796828 -0.2001977 -0.01194095 -0.1596475 -0.899699 -0.406269 0.4122249 -0.815041 -0.4071595 0.8331459 0.3932456 0.3888777 -0.9715221 0.2345338 0.03374689 0.412239 -0.8150364 -0.4071545 0.3939302 -0.7071161 -0.5872017 0.8105549 0.5650286 -0.1540891 -0.669218 0.06842315 0.7399092 0.3939602 -0.7071157 -0.5871822 0.4231855 -0.6508163 -0.6303589 0.5040569 0.3126333 -0.8051007 0.8649967 0.2193022 0.4513173 0.4232096 -0.650765 -0.6303957 0.2093908 -0.5976126 -0.7739605 0.3875697 0.681644 -0.6206055 0.648942 -0.1943992 0.7355836 0.6611674 0.7346815 -0.1519896 0.6996313 -0.03430372 0.7136801 -0.3509437 0.9138667 -0.204172 0.6601281 -0.1761831 0.7301989 0.4177954 -0.6931666 0.5873391 -0.9912843 -0.127775 0.03207987 -0.3029572 -0.9319366 0.1992764 -0.2689861 -0.9114416 0.3113212 0.4151514 -0.7936965 0.4446294 0.8920248 -0.4336106 0.1275686 0.6611615 0.7346886 -0.1519806 0.6996865 -0.03433561 0.7136245 0.6482506 0.6118522 -0.4532197 -0.2888903 0.909379 -0.2992866 -0.9378134 0.05058056 0.3434352 -0.311441 -0.8279703 0.4663367 0.8336036 -0.5517528 -0.02596431 0.6482553 0.6118522 -0.453213 0.7014445 0.559394 -0.4416493 -0.1923782 0.9646487 -0.1801213 -0.8997219 0.128226 0.4172033 -0.3487181 -0.8190953 0.455498 0.7526963 -0.644075 -0.13644 0.7014409 0.5593713 -0.4416838 0.7755258 0.6045217 -0.1819708 -0.09706157 0.8845744 -0.456188 -0.8774217 0.2313709 -0.4202364 -0.4715665 -0.7696564 0.4304117 0.5832409 -0.4546322 0.6731566 0.7755136 0.6045388 -0.1819663 0.4174194 0.8898732 -0.1840833 -0.0755949 0.6369147 -0.7672191 -0.5587601 0.2901998 -0.7768986 -0.999602 -0.01706033 0.02246838 -0.4411685 0.547625 0.7109692 0.4174036 0.8898779 -0.1840972 0.1930704 0.8690096 -0.4555725 -0.1456758 0.3848597 -0.9114064 -0.7127506 0.03863793 -0.7003526 -0.9650632 0.1965966 0.1732132 -0.2307496 0.8701275 0.4354684 -0.02525478 -0.9749289 -0.2210789 -0.2203368 0.7793995 0.5865051 0.9018921 -0.134834 -0.4103784 -0.3974648 0.6864114 0.6089837 0.03379058 0.8383787 0.5440399 0.1927227 0.9608137 0.1992362 -0.9016166 0.1184515 0.416001 -0.398588 0.7121856 0.5778576 -0.220333 0.7793839 0.5865271 -0.02525365 -0.9749289 -0.221079 -0.5273939 -0.7192223 -0.4522997 0.7955502 -0.3725414 -0.4778209 0.6687704 0.5978357 0.4419713 -0.796497 0.335074 0.503307 -0.5274037 -0.7192289 -0.452278 -0.5143243 -0.816057 0.2636691 0.6948101 -0.7036516 -0.148706 0.9730378 0.06399548 0.2215899 -0.00136584 0.2389132 0.97104 -0.5143117 -0.8160553 0.2636991 -0.09848541 -0.9768881 0.1897113 0.8905287 -0.4352729 -0.132273 0.8340125 0.3014031 0.4621465 -0.1603082 0.01752674 0.9869115 0.09216159 0.9478522 -0.3050941 0.5577649 0.4405418 0.7034354 -0.9736457 0.02717882 -0.2264406 0.614021 -0.07309496 0.7858979 0.3397595 0.09951394 0.9352329 -0.2896389 -0.9124464 0.2890518 0.9725124 0.003526568 0.2328247 0.6110042 0.259264 0.747968 0.5578094 0.4405632 0.7033867 0.09213161 0.9478628 -0.3050705 0.003782629 0.9715555 0.2367821 -0.9230353 0.2640954 -0.279749 -0.9138151 -0.4023156 -0.05553597 -0.3464141 -0.2661258 0.8995413 0.003811001 0.9715539 0.2367879 -0.5136099 0.8557975 0.06177031 -0.9143745 -0.03526782 -0.4033304 -0.8196206 -0.5604804 0.1186755 -0.3431039 -0.007404983 0.9392682 -0.4121046 0.9099695 0.04610228 -0.8270081 0.5044288 0.2482123 -0.8060017 0.518448 -0.28561 -0.9035937 0.3403003 0.2602196 -0.5259246 -0.008107841 0.8504925 -0.4978117 -0.1317855 0.8572142 0.04915344 -0.4523587 0.8904806 0.1281712 -0.4261757 0.8955146 0.5911067 -0.6391929 0.4919608 0.7698801 -0.5013458 0.3948887 0.882331 -0.4438973 -0.1563569 0.9271598 -0.2988948 -0.2259129 0.6409571 0.09331434 -0.7618834 0.5087633 0.1663263 -0.8446868 0.01370543 0.5333089 -0.8458096 -0.1176672 0.464996 -0.8774585 -0.2691252 0.7573314 -0.5949965 -0.8060185 0.5184331 -0.2855893 -0.7819253 0.4259148 -0.4551808 -0.9717815 0.2136686 0.09993219 -0.6377553 -0.139426 0.7575148 0.03565633 -0.3445175 0.9381026 0.7352426 -0.3738568 0.5653755 0.9930002 -0.1051568 -0.0537852 0.6520875 0.1917899 -0.7334838 -0.03939038 0.4555861 -0.8893198 -0.7819258 0.4259323 -0.4551634 -0.9846165 -0.005861997 -0.1746316 -0.476278 -0.2134086 0.8530041 0.9304212 0.07054704 0.359638 0.4725543 0.2944426 -0.83066 -0.9846134 -0.005860686 -0.1746491 -0.8311329 -0.4844053 -0.2730749 -0.5704329 -3.19831e-4 0.8213443 0.7070303 0.6130014 0.3526154 0.5314339 0.08617693 -0.842705 -0.8311382 -0.4844132 -0.2730442 -0.6788067 -0.7254136 -0.1140029 -0.8023772 0.2664774 0.5340231 0.5475171 0.8317185 0.09202986 0.7578969 -0.2154325 -0.6157769 -0.6787739 -0.7254429 -0.1140118 -0.6224027 -0.7765215 -0.09812939 -0.9240114 0.3381083 -0.1785661 0.5392124 0.8411121 -0.0421949 0.9355784 -0.3484441 0.0572704 -0.6223714 -0.7765522 -0.09808462 -0.173608 -0.9191974 -0.3534634 -0.4697824 0.1904425 -0.8619955 0.4914672 0.7591629 -0.4267691 0.941886 -0.3246734 0.08624398 -0.1735653 -0.9191938 -0.3534939 -0.2819935 -0.7601168 -0.5854078 -0.2207827 0.5018963 -0.8362746 0.8215381 0.5528013 -0.1395926 0.765267 -0.6362734 0.09758496 -0.1637997 -0.9195728 0.3571492 0.3692858 -0.8449633 0.3868657 0.239962 -0.9324507 -0.2701003 0.6287631 -0.7644568 0.1423473 0.7836111 -0.1988074 0.5885825 0.7903201 -0.06700128 0.6090198 0.6852077 0.5501538 0.4773063 0.4893667 0.5504668 0.6763924 0.1982429 0.9730275 0.1179715 -0.2143495 0.8818042 0.4200903 -0.4209656 0.8728674 -0.2467602 -0.6557189 0.7502483 -0.08461934 -0.8607479 0.2221758 -0.4579858 -0.8112908 0.04200869 -0.5831319 -0.751411 -0.5581542 -0.3519169 -0.5185984 -0.5791953 -0.6289582 -0.5162981 -0.852954 -0.07684952 0.2399761 -0.9324511 -0.2700859 0.3330806 -0.7267476 -0.6007456 0.7447954 -0.6487889 -0.1560541 0.7686405 -0.2670045 0.581292 0.3165149 0.2045035 0.926281 -0.3028588 0.630288 0.7148522 -0.7935837 0.5826203 0.1754387 -0.7928867 0.2345421 -0.562424 -0.3493804 -0.2827726 -0.8932933 0.3330895 -0.7267387 -0.6007515 0.7805142 -0.5231813 -0.3421682 0.4940326 -0.4353733 0.7525835 -0.7861629 0.3826413 0.4853181 -0.5365927 0.3675591 -0.7595846 0.7805514 -0.523136 -0.3421525 0.7648655 -0.4793841 -0.4303156 0.1882662 -0.8074135 0.5591416 -0.8035029 0.3498815 0.4816286 -0.2307867 0.7618386 -0.6052599 0.7649013 -0.4793792 -0.4302576 0.6230882 -0.5093856 -0.5935381 -0.06683963 -0.9543506 0.291114 -0.6876895 0.3858321 0.6149933 0.01004081 0.9363058 -0.3510424 0.6231037 -0.5093782 -0.5935282 0.5581244 -0.5132981 -0.6519374 -0.07216221 -0.9626507 0.260953 -0.6454122 0.382842 0.6609653 -0.007923424 0.9476098 -0.3193321 0.5581087 -0.5133033 -0.6519467 0.369434 -0.4243288 -0.8267186 -0.2088772 -0.9768971 0.04519319 -0.9314721 -0.1104973 0.3466268 -0.3976079 0.6506239 -0.6469904 0.3694096 -0.4242959 -0.8267464 0.311286 -0.6733207 -0.6706268 -0.4516128 -0.8498389 0.2716982 -0.9456236 0.3065522 0.1087275 -0.1392467 0.4663274 -0.873584 -0.09242326 0.9950785 0.03573429 -0.5389927 0.7731989 0.3341415 -0.5834453 0.786576 -0.2022128 -0.6684645 0.6516447 0.3584893 -0.4266415 0.1906997 0.8840875 -0.3859247 0.05694532 0.9207712 -0.06119024 -0.4448648 0.893505 0.07610833 -0.4513101 0.8891158 0.3475452 -0.8268101 0.4422641 0.577409 -0.7528494 0.3159379 0.6261736 -0.7384831 -0.2500985 0.7076439 -0.6241717 -0.3311341 0.5417258 -0.1481837 -0.8273904 0.4061218 -0.02917087 -0.9133532 0.1376556 0.505169 -0.8519714 -0.05167829 0.4857165 -0.8725875 -0.03810977 0.8225504 -0.5674139 -0.5834559 0.7865667 -0.2022178 -0.6066787 0.7112965 -0.3549624 -0.7841525 0.5741245 0.2355551 -0.5331079 0.09786969 0.8403675 0.0109353 -0.3844529 0.9230799 0.5830651 -0.6691169 0.4607794 0.8289381 -0.5211356 -0.2031735 0.5564968 -0.06919646 -0.8279634 0.01703953 0.4490382 -0.8933501 -0.6066758 0.7113034 -0.3549535 -0.9226131 0.3828031 -0.0474025 -0.4233108 -0.08915758 0.9015869 0.9145839 -0.3250855 0.2405323 0.4467735 0.148626 -0.8822153 -0.922611 0.3828077 -0.04740506 -0.9753153 -0.07963216 -0.2059583 -0.4445497 0.06948953 0.8930547 0.9259142 0.2024392 0.3189064 0.4414072 -7.89737e-4 -0.8973067 -0.9753105 -0.07964074 -0.2059782 -0.8930907 -0.4450096 -0.06599789 -0.6139172 0.4658048 0.6372846 0.7980526 0.5995767 0.06016707 0.5839949 -0.3995093 -0.7066417 -0.8930813 -0.4450189 -0.06606137 -0.8466359 -0.5284392 -0.06292641 -0.7704387 0.6322004 -0.08213973 0.7801846 0.624044 -0.04337269 0.768903 -0.6388471 -0.02574342 -0.8466293 -0.528453 -0.06289941 -0.4643397 -0.8106912 -0.3566067 -0.4156732 0.3519369 -0.8386633 0.696012 0.57661 -0.4278882 0.7949051 -0.6050834 0.04472267 -0.464369 -0.810678 -0.3565989 -0.5203438 -0.6230884 -0.5839548 -0.06975656 0.5608626 -0.824965 0.950412 0.2681201 -0.157571 0.5300893 -0.845007 0.07048898 0.04413813 -0.9984565 0.03371423 0.5906608 -0.804154 0.06675523 0.3879362 -0.8141971 -0.4319593 0.7474012 -0.6643723 0.001027643 0.7887593 -0.1838787 0.5865555 0.8063647 -0.03802835 0.5901948 0.4984276 0.4819138 0.7206448 0.395659 0.4888539 0.7774804 -0.04317408 0.8686931 0.4934656 -0.3279551 0.7815988 0.5306119 -0.612062 0.7901646 0.03193771 -0.7658377 0.6416832 0.04165887 -0.8559491 0.1626208 -0.4908217 -0.8201376 0.01154839 -0.5720497 -0.5433787 -0.5235053 -0.6562635 -0.4080536 -0.5178585 -0.7518742 -0.2731633 -0.8425045 -0.464293 0.3879173 -0.8142114 -0.4319489 0.3629758 -0.6762062 -0.641088 0.812537 -0.5254365 -0.252389 0.8863675 -0.09383487 0.4533738 0.4397392 0.3456978 0.8289285 -0.29311 0.6158218 0.7313345 -0.8339134 0.4712808 0.2871981 -0.8981403 0.0665245 -0.4346477 -0.4417384 -0.407788 -0.7991096 0.3629794 -0.6762241 -0.6410671 0.8088726 -0.1441878 -0.5700307 0.789985 -0.0849685 0.60721 -0.7059095 -0.0072757 0.7082647 -0.8009659 0.01545178 -0.5985105 0.8088725 -0.1441758 -0.5700339 0.804097 0.3458052 -0.4835771 0.7913759 -0.4704181 0.3904238 -0.7284824 -0.5055674 0.4622933 -0.7970961 0.4059884 -0.4470027 0.8041424 0.3457494 -0.4835416 0.7788997 0.4687531 -0.4166362 0.6530607 -0.6928545 -0.3057198 -0.7579508 -0.5759825 0.3061941 -0.6864349 0.6931822 0.2197855 0.7789158 0.4687495 -0.4166104 0.3359582 0.7470757 -0.573594 0.1022216 -0.4507375 -0.8867844 -0.8009226 -0.5869568 -0.1183428 -0.7209773 0.6471709 0.2477126 0.335931 0.7470681 -0.5736199 0.3107904 0.5290366 -0.7896389 -0.209645 -0.64366 -0.7360372 -0.9512871 -0.2460933 0.1857173 -0.4659923 0.8728726 0.1447231 -0.2902872 0.8196696 0.4938373 -0.7274024 0.5430395 0.4195163 -0.4498894 0.8917174 0.0493952 -0.8461553 0.4966636 0.1932523 -0.910674 -0.2194007 0.3500518 -0.8959316 -0.3649329 0.2532404 -0.5254613 -0.8424471 0.1190529 -0.438044 -0.8779351 0.1932551 0.1568436 -0.9724421 -0.1725012 0.3698109 -0.9278893 0.04755562 0.7489472 -0.5795422 -0.3212617 0.8537117 -0.5000982 -0.1451836 0.948107 0.1971877 -0.2494202 0.8994877 0.3769052 -0.2210531 0.5489057 0.8357555 -0.01467245 0.4398788 0.8858672 -0.1474656 0.1670181 0.9615122 0.2181728 -0.449889 0.8917181 0.04938608 -0.3634996 0.9080176 -0.20826 -0.8523755 0.4872866 -0.1897572 -0.9612206 -0.2737128 0.0337103 -0.5347339 -0.8236151 0.1889919 0.2642191 -0.92455 0.2745825 0.8398159 -0.478501 0.25641 0.9590325 0.2832691 0.003921926 0.505235 0.8518463 -0.1381871 -0.3635145 0.9080067 -0.2082813 -0.4461748 0.3831893 -0.8087609 -0.7973348 -0.5807598 -0.1642416 0.2223381 -0.4128123 0.883262 0.7616769 0.6130617 0.2097706 -0.4461491 0.3832008 -0.8087696 0.1658064 -0.1476645 -0.9750403 -0.8198102 -0.4938834 -0.2898109 -0.3438324 0.2077822 0.9157543 0.7836763 0.553771 0.2814058 0.165755 -0.1476737 -0.9750475 0.2152617 -0.5954426 -0.7740224 -0.7776571 -0.02542841 -0.6281743 -0.2752283 0.7160912 0.6414537 0.8050171 0.09042781 0.5863193 0.2146868 -0.5957169 -0.773971 0.5580055 -0.5150789 -0.6506333 -0.1503983 0.4644073 -0.8727578 0.04956626 0.9714688 0.2319301 0.8562862 -0.003578066 0.5164893 0.5579831 -0.5151029 -0.6506335 0.4363566 -0.3468649 -0.8302275 -0.1484688 0.772276 -0.6176949 0.3506764 0.7547414 0.5544291 0.8939247 -0.3179175 0.3159545 0.9855402 -0.1206406 0.1189801 0.9132481 0.3925221 0.1091076 0.9421066 0.02927482 -0.3340334 0.8405804 0.5363438 -0.07589536 0.3321487 0.8872513 0.3200978 0.1779026 0.9311996 0.3181476 -0.4311532 0.8206239 0.3750776 -0.4626751 0.7402631 0.4877932 -0.9325407 0.2856975 0.2207826 -0.9017075 0.04800266 0.4296734 -0.916901 -0.3989945 -0.009809315 -0.8297687 -0.5452638 0.1190431 -0.3294478 -0.9177386 -0.2218562 -0.158373 -0.9422963 -0.2949505 0.4554471 -0.844748 -0.2810139 0.4852331 -0.7487856 -0.4515187 0.8081842 -0.5699177 -0.1484325 0.9421073 0.02928107 -0.3340308 0.835378 -0.02900689 -0.54891 0.7353174 0.5775994 -0.3545242 0.2393702 0.960534 0.1416909 -0.3566011 0.7831431 0.5094336 -0.7834632 0.1158825 0.610538 -0.7028164 -0.5831821 0.4073669 -0.2193348 -0.9689286 -0.1143224 0.4053112 -0.7810433 -0.4750727 0.8353783 -0.02898538 -0.5489107 0.2909215 0.4133326 -0.8628562 -0.1430739 0.9839042 0.1070628 -0.1952641 -0.2269513 0.9541305 0.1963756 -0.9775287 -0.076644 0.2909058 0.4133358 -0.86286 -0.4776467 0.1251487 -0.8695927 -0.1235901 0.9917948 -0.03269124 0.5875279 0.02283459 0.8088817 0.1831318 -0.9830502 0.00867486 -0.477632 0.125187 -0.8695953 -0.8354344 0.2096053 -0.5080503 0.1208815 0.8580378 -0.4991582 0.9230036 -0.1653079 0.3474736 -0.09185218 -0.8941227 0.4383012 -0.8355156 0.2089797 -0.5081743 -0.8758284 -0.1535747 -0.4575363 0.195674 0.171289 -0.965594 0.8736234 -0.4623975 -0.1515613 -0.216789 -0.8904553 0.4001147 -0.8758156 -0.1536225 -0.4575448 -0.7351717 -0.06536781 -0.6747218 0.5345897 -0.008064508 -0.8450733 0.654617 -0.7292353 0.1992298 -0.5608986 -0.759119 0.3303501</float_array>
          <technique_common>
            <accessor source="#Tree_0_Tree_0Mat_0-mesh-normals-array" count="1337" stride="3">
              <param name="X" type="float"/>
              <param name="Y" type="float"/>
              <param name="Z" type="float"/>
            </accessor>
          </technique_common>
        </source>
        <source id="Tree_0_Tree_0Mat_0-mesh-map-0">
          <float_array id="Tree_0_Tree_0Mat_0-mesh-map-0-array" count="10974">4.9e-4 -0.409 0.03167998 0 0.06286996 -0.409 4.9e-4 0 0.03167998 0 4.9e-4 -0.409 0.03167998 0 0.06286996 0 0.06286996 -0.409 0.06286996 -0.409 0.09406 0 0.12524 -0.409 0.06286996 0 0.09406 0 0.06286996 -0.409 0.09406 0 0.12524 0 0.12524 -0.409 0.12524 -0.409 0.15643 0 0.18762 -0.409 0.12524 0 0.15643 0 0.12524 -0.409 0.15643 0 0.18762 0 0.18762 -0.409 0.18762 -0.409 0.21881 0 0.25 -0.409 0.18762 0 0.21881 0 0.18762 -0.409 0.21881 0 0.25 0 0.25 -0.409 0.25 -0.409 0.28119 0 0.31238 -0.409 0.25 0 0.28119 0 0.25 -0.409 0.28119 0 0.31238 0 0.31238 -0.409 0.31238 -0.409 0.34357 0 0.37476 -0.409 0.31238 0 0.34357 0 0.31238 -0.409 0.34357 0 0.37476 0 0.37476 -0.409 0.37476 -0.409 0.40595 0 0.43714 -0.409 0.37476 0 0.40595 0 0.37476 -0.409 0.40595 0 0.43714 0 0.43714 -0.409 0.43714 -0.409 0.46832 0 0.49951 -0.409 0.43714 0 0.46832 0 0.43714 -0.409 0.46832 0 0.49951 0 0.49951 -0.409 0.49951 -0.409 0.5307 0 0.56189 -0.409 0.49951 0 0.5307 0 0.49951 -0.409 0.5307 0 0.56189 0 0.56189 -0.409 0.56189 -0.409 0.59308 0 0.62427 -0.409 0.56189 0 0.59308 0 0.56189 -0.409 0.59308 0 0.62427 0 0.62427 -0.409 0.62427 -0.409 0.65546 0 0.68665 -0.409 0.62427 0 0.65546 0 0.62427 -0.409 0.65546 0 0.68665 0 0.68665 -0.409 0.68665 -0.409 0.71784 0 0.74903 -0.409 0.68665 0 0.71784 0 0.68665 -0.409 0.71784 0 0.74903 0 0.74903 -0.409 0.74903 -0.409 0.78022 0 0.8114 -0.409 0.74903 0 0.78022 0 0.74903 -0.409 0.78022 0 0.8114 0 0.8114 -0.409 0.8114 -0.409 0.84259 0 0.87378 -0.409 0.8114 0 0.84259 0 0.8114 -0.409 0.84259 0 0.87378 0 0.87378 -0.409 0.87378 -0.409 0.90497 0 0.93616 -0.409 0.87378 0 0.90497 0 0.87378 -0.409 0.90497 0 0.93616 0 0.93616 -0.409 0.93616 -0.409 0.96735 0 0.99854 -0.409 0.93616 0 0.96735 0 0.93616 -0.409 0.96735 0 0.99854 0 0.99854 -0.409 4.9e-4 -0.7987601 4.9e-4 -0.409 0.06286996 -0.7987601 4.9e-4 -0.409 0.06286996 -0.409 0.06286996 -0.7987601 0.06286996 -0.409 0.12524 -0.409 0.06286996 -0.7987601 0.06286996 -0.7987601 0.12524 -0.409 0.12524 -0.7987601 0.12524 -0.7987601 0.12524 -0.409 0.18762 -0.7987601 0.12524 -0.409 0.18762 -0.409 0.18762 -0.7987601 0.18762 -0.409 0.25 -0.409 0.18762 -0.7987601 0.18762 -0.7987601 0.25 -0.409 0.25 -0.7987601 0.25 -0.7987601 0.25 -0.409 0.31238 -0.7987601 0.25 -0.409 0.31238 -0.409 0.31238 -0.7987601 0.31238 -0.409 0.37476 -0.409 0.31238 -0.7987601 0.31238 -0.7987601 0.37476 -0.409 0.37476 -0.7987601 0.37476 -0.7987601 0.37476 -0.409 0.43714 -0.7987601 0.37476 -0.409 0.43714 -0.409 0.43714 -0.7987601 0.43714 -0.409 0.49951 -0.409 0.43714 -0.7987601 0.43714 -0.7987601 0.49951 -0.409 0.49951 -0.7987601 0.49951 -0.7987601 0.49951 -0.409 0.56189 -0.7987601 0.49951 -0.409 0.56189 -0.409 0.56189 -0.7987601 0.56189 -0.409 0.62427 -0.409 0.56189 -0.7987601 0.56189 -0.7987601 0.62427 -0.409 0.62427 -0.7987601 0.62427 -0.7987601 0.62427 -0.409 0.68665 -0.7987601 0.62427 -0.409 0.68665 -0.409 0.68665 -0.7987601 0.68665 -0.409 0.74903 -0.409 0.68665 -0.7987601 0.68665 -0.7987601 0.74903 -0.409 0.74903 -0.7987601 0.74903 -0.7987601 0.74903 -0.409 0.8114 -0.7987601 0.74903 -0.409 0.8114 -0.409 0.8114 -0.7987601 0.8114 -0.409 0.87378 -0.409 0.8114 -0.7987601 0.8114 -0.7987601 0.87378 -0.409 0.87378 -0.7987601 0.87378 -0.7987601 0.87378 -0.409 0.93616 -0.7987601 0.87378 -0.409 0.93616 -0.409 0.93616 -0.7987601 0.93616 -0.409 0.99854 -0.409 0.93616 -0.7987601 0.93616 -0.7987601 0.99854 -0.409 0.99854 -0.7987601 4.9e-4 -1.33228 4.9e-4 -0.7987601 0.06286996 -1.33228 4.9e-4 -0.7987601 0.06286996 -0.7987601 0.06286996 -1.33228 0.06286996 -0.7987601 0.12524 -0.7987601 0.06286996 -1.33228 0.06286996 -1.33228 0.12524 -0.7987601 0.12524 -1.33228 0.12524 -1.33228 0.12524 -0.7987601 0.18762 -1.33228 0.12524 -0.7987601 0.18762 -0.7987601 0.18762 -1.33228 0.18762 -0.7987601 0.25 -0.7987601 0.18762 -1.33228 0.18762 -1.33228 0.25 -0.7987601 0.25 -1.33228 0.25 -1.33228 0.25 -0.7987601 0.31238 -1.33228 0.25 -0.7987601 0.31238 -0.7987601 0.31238 -1.33228 0.31238 -0.7987601 0.37476 -0.7987601 0.31238 -1.33228 0.31238 -1.33228 0.37476 -0.7987601 0.37476 -1.33228 0.37476 -1.33228 0.37476 -0.7987601 0.43714 -1.33228 0.37476 -0.7987601 0.43714 -0.7987601 0.43714 -1.33228 0.43714 -0.7987601 0.49951 -0.7987601 0.43714 -1.33228 0.43714 -1.33228 0.49951 -0.7987601 0.49951 -1.33228 0.49951 -1.33228 0.49951 -0.7987601 0.56189 -1.33228 0.49951 -0.7987601 0.56189 -0.7987601 0.56189 -1.33228 0.56189 -0.7987601 0.62427 -0.7987601 0.56189 -1.33228 0.56189 -1.33228 0.62427 -0.7987601 0.62427 -1.33228 0.62427 -1.33228 0.62427 -0.7987601 0.68665 -1.33228 0.62427 -0.7987601 0.68665 -0.7987601 0.68665 -1.33228 0.68665 -0.7987601 0.74903 -0.7987601 0.68665 -1.33228 0.68665 -1.33228 0.74903 -0.7987601 0.74903 -1.33228 0.74903 -1.33228 0.74903 -0.7987601 0.8114 -1.33228 0.74903 -0.7987601 0.8114 -0.7987601 0.8114 -1.33228 0.8114 -0.7987601 0.87378 -0.7987601 0.8114 -1.33228 0.8114 -1.33228 0.87378 -0.7987601 0.87378 -1.33228 0.87378 -1.33228 0.87378 -0.7987601 0.93616 -1.33228 0.87378 -0.7987601 0.93616 -0.7987601 0.93616 -1.33228 0.93616 -0.7987601 0.99854 -0.7987601 0.93616 -1.33228 0.93616 -1.33228 0.99854 -0.7987601 0.99854 -1.33228 4.9e-4 -1.85099 4.9e-4 -1.33228 0.06286996 -1.85099 4.9e-4 -1.33228 0.06286996 -1.33228 0.06286996 -1.85099 0.06286996 -1.33228 0.12524 -1.33228 0.06286996 -1.85099 0.06286996 -1.85099 0.12524 -1.33228 0.12524 -1.85099 0.12524 -1.85099 0.12524 -1.33228 0.18762 -1.85099 0.12524 -1.33228 0.18762 -1.33228 0.18762 -1.85099 0.18762 -1.33228 0.25 -1.33228 0.18762 -1.85099 0.18762 -1.85099 0.25 -1.33228 0.25 -1.85099 0.25 -1.85099 0.25 -1.33228 0.31238 -1.85099 0.25 -1.33228 0.31238 -1.33228 0.31238 -1.85099 0.31238 -1.33228 0.37476 -1.33228 0.31238 -1.85099 0.31238 -1.85099 0.37476 -1.33228 0.37476 -1.85099 0.37476 -1.85099 0.37476 -1.33228 0.43714 -1.85099 0.37476 -1.33228 0.43714 -1.33228 0.43714 -1.85099 0.43714 -1.33228 0.49951 -1.33228 0.43714 -1.85099 0.43714 -1.85099 0.49951 -1.33228 0.49951 -1.85099 0.49951 -1.85099 0.49951 -1.33228 0.56189 -1.85099 0.49951 -1.33228 0.56189 -1.33228 0.56189 -1.85099 0.56189 -1.33228 0.62427 -1.33228 0.56189 -1.85099 0.56189 -1.85099 0.62427 -1.33228 0.62427 -1.85099 0.62427 -1.85099 0.62427 -1.33228 0.68665 -1.85099 0.62427 -1.33228 0.68665 -1.33228 0.68665 -1.85099 0.68665 -1.33228 0.74903 -1.33228 0.68665 -1.85099 0.68665 -1.85099 0.74903 -1.33228 0.74903 -1.85099 0.74903 -1.85099 0.74903 -1.33228 0.8114 -1.85099 0.74903 -1.33228 0.8114 -1.33228 0.8114 -1.85099 0.8114 -1.33228 0.87378 -1.33228 0.8114 -1.85099 0.8114 -1.85099 0.87378 -1.33228 0.87378 -1.85099 0.87378 -1.85099 0.87378 -1.33228 0.93616 -1.85099 0.87378 -1.33228 0.93616 -1.33228 0.93616 -1.85099 0.93616 -1.33228 0.99854 -1.33228 0.93616 -1.85099 0.93616 -1.85099 0.99854 -1.33228 0.99854 -1.85099 4.9e-4 -1.85099 0.06286996 -1.85099 4.9e-4 -2.41883 0.06286996 -1.85099 0.12524 -1.85099 0.12524 -2.41883 0.06286996 -1.85099 0.12524 -2.41883 4.9e-4 -2.41883 0.12524 -1.85099 0.18762 -1.85099 0.12524 -2.41883 0.18762 -1.85099 0.25 -1.85099 0.25 -2.41883 0.18762 -1.85099 0.25 -2.41883 0.12524 -2.41883 0.25 -1.85099 0.31238 -1.85099 0.25 -2.41883 0.31238 -1.85099 0.37476 -1.85099 0.37476 -2.41883 0.31238 -1.85099 0.37476 -2.41883 0.25 -2.41883 0.37476 -1.85099 0.43714 -1.85099 0.37476 -2.41883 0.43714 -1.85099 0.49951 -1.85099 0.49951 -2.41883 0.43714 -1.85099 0.49951 -2.41883 0.37476 -2.41883 0.49951 -1.85099 0.56189 -1.85099 0.49951 -2.41883 0.56189 -1.85099 0.62427 -1.85099 0.62427 -2.41883 0.56189 -1.85099 0.62427 -2.41883 0.49951 -2.41883 0.62427 -1.85099 0.68665 -1.85099 0.62427 -2.41883 0.68665 -1.85099 0.74903 -1.85099 0.74903 -2.41883 0.68665 -1.85099 0.74903 -2.41883 0.62427 -2.41883 0.74903 -1.85099 0.8114 -1.85099 0.74903 -2.41883 0.8114 -1.85099 0.87378 -1.85099 0.87378 -2.41883 0.8114 -1.85099 0.87378 -2.41883 0.74903 -2.41883 0.87378 -1.85099 0.93616 -1.85099 0.87378 -2.41883 0.93616 -1.85099 0.99854 -1.85099 0.99854 -2.41883 0.93616 -1.85099 0.99854 -2.41883 0.87378 -2.41883 4.9e-4 -3.09442 4.9e-4 -2.41883 0.12524 -3.09442 4.9e-4 -2.41883 0.12524 -2.41883 0.12524 -3.09442 0.12524 -2.41883 0.25 -2.41883 0.12524 -3.09442 0.12524 -3.09442 0.25 -2.41883 0.25 -3.09442 0.25 -3.09442 0.25 -2.41883 0.37476 -3.09442 0.25 -2.41883 0.37476 -2.41883 0.37476 -3.09442 0.37476 -2.41883 0.49951 -2.41883 0.37476 -3.09442 0.37476 -3.09442 0.49951 -2.41883 0.49951 -3.09442 0.49951 -3.09442 0.49951 -2.41883 0.62427 -3.09442 0.49951 -2.41883 0.62427 -2.41883 0.62427 -3.09442 0.62427 -2.41883 0.74903 -2.41883 0.62427 -3.09442 0.62427 -3.09442 0.74903 -2.41883 0.74903 -3.09442 0.74903 -3.09442 0.74903 -2.41883 0.87378 -3.09442 0.74903 -2.41883 0.87378 -2.41883 0.87378 -3.09442 0.87378 -2.41883 0.99854 -2.41883 0.87378 -3.09442 0.87378 -3.09442 0.99854 -2.41883 0.99854 -3.09442 4.9e-4 -3.69329 4.9e-4 -3.09442 0.12524 -3.69329 4.9e-4 -3.09442 0.12524 -3.09442 0.12524 -3.69329 0.12524 -3.09442 0.25 -3.09442 0.12524 -3.69329 0.12524 -3.69329 0.25 -3.09442 0.25 -3.69329 0.25 -3.69329 0.25 -3.09442 0.37476 -3.69329 0.25 -3.09442 0.37476 -3.09442 0.37476 -3.69329 0.37476 -3.09442 0.49951 -3.09442 0.37476 -3.69329 0.37476 -3.69329 0.49951 -3.09442 0.49951 -3.69329 0.49951 -3.69329 0.49951 -3.09442 0.62427 -3.69329 0.49951 -3.09442 0.62427 -3.09442 0.62427 -3.69329 0.62427 -3.09442 0.74903 -3.09442 0.62427 -3.69329 0.62427 -3.69329 0.74903 -3.09442 0.74903 -3.69329 0.74903 -3.69329 0.74903 -3.09442 0.87378 -3.69329 0.74903 -3.09442 0.87378 -3.09442 0.87378 -3.69329 0.87378 -3.09442 0.99854 -3.09442 0.87378 -3.69329 0.87378 -3.69329 0.99854 -3.09442 0.99854 -3.69329 4.9e-4 -4.52686 4.9e-4 -3.69329 0.12524 -4.52686 4.9e-4 -3.69329 0.12524 -3.69329 0.12524 -4.52686 0.12524 -3.69329 0.25 -3.69329 0.12524 -4.52686 0.12524 -4.52686 0.25 -3.69329 0.25 -4.52686 0.25 -4.52686 0.25 -3.69329 0.37476 -4.52686 0.25 -3.69329 0.37476 -3.69329 0.37476 -4.52686 0.37476 -3.69329 0.49951 -3.69329 0.37476 -4.52686 0.37476 -4.52686 0.49951 -3.69329 0.49951 -4.52686 0.49951 -4.52686 0.49951 -3.69329 0.62427 -4.52686 0.49951 -3.69329 0.62427 -3.69329 0.62427 -4.52686 0.62427 -3.69329 0.74903 -3.69329 0.62427 -4.52686 0.62427 -4.52686 0.74903 -3.69329 0.74903 -4.52686 0.74903 -4.52686 0.74903 -3.69329 0.87378 -4.52686 0.74903 -3.69329 0.87378 -3.69329 0.87378 -4.52686 0.87378 -3.69329 0.99854 -3.69329 0.87378 -4.52686 0.87378 -4.52686 0.99854 -3.69329 0.99854 -4.52686 4.9e-4 -4.52686 0.12524 -4.52686 4.9e-4 -5.38996 0.12524 -4.52686 0.25 -4.52686 0.25 -5.38996 0.12524 -4.52686 0.25 -5.38996 4.9e-4 -5.38996 0.25 -4.52686 0.37476 -4.52686 0.25 -5.38996 0.37476 -4.52686 0.49951 -4.52686 0.49951 -5.38996 0.37476 -4.52686 0.49951 -5.38996 0.25 -5.38996 0.49951 -4.52686 0.62427 -4.52686 0.49951 -5.38996 0.62427 -4.52686 0.74903 -4.52686 0.74903 -5.38996 0.62427 -4.52686 0.74903 -5.38996 0.49951 -5.38996 0.74903 -4.52686 0.87378 -4.52686 0.74903 -5.38996 0.87378 -4.52686 0.99854 -4.52686 0.99854 -5.38996 0.87378 -4.52686 0.99854 -5.38996 0.74903 -5.38996 4.9e-4 -6.36108 4.9e-4 -5.38996 0.25 -6.36108 4.9e-4 -5.38996 0.25 -5.38996 0.25 -6.36108 0.25 -5.38996 0.49951 -5.38996 0.25 -6.36108 0.25 -6.36108 0.49951 -5.38996 0.49951 -6.36108 0.49951 -6.36108 0.49951 -5.38996 0.74903 -6.36108 0.49951 -5.38996 0.74903 -5.38996 0.74903 -6.36108 0.74903 -5.38996 0.99854 -5.38996 0.74903 -6.36108 0.74903 -6.36108 0.99854 -5.38996 0.99854 -6.36108 4.9e-4 -7.58739 4.9e-4 -6.36108 0.25 -7.58739 4.9e-4 -6.36108 0.25 -6.36108 0.25 -7.58739 0.25 -6.36108 0.49951 -6.36108 0.25 -7.58739 0.25 -7.58739 0.49951 -6.36108 0.49951 -7.58739 0.49951 -7.58739 0.49951 -6.36108 0.74903 -7.58739 0.49951 -6.36108 0.74903 -6.36108 0.74903 -7.58739 0.74903 -6.36108 0.99854 -6.36108 0.74903 -7.58739 0.74903 -7.58739 0.99854 -6.36108 0.99854 -7.58739 4.9e-4 -8.89341 4.9e-4 -7.58739 0.25 -8.89341 4.9e-4 -7.58739 0.25 -7.58739 0.25 -8.89341 0.25 -7.58739 0.49951 -7.58739 0.25 -8.89341 0.25 -8.89341 0.49951 -7.58739 0.49951 -8.89341 0.49951 -8.89341 0.49951 -7.58739 0.74903 -8.89341 0.49951 -7.58739 0.74903 -7.58739 0.74903 -8.89341 0.74903 -7.58739 0.99854 -7.58739 0.74903 -8.89341 0.74903 -8.89341 0.99854 -7.58739 0.99854 -8.89341 4.9e-4 -10.49643 4.9e-4 -8.89341 0.25 -10.49643 4.9e-4 -8.89341 0.25 -8.89341 0.25 -10.49643 0.25 -8.89341 0.49951 -8.89341 0.25 -10.49643 0.25 -10.49643 0.49951 -8.89341 0.49951 -10.49643 0.49951 -10.49643 0.49951 -8.89341 0.74903 -10.49643 0.49951 -8.89341 0.74903 -8.89341 0.74903 -10.49643 0.74903 -8.89341 0.99854 -8.89341 0.74903 -10.49643 0.74903 -10.49643 0.99854 -8.89341 0.99854 -10.49643 4.9e-4 -10.49643 0.25 -10.49643 0.12524 -10.40268 0.25 -10.49643 0.49951 -10.49643 0.37476 -10.40268 0.49951 -10.49643 0.74903 -10.49643 0.62427 -10.40268 0.74903 -10.49643 0.99854 -10.49643 0.87378 -10.40268 4.9e-4 -1.85099 0.06286996 -1.85099 4.9e-4 -2.54325 0.06286996 -1.85099 0.12524 -1.85099 0.12524 -2.54325 0.06286996 -1.85099 0.12524 -2.54325 4.9e-4 -2.54325 0.12524 -1.85099 0.18762 -1.85099 0.12524 -2.54325 0.18762 -1.85099 0.25 -1.85099 0.25 -2.54325 0.18762 -1.85099 0.25 -2.54325 0.12524 -2.54325 0.25 -1.85099 0.31238 -1.85099 0.25 -2.54325 0.31238 -1.85099 0.37476 -1.85099 0.37476 -2.54325 0.31238 -1.85099 0.37476 -2.54325 0.25 -2.54325 0.37476 -1.85099 0.43714 -1.85099 0.37476 -2.54325 0.43714 -1.85099 0.49951 -1.85099 0.49951 -2.54325 0.43714 -1.85099 0.49951 -2.54325 0.37476 -2.54325 0.49951 -1.85099 0.56189 -1.85099 0.49951 -2.54325 0.56189 -1.85099 0.62427 -1.85099 0.62427 -2.54325 0.56189 -1.85099 0.62427 -2.54325 0.49951 -2.54325 0.62427 -1.85099 0.68665 -1.85099 0.62427 -2.54325 0.68665 -1.85099 0.74903 -1.85099 0.74903 -2.54325 0.68665 -1.85099 0.74903 -2.54325 0.62427 -2.54325 0.74903 -1.85099 0.8114 -1.85099 0.74903 -2.54325 0.8114 -1.85099 0.87378 -1.85099 0.87378 -2.54325 0.8114 -1.85099 0.87378 -2.54325 0.74903 -2.54325 0.87378 -1.85099 0.93616 -1.85099 0.87378 -2.54325 0.93616 -1.85099 0.99854 -1.85099 0.99854 -2.54325 0.93616 -1.85099 0.99854 -2.54325 0.87378 -2.54325 4.9e-4 -3.37885 4.9e-4 -2.54325 0.12524 -3.37885 4.9e-4 -2.54325 0.12524 -2.54325 0.12524 -3.37885 0.12524 -2.54325 0.25 -2.54325 0.12524 -3.37885 0.12524 -3.37885 0.25 -2.54325 0.25 -3.37885 0.25 -3.37885 0.25 -2.54325 0.37476 -3.37885 0.25 -2.54325 0.37476 -2.54325 0.37476 -3.37885 0.37476 -2.54325 0.49951 -2.54325 0.37476 -3.37885 0.37476 -3.37885 0.49951 -2.54325 0.49951 -3.37885 0.49951 -3.37885 0.49951 -2.54325 0.62427 -3.37885 0.49951 -2.54325 0.62427 -2.54325 0.62427 -3.37885 0.62427 -2.54325 0.74903 -2.54325 0.62427 -3.37885 0.62427 -3.37885 0.74903 -2.54325 0.74903 -3.37885 0.74903 -3.37885 0.74903 -2.54325 0.87378 -3.37885 0.74903 -2.54325 0.87378 -2.54325 0.87378 -3.37885 0.87378 -2.54325 0.99854 -2.54325 0.87378 -3.37885 0.87378 -3.37885 0.99854 -2.54325 0.99854 -3.37885 4.9e-4 -4.17729 4.9e-4 -3.37885 0.12524 -4.17729 4.9e-4 -3.37885 0.12524 -3.37885 0.12524 -4.17729 0.12524 -3.37885 0.25 -3.37885 0.12524 -4.17729 0.12524 -4.17729 0.25 -3.37885 0.25 -4.17729 0.25 -4.17729 0.25 -3.37885 0.37476 -4.17729 0.25 -3.37885 0.37476 -3.37885 0.37476 -4.17729 0.37476 -3.37885 0.49951 -3.37885 0.37476 -4.17729 0.37476 -4.17729 0.49951 -3.37885 0.49951 -4.17729 0.49951 -4.17729 0.49951 -3.37885 0.62427 -4.17729 0.49951 -3.37885 0.62427 -3.37885 0.62427 -4.17729 0.62427 -3.37885 0.74903 -3.37885 0.62427 -4.17729 0.62427 -4.17729 0.74903 -3.37885 0.74903 -4.17729 0.74903 -4.17729 0.74903 -3.37885 0.87378 -4.17729 0.74903 -3.37885 0.87378 -3.37885 0.87378 -4.17729 0.87378 -3.37885 0.99854 -3.37885 0.87378 -4.17729 0.87378 -4.17729 0.99854 -3.37885 0.99854 -4.17729 4.9e-4 -5.2922 4.9e-4 -4.17729 0.12524 -5.2922 4.9e-4 -4.17729 0.12524 -4.17729 0.12524 -5.2922 0.12524 -4.17729 0.25 -4.17729 0.12524 -5.2922 0.12524 -5.2922 0.25 -4.17729 0.25 -5.2922 0.25 -5.2922 0.25 -4.17729 0.37476 -5.2922 0.25 -4.17729 0.37476 -4.17729 0.37476 -5.2922 0.37476 -4.17729 0.49951 -4.17729 0.37476 -5.2922 0.37476 -5.2922 0.49951 -4.17729 0.49951 -5.2922 0.49951 -5.2922 0.49951 -4.17729 0.62427 -5.2922 0.49951 -4.17729 0.62427 -4.17729 0.62427 -5.2922 0.62427 -4.17729 0.74903 -4.17729 0.62427 -5.2922 0.62427 -5.2922 0.74903 -4.17729 0.74903 -5.2922 0.74903 -5.2922 0.74903 -4.17729 0.87378 -5.2922 0.74903 -4.17729 0.87378 -4.17729 0.87378 -5.2922 0.87378 -4.17729 0.99854 -4.17729 0.87378 -5.2922 0.87378 -5.2922 0.99854 -4.17729 0.99854 -5.2922 4.9e-4 -5.2922 0.12524 -5.2922 4.9e-4 -6.44771 0.12524 -5.2922 0.25 -5.2922 0.25 -6.44771 0.12524 -5.2922 0.25 -6.44771 4.9e-4 -6.44771 0.25 -5.2922 0.37476 -5.2922 0.25 -6.44771 0.37476 -5.2922 0.49951 -5.2922 0.49951 -6.44771 0.37476 -5.2922 0.49951 -6.44771 0.25 -6.44771 0.49951 -5.2922 0.62427 -5.2922 0.49951 -6.44771 0.62427 -5.2922 0.74903 -5.2922 0.74903 -6.44771 0.62427 -5.2922 0.74903 -6.44771 0.49951 -6.44771 0.74903 -5.2922 0.87378 -5.2922 0.74903 -6.44771 0.87378 -5.2922 0.99854 -5.2922 0.99854 -6.44771 0.87378 -5.2922 0.99854 -6.44771 0.74903 -6.44771 4.9e-4 -7.74569 4.9e-4 -6.44771 0.25 -7.74569 4.9e-4 -6.44771 0.25 -6.44771 0.25 -7.74569 0.25 -6.44771 0.49951 -6.44771 0.25 -7.74569 0.25 -7.74569 0.49951 -6.44771 0.49951 -7.74569 0.49951 -7.74569 0.49951 -6.44771 0.74903 -7.74569 0.49951 -6.44771 0.74903 -6.44771 0.74903 -7.74569 0.74903 -6.44771 0.99854 -6.44771 0.74903 -7.74569 0.74903 -7.74569 0.99854 -6.44771 0.99854 -7.74569 4.9e-4 -9.39462 4.9e-4 -7.74569 0.25 -9.39462 4.9e-4 -7.74569 0.25 -7.74569 0.25 -9.39462 0.25 -7.74569 0.49951 -7.74569 0.25 -9.39462 0.25 -9.39462 0.49951 -7.74569 0.49951 -9.39462 0.49951 -9.39462 0.49951 -7.74569 0.74903 -9.39462 0.49951 -7.74569 0.74903 -7.74569 0.74903 -9.39462 0.74903 -7.74569 0.99854 -7.74569 0.74903 -9.39462 0.74903 -9.39462 0.99854 -7.74569 0.99854 -9.39462 4.9e-4 -11.05209 4.9e-4 -9.39462 0.25 -11.05209 4.9e-4 -9.39462 0.25 -9.39462 0.25 -11.05209 0.25 -9.39462 0.49951 -9.39462 0.25 -11.05209 0.25 -11.05209 0.49951 -9.39462 0.49951 -11.05209 0.49951 -11.05209 0.49951 -9.39462 0.74903 -11.05209 0.49951 -9.39462 0.74903 -9.39462 0.74903 -11.05209 0.74903 -9.39462 0.99854 -9.39462 0.74903 -11.05209 0.74903 -11.05209 0.99854 -9.39462 0.99854 -11.05209 4.9e-4 -13.29789 4.9e-4 -11.05209 0.25 -13.29789 4.9e-4 -11.05209 0.25 -11.05209 0.25 -13.29789 0.25 -11.05209 0.49951 -11.05209 0.25 -13.29789 0.25 -13.29789 0.49951 -11.05209 0.49951 -13.29789 0.49951 -13.29789 0.49951 -11.05209 0.74903 -13.29789 0.49951 -11.05209 0.74903 -11.05209 0.74903 -13.29789 0.74903 -11.05209 0.99854 -11.05209 0.74903 -13.29789 0.74903 -13.29789 0.99854 -11.05209 0.99854 -13.29789 4.9e-4 -13.29789 0.25 -13.29789 0.12524 -13.20414 0.25 -13.29789 0.49951 -13.29789 0.37476 -13.20414 0.49951 -13.29789 0.74903 -13.29789 0.62427 -13.20414 0.74903 -13.29789 0.99854 -13.29789 0.87378 -13.20414 4.9e-4 -1.05043 4.9e-4 0 0.12524 -1.05043 4.9e-4 0 0.12524 0 0.12524 -1.05043 0.12524 0 0.25 0 0.12524 -1.05043 0.12524 -1.05043 0.25 0 0.25 -1.05043 0.25 -1.05043 0.25 0 0.37476 -1.05043 0.25 0 0.37476 0 0.37476 -1.05043 0.37476 0 0.49951 0 0.37476 -1.05043 0.37476 -1.05043 0.49951 0 0.49951 -1.05043 0.49951 -1.05043 0.49951 0 0.62427 -1.05043 0.49951 0 0.62427 0 0.62427 -1.05043 0.62427 0 0.74903 0 0.62427 -1.05043 0.62427 -1.05043 0.74903 0 0.74903 -1.05043 0.74903 -1.05043 0.74903 0 0.87378 -1.05043 0.74903 0 0.87378 0 0.87378 -1.05043 0.87378 0 0.99854 0 0.87378 -1.05043 0.87378 -1.05043 0.99854 0 0.99854 -1.05043 4.9e-4 -2.13536 4.9e-4 -1.05043 0.12524 -2.13536 4.9e-4 -1.05043 0.12524 -1.05043 0.12524 -2.13536 0.12524 -1.05043 0.25 -1.05043 0.12524 -2.13536 0.12524 -2.13536 0.25 -1.05043 0.25 -2.13536 0.25 -2.13536 0.25 -1.05043 0.37476 -2.13536 0.25 -1.05043 0.37476 -1.05043 0.37476 -2.13536 0.37476 -1.05043 0.49951 -1.05043 0.37476 -2.13536 0.37476 -2.13536 0.49951 -1.05043 0.49951 -2.13536 0.49951 -2.13536 0.49951 -1.05043 0.62427 -2.13536 0.49951 -1.05043 0.62427 -1.05043 0.62427 -2.13536 0.62427 -1.05043 0.74903 -1.05043 0.62427 -2.13536 0.62427 -2.13536 0.74903 -1.05043 0.74903 -2.13536 0.74903 -2.13536 0.74903 -1.05043 0.87378 -2.13536 0.74903 -1.05043 0.87378 -1.05043 0.87378 -2.13536 0.87378 -1.05043 0.99854 -1.05043 0.87378 -2.13536 0.87378 -2.13536 0.99854 -1.05043 0.99854 -2.13536 4.9e-4 -2.65365 4.9e-4 -2.13536 0.12524 -2.65365 4.9e-4 -2.13536 0.12524 -2.13536 0.12524 -2.65365 0.12524 -2.13536 0.25 -2.13536 0.12524 -2.65365 0.12524 -2.65365 0.25 -2.13536 0.25 -2.65365 0.25 -2.65365 0.25 -2.13536 0.37476 -2.65365 0.25 -2.13536 0.37476 -2.13536 0.37476 -2.65365 0.37476 -2.13536 0.49951 -2.13536 0.37476 -2.65365 0.37476 -2.65365 0.49951 -2.13536 0.49951 -2.65365 0.49951 -2.65365 0.49951 -2.13536 0.62427 -2.65365 0.49951 -2.13536 0.62427 -2.13536 0.62427 -2.65365 0.62427 -2.13536 0.74903 -2.13536 0.62427 -2.65365 0.62427 -2.65365 0.74903 -2.13536 0.74903 -2.65365 0.74903 -2.65365 0.74903 -2.13536 0.87378 -2.65365 0.74903 -2.13536 0.87378 -2.13536 0.87378 -2.65365 0.87378 -2.13536 0.99854 -2.13536 0.87378 -2.65365 0.87378 -2.65365 0.99854 -2.13536 0.99854 -2.65365 4.9e-4 -3.16414 4.9e-4 -2.65365 0.12524 -3.16414 4.9e-4 -2.65365 0.12524 -2.65365 0.12524 -3.16414 0.12524 -2.65365 0.25 -2.65365 0.12524 -3.16414 0.12524 -3.16414 0.25 -2.65365 0.25 -3.16414 0.25 -3.16414 0.25 -2.65365 0.37476 -3.16414 0.25 -2.65365 0.37476 -2.65365 0.37476 -3.16414 0.37476 -2.65365 0.49951 -2.65365 0.37476 -3.16414 0.37476 -3.16414 0.49951 -2.65365 0.49951 -3.16414 0.49951 -3.16414 0.49951 -2.65365 0.62427 -3.16414 0.49951 -2.65365 0.62427 -2.65365 0.62427 -3.16414 0.62427 -2.65365 0.74903 -2.65365 0.62427 -3.16414 0.62427 -3.16414 0.74903 -2.65365 0.74903 -3.16414 0.74903 -3.16414 0.74903 -2.65365 0.87378 -3.16414 0.74903 -2.65365 0.87378 -2.65365 0.87378 -3.16414 0.87378 -2.65365 0.99854 -2.65365 0.87378 -3.16414 0.87378 -3.16414 0.99854 -2.65365 0.99854 -3.16414 4.9e-4 -3.16414 0.12524 -3.16414 4.9e-4 -3.48757 0.12524 -3.16414 0.25 -3.16414 0.25 -3.48757 0.12524 -3.16414 0.25 -3.48757 4.9e-4 -3.48757 0.25 -3.16414 0.37476 -3.16414 0.25 -3.48757 0.37476 -3.16414 0.49951 -3.16414 0.49951 -3.48757 0.37476 -3.16414 0.49951 -3.48757 0.25 -3.48757 0.49951 -3.16414 0.62427 -3.16414 0.49951 -3.48757 0.62427 -3.16414 0.74903 -3.16414 0.74903 -3.48757 0.62427 -3.16414 0.74903 -3.48757 0.49951 -3.48757 0.74903 -3.16414 0.87378 -3.16414 0.74903 -3.48757 0.87378 -3.16414 0.99854 -3.16414 0.99854 -3.48757 0.87378 -3.16414 0.99854 -3.48757 0.74903 -3.48757 4.9e-4 -3.80652 4.9e-4 -3.48757 0.25 -3.80652 4.9e-4 -3.48757 0.25 -3.48757 0.25 -3.80652 0.25 -3.48757 0.49951 -3.48757 0.25 -3.80652 0.25 -3.80652 0.49951 -3.48757 0.49951 -3.80652 0.49951 -3.80652 0.49951 -3.48757 0.74903 -3.80652 0.49951 -3.48757 0.74903 -3.48757 0.74903 -3.80652 0.74903 -3.48757 0.99854 -3.48757 0.74903 -3.80652 0.74903 -3.80652 0.99854 -3.48757 0.99854 -3.80652 4.9e-4 -4.02354 4.9e-4 -3.80652 0.25 -4.02354 4.9e-4 -3.80652 0.25 -3.80652 0.25 -4.02354 0.25 -3.80652 0.49951 -3.80652 0.25 -4.02354 0.25 -4.02354 0.49951 -3.80652 0.49951 -4.02354 0.49951 -4.02354 0.49951 -3.80652 0.74903 -4.02354 0.49951 -3.80652 0.74903 -3.80652 0.74903 -4.02354 0.74903 -3.80652 0.99854 -3.80652 0.74903 -4.02354 0.74903 -4.02354 0.99854 -3.80652 0.99854 -4.02354 4.9e-4 -4.23886 4.9e-4 -4.02354 0.25 -4.23886 4.9e-4 -4.02354 0.25 -4.02354 0.25 -4.23886 0.25 -4.02354 0.49951 -4.02354 0.25 -4.23886 0.25 -4.23886 0.49951 -4.02354 0.49951 -4.23886 0.49951 -4.23886 0.49951 -4.02354 0.74903 -4.23886 0.49951 -4.02354 0.74903 -4.02354 0.74903 -4.23886 0.74903 -4.02354 0.99854 -4.02354 0.74903 -4.23886 0.74903 -4.23886 0.99854 -4.02354 0.99854 -4.23886 4.9e-4 -4.4287 4.9e-4 -4.23886 0.25 -4.4287 4.9e-4 -4.23886 0.25 -4.23886 0.25 -4.4287 0.25 -4.23886 0.49951 -4.23886 0.25 -4.4287 0.25 -4.4287 0.49951 -4.23886 0.49951 -4.4287 0.49951 -4.4287 0.49951 -4.23886 0.74903 -4.4287 0.49951 -4.23886 0.74903 -4.23886 0.74903 -4.4287 0.74903 -4.23886 0.99854 -4.23886 0.74903 -4.4287 0.74903 -4.4287 0.99854 -4.23886 0.99854 -4.4287 4.9e-4 -4.4287 0.25 -4.4287 0.12524 -4.41839 0.25 -4.4287 0.49951 -4.4287 0.37476 -4.41839 0.49951 -4.4287 0.74903 -4.4287 0.62427 -4.41839 0.74903 -4.4287 0.99854 -4.4287 0.87378 -4.41839 4.9e-4 -1.61168 4.9e-4 0 0.12524 -1.61168 4.9e-4 0 0.12524 0 0.12524 -1.61168 0.12524 0 0.25 0 0.12524 -1.61168 0.12524 -1.61168 0.25 0 0.25 -1.61168 0.25 -1.61168 0.25 0 0.37476 -1.61168 0.25 0 0.37476 0 0.37476 -1.61168 0.37476 0 0.49951 0 0.37476 -1.61168 0.37476 -1.61168 0.49951 0 0.49951 -1.61168 0.49951 -1.61168 0.49951 0 0.62427 -1.61168 0.49951 0 0.62427 0 0.62427 -1.61168 0.62427 0 0.74903 0 0.62427 -1.61168 0.62427 -1.61168 0.74903 0 0.74903 -1.61168 0.74903 -1.61168 0.74903 0 0.87378 -1.61168 0.74903 0 0.87378 0 0.87378 -1.61168 0.87378 0 0.99854 0 0.87378 -1.61168 0.87378 -1.61168 0.99854 0 0.99854 -1.61168 4.9e-4 -2.31851 4.9e-4 -1.61168 0.12524 -2.31851 4.9e-4 -1.61168 0.12524 -1.61168 0.12524 -2.31851 0.12524 -1.61168 0.25 -1.61168 0.12524 -2.31851 0.12524 -2.31851 0.25 -1.61168 0.25 -2.31851 0.25 -2.31851 0.25 -1.61168 0.37476 -2.31851 0.25 -1.61168 0.37476 -1.61168 0.37476 -2.31851 0.37476 -1.61168 0.49951 -1.61168 0.37476 -2.31851 0.37476 -2.31851 0.49951 -1.61168 0.49951 -2.31851 0.49951 -2.31851 0.49951 -1.61168 0.62427 -2.31851 0.49951 -1.61168 0.62427 -1.61168 0.62427 -2.31851 0.62427 -1.61168 0.74903 -1.61168 0.62427 -2.31851 0.62427 -2.31851 0.74903 -1.61168 0.74903 -2.31851 0.74903 -2.31851 0.74903 -1.61168 0.87378 -2.31851 0.74903 -1.61168 0.87378 -1.61168 0.87378 -2.31851 0.87378 -1.61168 0.99854 -1.61168 0.87378 -2.31851 0.87378 -2.31851 0.99854 -1.61168 0.99854 -2.31851 4.9e-4 -2.94503 4.9e-4 -2.31851 0.12524 -2.94503 4.9e-4 -2.31851 0.12524 -2.31851 0.12524 -2.94503 0.12524 -2.31851 0.25 -2.31851 0.12524 -2.94503 0.12524 -2.94503 0.25 -2.31851 0.25 -2.94503 0.25 -2.94503 0.25 -2.31851 0.37476 -2.94503 0.25 -2.31851 0.37476 -2.31851 0.37476 -2.94503 0.37476 -2.31851 0.49951 -2.31851 0.37476 -2.94503 0.37476 -2.94503 0.49951 -2.31851 0.49951 -2.94503 0.49951 -2.94503 0.49951 -2.31851 0.62427 -2.94503 0.49951 -2.31851 0.62427 -2.31851 0.62427 -2.94503 0.62427 -2.31851 0.74903 -2.31851 0.62427 -2.94503 0.62427 -2.94503 0.74903 -2.31851 0.74903 -2.94503 0.74903 -2.94503 0.74903 -2.31851 0.87378 -2.94503 0.74903 -2.31851 0.87378 -2.31851 0.87378 -2.94503 0.87378 -2.31851 0.99854 -2.31851 0.87378 -2.94503 0.87378 -2.94503 0.99854 -2.31851 0.99854 -2.94503 4.9e-4 -2.94503 0.12524 -2.94503 4.9e-4 -3.42785 0.12524 -2.94503 0.25 -2.94503 0.25 -3.42785 0.12524 -2.94503 0.25 -3.42785 4.9e-4 -3.42785 0.25 -2.94503 0.37476 -2.94503 0.25 -3.42785 0.37476 -2.94503 0.49951 -2.94503 0.49951 -3.42785 0.37476 -2.94503 0.49951 -3.42785 0.25 -3.42785 0.49951 -2.94503 0.62427 -2.94503 0.49951 -3.42785 0.62427 -2.94503 0.74903 -2.94503 0.74903 -3.42785 0.62427 -2.94503 0.74903 -3.42785 0.49951 -3.42785 0.74903 -2.94503 0.87378 -2.94503 0.74903 -3.42785 0.87378 -2.94503 0.99854 -2.94503 0.99854 -3.42785 0.87378 -2.94503 0.99854 -3.42785 0.74903 -3.42785 4.9e-4 -3.79842 4.9e-4 -3.42785 0.25 -3.79842 4.9e-4 -3.42785 0.25 -3.42785 0.25 -3.79842 0.25 -3.42785 0.49951 -3.42785 0.25 -3.79842 0.25 -3.79842 0.49951 -3.42785 0.49951 -3.79842 0.49951 -3.79842 0.49951 -3.42785 0.74903 -3.79842 0.49951 -3.42785 0.74903 -3.42785 0.74903 -3.79842 0.74903 -3.42785 0.99854 -3.42785 0.74903 -3.79842 0.74903 -3.79842 0.99854 -3.42785 0.99854 -3.79842 4.9e-4 -4.09165 4.9e-4 -3.79842 0.25 -4.09165 4.9e-4 -3.79842 0.25 -3.79842 0.25 -4.09165 0.25 -3.79842 0.49951 -3.79842 0.25 -4.09165 0.25 -4.09165 0.49951 -3.79842 0.49951 -4.09165 0.49951 -4.09165 0.49951 -3.79842 0.74903 -4.09165 0.49951 -3.79842 0.74903 -3.79842 0.74903 -4.09165 0.74903 -3.79842 0.99854 -3.79842 0.74903 -4.09165 0.74903 -4.09165 0.99854 -3.79842 0.99854 -4.09165 4.9e-4 -4.32729 4.9e-4 -4.09165 0.25 -4.32729 4.9e-4 -4.09165 0.25 -4.09165 0.25 -4.32729 0.25 -4.09165 0.49951 -4.09165 0.25 -4.32729 0.25 -4.32729 0.49951 -4.09165 0.49951 -4.32729 0.49951 -4.32729 0.49951 -4.09165 0.74903 -4.32729 0.49951 -4.09165 0.74903 -4.09165 0.74903 -4.32729 0.74903 -4.09165 0.99854 -4.09165 0.74903 -4.32729 0.74903 -4.32729 0.99854 -4.09165 0.99854 -4.32729 4.9e-4 -4.5404 4.9e-4 -4.32729 0.25 -4.5404 4.9e-4 -4.32729 0.25 -4.32729 0.25 -4.5404 0.25 -4.32729 0.49951 -4.32729 0.25 -4.5404 0.25 -4.5404 0.49951 -4.32729 0.49951 -4.5404 0.49951 -4.5404 0.49951 -4.32729 0.74903 -4.5404 0.49951 -4.32729 0.74903 -4.32729 0.74903 -4.5404 0.74903 -4.32729 0.99854 -4.32729 0.74903 -4.5404 0.74903 -4.5404 0.99854 -4.32729 0.99854 -4.5404 4.9e-4 -4.5404 0.25 -4.5404 0.12524 -4.53069 0.25 -4.5404 0.49951 -4.5404 0.37476 -4.53069 0.49951 -4.5404 0.74903 -4.5404 0.62427 -4.53069 0.74903 -4.5404 0.99854 -4.5404 0.87378 -4.53069 4.9e-4 -1.65195 4.9e-4 0 0.12524 -1.65195 4.9e-4 0 0.12524 0 0.12524 -1.65195 0.12524 0 0.25 0 0.12524 -1.65195 0.12524 -1.65195 0.25 0 0.25 -1.65195 0.25 -1.65195 0.25 0 0.37476 -1.65195 0.25 0 0.37476 0 0.37476 -1.65195 0.37476 0 0.49951 0 0.37476 -1.65195 0.37476 -1.65195 0.49951 0 0.49951 -1.65195 0.49951 -1.65195 0.49951 0 0.62427 -1.65195 0.49951 0 0.62427 0 0.62427 -1.65195 0.62427 0 0.74903 0 0.62427 -1.65195 0.62427 -1.65195 0.74903 0 0.74903 -1.65195 0.74903 -1.65195 0.74903 0 0.87378 -1.65195 0.74903 0 0.87378 0 0.87378 -1.65195 0.87378 0 0.99854 0 0.87378 -1.65195 0.87378 -1.65195 0.99854 0 0.99854 -1.65195 4.9e-4 -2.37528 4.9e-4 -1.65195 0.12524 -2.37528 4.9e-4 -1.65195 0.12524 -1.65195 0.12524 -2.37528 0.12524 -1.65195 0.25 -1.65195 0.12524 -2.37528 0.12524 -2.37528 0.25 -1.65195 0.25 -2.37528 0.25 -2.37528 0.25 -1.65195 0.37476 -2.37528 0.25 -1.65195 0.37476 -1.65195 0.37476 -2.37528 0.37476 -1.65195 0.49951 -1.65195 0.37476 -2.37528 0.37476 -2.37528 0.49951 -1.65195 0.49951 -2.37528 0.49951 -2.37528 0.49951 -1.65195 0.62427 -2.37528 0.49951 -1.65195 0.62427 -1.65195 0.62427 -2.37528 0.62427 -1.65195 0.74903 -1.65195 0.62427 -2.37528 0.62427 -2.37528 0.74903 -1.65195 0.74903 -2.37528 0.74903 -2.37528 0.74903 -1.65195 0.87378 -2.37528 0.74903 -1.65195 0.87378 -1.65195 0.87378 -2.37528 0.87378 -1.65195 0.99854 -1.65195 0.87378 -2.37528 0.87378 -2.37528 0.99854 -1.65195 0.99854 -2.37528 4.9e-4 -3.01325 4.9e-4 -2.37528 0.12524 -3.01325 4.9e-4 -2.37528 0.12524 -2.37528 0.12524 -3.01325 0.12524 -2.37528 0.25 -2.37528 0.12524 -3.01325 0.12524 -3.01325 0.25 -2.37528 0.25 -3.01325 0.25 -3.01325 0.25 -2.37528 0.37476 -3.01325 0.25 -2.37528 0.37476 -2.37528 0.37476 -3.01325 0.37476 -2.37528 0.49951 -2.37528 0.37476 -3.01325 0.37476 -3.01325 0.49951 -2.37528 0.49951 -3.01325 0.49951 -3.01325 0.49951 -2.37528 0.62427 -3.01325 0.49951 -2.37528 0.62427 -2.37528 0.62427 -3.01325 0.62427 -2.37528 0.74903 -2.37528 0.62427 -3.01325 0.62427 -3.01325 0.74903 -2.37528 0.74903 -3.01325 0.74903 -3.01325 0.74903 -2.37528 0.87378 -3.01325 0.74903 -2.37528 0.87378 -2.37528 0.87378 -3.01325 0.87378 -2.37528 0.99854 -2.37528 0.87378 -3.01325 0.87378 -3.01325 0.99854 -2.37528 0.99854 -3.01325 4.9e-4 -3.01325 0.12524 -3.01325 4.9e-4 -3.49881 0.12524 -3.01325 0.25 -3.01325 0.25 -3.49881 0.12524 -3.01325 0.25 -3.49881 4.9e-4 -3.49881 0.25 -3.01325 0.37476 -3.01325 0.25 -3.49881 0.37476 -3.01325 0.49951 -3.01325 0.49951 -3.49881 0.37476 -3.01325 0.49951 -3.49881 0.25 -3.49881 0.49951 -3.01325 0.62427 -3.01325 0.49951 -3.49881 0.62427 -3.01325 0.74903 -3.01325 0.74903 -3.49881 0.62427 -3.01325 0.74903 -3.49881 0.49951 -3.49881 0.74903 -3.01325 0.87378 -3.01325 0.74903 -3.49881 0.87378 -3.01325 0.99854 -3.01325 0.99854 -3.49881 0.87378 -3.01325 0.99854 -3.49881 0.74903 -3.49881 4.9e-4 -3.86968 4.9e-4 -3.49881 0.25 -3.86968 4.9e-4 -3.49881 0.25 -3.49881 0.25 -3.86968 0.25 -3.49881 0.49951 -3.49881 0.25 -3.86968 0.25 -3.86968 0.49951 -3.49881 0.49951 -3.86968 0.49951 -3.86968 0.49951 -3.49881 0.74903 -3.86968 0.49951 -3.49881 0.74903 -3.49881 0.74903 -3.86968 0.74903 -3.49881 0.99854 -3.49881 0.74903 -3.86968 0.74903 -3.86968 0.99854 -3.49881 0.99854 -3.86968 4.9e-4 -4.15456 4.9e-4 -3.86968 0.25 -4.15456 4.9e-4 -3.86968 0.25 -3.86968 0.25 -4.15456 0.25 -3.86968 0.49951 -3.86968 0.25 -4.15456 0.25 -4.15456 0.49951 -3.86968 0.49951 -4.15456 0.49951 -4.15456 0.49951 -3.86968 0.74903 -4.15456 0.49951 -3.86968 0.74903 -3.86968 0.74903 -4.15456 0.74903 -3.86968 0.99854 -3.86968 0.74903 -4.15456 0.74903 -4.15456 0.99854 -3.86968 0.99854 -4.15456 4.9e-4 -4.38725 4.9e-4 -4.15456 0.25 -4.38725 4.9e-4 -4.15456 0.25 -4.15456 0.25 -4.38725 0.25 -4.15456 0.49951 -4.15456 0.25 -4.38725 0.25 -4.38725 0.49951 -4.15456 0.49951 -4.38725 0.49951 -4.38725 0.49951 -4.15456 0.74903 -4.38725 0.49951 -4.15456 0.74903 -4.15456 0.74903 -4.38725 0.74903 -4.15456 0.99854 -4.15456 0.74903 -4.38725 0.74903 -4.38725 0.99854 -4.15456 0.99854 -4.38725 4.9e-4 -4.61057 4.9e-4 -4.38725 0.25 -4.61057 4.9e-4 -4.38725 0.25 -4.38725 0.25 -4.61057 0.25 -4.38725 0.49951 -4.38725 0.25 -4.61057 0.25 -4.61057 0.49951 -4.38725 0.49951 -4.61057 0.49951 -4.61057 0.49951 -4.38725 0.74903 -4.61057 0.49951 -4.38725 0.74903 -4.38725 0.74903 -4.61057 0.74903 -4.38725 0.99854 -4.38725 0.74903 -4.61057 0.74903 -4.61057 0.99854 -4.38725 0.99854 -4.61057 4.9e-4 -4.61057 0.25 -4.61057 0.12524 -4.60179 0.25 -4.61057 0.49951 -4.61057 0.37476 -4.60179 0.49951 -4.61057 0.74903 -4.61057 0.62427 -4.60179 0.74903 -4.61057 0.99854 -4.61057 0.87378 -4.60179 4.9e-4 -1.74722 4.9e-4 0 0.12524 -1.74722 4.9e-4 0 0.12524 0 0.12524 -1.74722 0.12524 0 0.25 0 0.12524 -1.74722 0.12524 -1.74722 0.25 0 0.25 -1.74722 0.25 -1.74722 0.25 0 0.37476 -1.74722 0.25 0 0.37476 0 0.37476 -1.74722 0.37476 0 0.49951 0 0.37476 -1.74722 0.37476 -1.74722 0.49951 0 0.49951 -1.74722 0.49951 -1.74722 0.49951 0 0.62427 -1.74722 0.49951 0 0.62427 0 0.62427 -1.74722 0.62427 0 0.74903 0 0.62427 -1.74722 0.62427 -1.74722 0.74903 0 0.74903 -1.74722 0.74903 -1.74722 0.74903 0 0.87378 -1.74722 0.74903 0 0.87378 0 0.87378 -1.74722 0.87378 0 0.99854 0 0.87378 -1.74722 0.87378 -1.74722 0.99854 0 0.99854 -1.74722 4.9e-4 -2.62483 4.9e-4 -1.74722 0.12524 -2.62483 4.9e-4 -1.74722 0.12524 -1.74722 0.12524 -2.62483 0.12524 -1.74722 0.25 -1.74722 0.12524 -2.62483 0.12524 -2.62483 0.25 -1.74722 0.25 -2.62483 0.25 -2.62483 0.25 -1.74722 0.37476 -2.62483 0.25 -1.74722 0.37476 -1.74722 0.37476 -2.62483 0.37476 -1.74722 0.49951 -1.74722 0.37476 -2.62483 0.37476 -2.62483 0.49951 -1.74722 0.49951 -2.62483 0.49951 -2.62483 0.49951 -1.74722 0.62427 -2.62483 0.49951 -1.74722 0.62427 -1.74722 0.62427 -2.62483 0.62427 -1.74722 0.74903 -1.74722 0.62427 -2.62483 0.62427 -2.62483 0.74903 -1.74722 0.74903 -2.62483 0.74903 -2.62483 0.74903 -1.74722 0.87378 -2.62483 0.74903 -1.74722 0.87378 -1.74722 0.87378 -2.62483 0.87378 -1.74722 0.99854 -1.74722 0.87378 -2.62483 0.87378 -2.62483 0.99854 -1.74722 0.99854 -2.62483 4.9e-4 -3.36322 4.9e-4 -2.62483 0.12524 -3.36322 4.9e-4 -2.62483 0.12524 -2.62483 0.12524 -3.36322 0.12524 -2.62483 0.25 -2.62483 0.12524 -3.36322 0.12524 -3.36322 0.25 -2.62483 0.25 -3.36322 0.25 -3.36322 0.25 -2.62483 0.37476 -3.36322 0.25 -2.62483 0.37476 -2.62483 0.37476 -3.36322 0.37476 -2.62483 0.49951 -2.62483 0.37476 -3.36322 0.37476 -3.36322 0.49951 -2.62483 0.49951 -3.36322 0.49951 -3.36322 0.49951 -2.62483 0.62427 -3.36322 0.49951 -2.62483 0.62427 -2.62483 0.62427 -3.36322 0.62427 -2.62483 0.74903 -2.62483 0.62427 -3.36322 0.62427 -3.36322 0.74903 -2.62483 0.74903 -3.36322 0.74903 -3.36322 0.74903 -2.62483 0.87378 -3.36322 0.74903 -2.62483 0.87378 -2.62483 0.87378 -3.36322 0.87378 -2.62483 0.99854 -2.62483 0.87378 -3.36322 0.87378 -3.36322 0.99854 -2.62483 0.99854 -3.36322 4.9e-4 -3.36322 0.12524 -3.36322 4.9e-4 -3.89986 0.12524 -3.36322 0.25 -3.36322 0.25 -3.89986 0.12524 -3.36322 0.25 -3.89986 4.9e-4 -3.89986 0.25 -3.36322 0.37476 -3.36322 0.25 -3.89986 0.37476 -3.36322 0.49951 -3.36322 0.49951 -3.89986 0.37476 -3.36322 0.49951 -3.89986 0.25 -3.89986 0.49951 -3.36322 0.62427 -3.36322 0.49951 -3.89986 0.62427 -3.36322 0.74903 -3.36322 0.74903 -3.89986 0.62427 -3.36322 0.74903 -3.89986 0.49951 -3.89986 0.74903 -3.36322 0.87378 -3.36322 0.74903 -3.89986 0.87378 -3.36322 0.99854 -3.36322 0.99854 -3.89986 0.87378 -3.36322 0.99854 -3.89986 0.74903 -3.89986 4.9e-4 -4.27149 4.9e-4 -3.89986 0.25 -4.27149 4.9e-4 -3.89986 0.25 -3.89986 0.25 -4.27149 0.25 -3.89986 0.49951 -3.89986 0.25 -4.27149 0.25 -4.27149 0.49951 -3.89986 0.49951 -4.27149 0.49951 -4.27149 0.49951 -3.89986 0.74903 -4.27149 0.49951 -3.89986 0.74903 -3.89986 0.74903 -4.27149 0.74903 -3.89986 0.99854 -3.89986 0.74903 -4.27149 0.74903 -4.27149 0.99854 -3.89986 0.99854 -4.27149 4.9e-4 -4.59389 4.9e-4 -4.27149 0.25 -4.59389 4.9e-4 -4.27149 0.25 -4.27149 0.25 -4.59389 0.25 -4.27149 0.49951 -4.27149 0.25 -4.59389 0.25 -4.59389 0.49951 -4.27149 0.49951 -4.59389 0.49951 -4.59389 0.49951 -4.27149 0.74903 -4.59389 0.49951 -4.27149 0.74903 -4.27149 0.74903 -4.59389 0.74903 -4.27149 0.99854 -4.27149 0.74903 -4.59389 0.74903 -4.59389 0.99854 -4.27149 0.99854 -4.59389 4.9e-4 -4.8516 4.9e-4 -4.59389 0.25 -4.8516 4.9e-4 -4.59389 0.25 -4.59389 0.25 -4.8516 0.25 -4.59389 0.49951 -4.59389 0.25 -4.8516 0.25 -4.8516 0.49951 -4.59389 0.49951 -4.8516 0.49951 -4.8516 0.49951 -4.59389 0.74903 -4.8516 0.49951 -4.59389 0.74903 -4.59389 0.74903 -4.8516 0.74903 -4.59389 0.99854 -4.59389 0.74903 -4.8516 0.74903 -4.8516 0.99854 -4.59389 0.99854 -4.8516 4.9e-4 -4.8516 0.25 -4.8516 0.12524 -4.84324 0.25 -4.8516 0.49951 -4.8516 0.37476 -4.84324 0.49951 -4.8516 0.74903 -4.8516 0.62427 -4.84324 0.74903 -4.8516 0.99854 -4.8516 0.87378 -4.84324 4.9e-4 -1.82928 4.9e-4 0 0.12524 -1.82928 4.9e-4 0 0.12524 0 0.12524 -1.82928 0.12524 0 0.25 0 0.12524 -1.82928 0.12524 -1.82928 0.25 0 0.25 -1.82928 0.25 -1.82928 0.25 0 0.37476 -1.82928 0.25 0 0.37476 0 0.37476 -1.82928 0.37476 0 0.49951 0 0.37476 -1.82928 0.37476 -1.82928 0.49951 0 0.49951 -1.82928 0.49951 -1.82928 0.49951 0 0.62427 -1.82928 0.49951 0 0.62427 0 0.62427 -1.82928 0.62427 0 0.74903 0 0.62427 -1.82928 0.62427 -1.82928 0.74903 0 0.74903 -1.82928 0.74903 -1.82928 0.74903 0 0.87378 -1.82928 0.74903 0 0.87378 0 0.87378 -1.82928 0.87378 0 0.99854 0 0.87378 -1.82928 0.87378 -1.82928 0.99854 0 0.99854 -1.82928 4.9e-4 -2.75545 4.9e-4 -1.82928 0.12524 -2.75545 4.9e-4 -1.82928 0.12524 -1.82928 0.12524 -2.75545 0.12524 -1.82928 0.25 -1.82928 0.12524 -2.75545 0.12524 -2.75545 0.25 -1.82928 0.25 -2.75545 0.25 -2.75545 0.25 -1.82928 0.37476 -2.75545 0.25 -1.82928 0.37476 -1.82928 0.37476 -2.75545 0.37476 -1.82928 0.49951 -1.82928 0.37476 -2.75545 0.37476 -2.75545 0.49951 -1.82928 0.49951 -2.75545 0.49951 -2.75545 0.49951 -1.82928 0.62427 -2.75545 0.49951 -1.82928 0.62427 -1.82928 0.62427 -2.75545 0.62427 -1.82928 0.74903 -1.82928 0.62427 -2.75545 0.62427 -2.75545 0.74903 -1.82928 0.74903 -2.75545 0.74903 -2.75545 0.74903 -1.82928 0.87378 -2.75545 0.74903 -1.82928 0.87378 -1.82928 0.87378 -2.75545 0.87378 -1.82928 0.99854 -1.82928 0.87378 -2.75545 0.87378 -2.75545 0.99854 -1.82928 0.99854 -2.75545 4.9e-4 -3.55038 4.9e-4 -2.75545 0.12524 -3.55038 4.9e-4 -2.75545 0.12524 -2.75545 0.12524 -3.55038 0.12524 -2.75545 0.25 -2.75545 0.12524 -3.55038 0.12524 -3.55038 0.25 -2.75545 0.25 -3.55038 0.25 -3.55038 0.25 -2.75545 0.37476 -3.55038 0.25 -2.75545 0.37476 -2.75545 0.37476 -3.55038 0.37476 -2.75545 0.49951 -2.75545 0.37476 -3.55038 0.37476 -3.55038 0.49951 -2.75545 0.49951 -3.55038 0.49951 -3.55038 0.49951 -2.75545 0.62427 -3.55038 0.49951 -2.75545 0.62427 -2.75545 0.62427 -3.55038 0.62427 -2.75545 0.74903 -2.75545 0.62427 -3.55038 0.62427 -3.55038 0.74903 -2.75545 0.74903 -3.55038 0.74903 -3.55038 0.74903 -2.75545 0.87378 -3.55038 0.74903 -2.75545 0.87378 -2.75545 0.87378 -3.55038 0.87378 -2.75545 0.99854 -2.75545 0.87378 -3.55038 0.87378 -3.55038 0.99854 -2.75545 0.99854 -3.55038 4.9e-4 -3.55038 0.12524 -3.55038 4.9e-4 -4.13258 0.12524 -3.55038 0.25 -3.55038 0.25 -4.13258 0.12524 -3.55038 0.25 -4.13258 4.9e-4 -4.13258 0.25 -3.55038 0.37476 -3.55038 0.25 -4.13258 0.37476 -3.55038 0.49951 -3.55038 0.49951 -4.13258 0.37476 -3.55038 0.49951 -4.13258 0.25 -4.13258 0.49951 -3.55038 0.62427 -3.55038 0.49951 -4.13258 0.62427 -3.55038 0.74903 -3.55038 0.74903 -4.13258 0.62427 -3.55038 0.74903 -4.13258 0.49951 -4.13258 0.74903 -3.55038 0.87378 -3.55038 0.74903 -4.13258 0.87378 -3.55038 0.99854 -3.55038 0.99854 -4.13258 0.87378 -3.55038 0.99854 -4.13258 0.74903 -4.13258 4.9e-4 -4.51191 4.9e-4 -4.13258 0.25 -4.51191 4.9e-4 -4.13258 0.25 -4.13258 0.25 -4.51191 0.25 -4.13258 0.49951 -4.13258 0.25 -4.51191 0.25 -4.51191 0.49951 -4.13258 0.49951 -4.51191 0.49951 -4.51191 0.49951 -4.13258 0.74903 -4.51191 0.49951 -4.13258 0.74903 -4.13258 0.74903 -4.51191 0.74903 -4.13258 0.99854 -4.13258 0.74903 -4.51191 0.74903 -4.51191 0.99854 -4.13258 0.99854 -4.51191 4.9e-4 -4.82461 4.9e-4 -4.51191 0.25 -4.82461 4.9e-4 -4.51191 0.25 -4.51191 0.25 -4.82461 0.25 -4.51191 0.49951 -4.51191 0.25 -4.82461 0.25 -4.82461 0.49951 -4.51191 0.49951 -4.82461 0.49951 -4.82461 0.49951 -4.51191 0.74903 -4.82461 0.49951 -4.51191 0.74903 -4.51191 0.74903 -4.82461 0.74903 -4.51191 0.99854 -4.51191 0.74903 -4.82461 0.74903 -4.82461 0.99854 -4.51191 0.99854 -4.82461 4.9e-4 -5.10419 4.9e-4 -4.82461 0.25 -5.10419 4.9e-4 -4.82461 0.25 -4.82461 0.25 -5.10419 0.25 -4.82461 0.49951 -4.82461 0.25 -5.10419 0.25 -5.10419 0.49951 -4.82461 0.49951 -5.10419 0.49951 -5.10419 0.49951 -4.82461 0.74903 -5.10419 0.49951 -4.82461 0.74903 -4.82461 0.74903 -5.10419 0.74903 -4.82461 0.99854 -4.82461 0.74903 -5.10419 0.74903 -5.10419 0.99854 -4.82461 0.99854 -5.10419 4.9e-4 -5.10419 0.25 -5.10419 0.12524 -5.0965 0.25 -5.10419 0.49951 -5.10419 0.37476 -5.0965 0.49951 -5.10419 0.74903 -5.10419 0.62427 -5.0965 0.74903 -5.10419 0.99854 -5.10419 0.87378 -5.0965 4.9e-4 -1.93106 4.9e-4 0 0.12524 -1.93106 4.9e-4 0 0.12524 0 0.12524 -1.93106 0.12524 0 0.25 0 0.12524 -1.93106 0.12524 -1.93106 0.25 0 0.25 -1.93106 0.25 -1.93106 0.25 0 0.37476 -1.93106 0.25 0 0.37476 0 0.37476 -1.93106 0.37476 0 0.49951 0 0.37476 -1.93106 0.37476 -1.93106 0.49951 0 0.49951 -1.93106 0.49951 -1.93106 0.49951 0 0.62427 -1.93106 0.49951 0 0.62427 0 0.62427 -1.93106 0.62427 0 0.74903 0 0.62427 -1.93106 0.62427 -1.93106 0.74903 0 0.74903 -1.93106 0.74903 -1.93106 0.74903 0 0.87378 -1.93106 0.74903 0 0.87378 0 0.87378 -1.93106 0.87378 0 0.99854 0 0.87378 -1.93106 0.87378 -1.93106 0.99854 0 0.99854 -1.93106 4.9e-4 -2.91609 4.9e-4 -1.93106 0.12524 -2.91609 4.9e-4 -1.93106 0.12524 -1.93106 0.12524 -2.91609 0.12524 -1.93106 0.25 -1.93106 0.12524 -2.91609 0.12524 -2.91609 0.25 -1.93106 0.25 -2.91609 0.25 -2.91609 0.25 -1.93106 0.37476 -2.91609 0.25 -1.93106 0.37476 -1.93106 0.37476 -2.91609 0.37476 -1.93106 0.49951 -1.93106 0.37476 -2.91609 0.37476 -2.91609 0.49951 -1.93106 0.49951 -2.91609 0.49951 -2.91609 0.49951 -1.93106 0.62427 -2.91609 0.49951 -1.93106 0.62427 -1.93106 0.62427 -2.91609 0.62427 -1.93106 0.74903 -1.93106 0.62427 -2.91609 0.62427 -2.91609 0.74903 -1.93106 0.74903 -2.91609 0.74903 -2.91609 0.74903 -1.93106 0.87378 -2.91609 0.74903 -1.93106 0.87378 -1.93106 0.87378 -2.91609 0.87378 -1.93106 0.99854 -1.93106 0.87378 -2.91609 0.87378 -2.91609 0.99854 -1.93106 0.99854 -2.91609 4.9e-4 -3.76937 4.9e-4 -2.91609 0.12524 -3.76937 4.9e-4 -2.91609 0.12524 -2.91609 0.12524 -3.76937 0.12524 -2.91609 0.25 -2.91609 0.12524 -3.76937 0.12524 -3.76937 0.25 -2.91609 0.25 -3.76937 0.25 -3.76937 0.25 -2.91609 0.37476 -3.76937 0.25 -2.91609 0.37476 -2.91609 0.37476 -3.76937 0.37476 -2.91609 0.49951 -2.91609 0.37476 -3.76937 0.37476 -3.76937 0.49951 -2.91609 0.49951 -3.76937 0.49951 -3.76937 0.49951 -2.91609 0.62427 -3.76937 0.49951 -2.91609 0.62427 -2.91609 0.62427 -3.76937 0.62427 -2.91609 0.74903 -2.91609 0.62427 -3.76937 0.62427 -3.76937 0.74903 -2.91609 0.74903 -3.76937 0.74903 -3.76937 0.74903 -2.91609 0.87378 -3.76937 0.74903 -2.91609 0.87378 -2.91609 0.87378 -3.76937 0.87378 -2.91609 0.99854 -2.91609 0.87378 -3.76937 0.87378 -3.76937 0.99854 -2.91609 0.99854 -3.76937 4.9e-4 -3.76937 0.12524 -3.76937 4.9e-4 -4.38392 0.12524 -3.76937 0.25 -3.76937 0.25 -4.38392 0.12524 -3.76937 0.25 -4.38392 4.9e-4 -4.38392 0.25 -3.76937 0.37476 -3.76937 0.25 -4.38392 0.37476 -3.76937 0.49951 -3.76937 0.49951 -4.38392 0.37476 -3.76937 0.49951 -4.38392 0.25 -4.38392 0.49951 -3.76937 0.62427 -3.76937 0.49951 -4.38392 0.62427 -3.76937 0.74903 -3.76937 0.74903 -4.38392 0.62427 -3.76937 0.74903 -4.38392 0.49951 -4.38392 0.74903 -3.76937 0.87378 -3.76937 0.74903 -4.38392 0.87378 -3.76937 0.99854 -3.76937 0.99854 -4.38392 0.87378 -3.76937 0.99854 -4.38392 0.74903 -4.38392 4.9e-4 -4.788 4.9e-4 -4.38392 0.25 -4.788 4.9e-4 -4.38392 0.25 -4.38392 0.25 -4.788 0.25 -4.38392 0.49951 -4.38392 0.25 -4.788 0.25 -4.788 0.49951 -4.38392 0.49951 -4.788 0.49951 -4.788 0.49951 -4.38392 0.74903 -4.788 0.49951 -4.38392 0.74903 -4.38392 0.74903 -4.788 0.74903 -4.38392 0.99854 -4.38392 0.74903 -4.788 0.74903 -4.788 0.99854 -4.38392 0.99854 -4.788 4.9e-4 -5.13 4.9e-4 -4.788 0.25 -5.13 4.9e-4 -4.788 0.25 -4.788 0.25 -5.13 0.25 -4.788 0.49951 -4.788 0.25 -5.13 0.25 -5.13 0.49951 -4.788 0.49951 -5.13 0.49951 -5.13 0.49951 -4.788 0.74903 -5.13 0.49951 -4.788 0.74903 -4.788 0.74903 -5.13 0.74903 -4.788 0.99854 -4.788 0.74903 -5.13 0.74903 -5.13 0.99854 -4.788 0.99854 -5.13 4.9e-4 -5.43846 4.9e-4 -5.13 0.25 -5.43846 4.9e-4 -5.13 0.25 -5.13 0.25 -5.43846 0.25 -5.13 0.49951 -5.13 0.25 -5.43846 0.25 -5.43846 0.49951 -5.13 0.49951 -5.43846 0.49951 -5.43846 0.49951 -5.13 0.74903 -5.43846 0.49951 -5.13 0.74903 -5.13 0.74903 -5.43846 0.74903 -5.13 0.99854 -5.13 0.74903 -5.43846 0.74903 -5.43846 0.99854 -5.13 0.99854 -5.43846 4.9e-4 -5.43846 0.25 -5.43846 0.12524 -5.431 0.25 -5.43846 0.49951 -5.43846 0.37476 -5.431 0.49951 -5.43846 0.74903 -5.43846 0.62427 -5.431 0.74903 -5.43846 0.99854 -5.43846 0.87378 -5.431 4.9e-4 -2.31535 4.9e-4 0 0.12524 -2.31535 4.9e-4 0 0.12524 0 0.12524 -2.31535 0.12524 0 0.25 0 0.12524 -2.31535 0.12524 -2.31535 0.25 0 0.25 -2.31535 0.25 -2.31535 0.25 0 0.37476 -2.31535 0.25 0 0.37476 0 0.37476 -2.31535 0.37476 0 0.49951 0 0.37476 -2.31535 0.37476 -2.31535 0.49951 0 0.49951 -2.31535 0.49951 -2.31535 0.49951 0 0.62427 -2.31535 0.49951 0 0.62427 0 0.62427 -2.31535 0.62427 0 0.74903 0 0.62427 -2.31535 0.62427 -2.31535 0.74903 0 0.74903 -2.31535 0.74903 -2.31535 0.74903 0 0.87378 -2.31535 0.74903 0 0.87378 0 0.87378 -2.31535 0.87378 0 0.99854 0 0.87378 -2.31535 0.87378 -2.31535 0.99854 0 0.99854 -2.31535 4.9e-4 -3.45139 4.9e-4 -2.31535 0.12524 -3.45139 4.9e-4 -2.31535 0.12524 -2.31535 0.12524 -3.45139 0.12524 -2.31535 0.25 -2.31535 0.12524 -3.45139 0.12524 -3.45139 0.25 -2.31535 0.25 -3.45139 0.25 -3.45139 0.25 -2.31535 0.37476 -3.45139 0.25 -2.31535 0.37476 -2.31535 0.37476 -3.45139 0.37476 -2.31535 0.49951 -2.31535 0.37476 -3.45139 0.37476 -3.45139 0.49951 -2.31535 0.49951 -3.45139 0.49951 -3.45139 0.49951 -2.31535 0.62427 -3.45139 0.49951 -2.31535 0.62427 -2.31535 0.62427 -3.45139 0.62427 -2.31535 0.74903 -2.31535 0.62427 -3.45139 0.62427 -3.45139 0.74903 -2.31535 0.74903 -3.45139 0.74903 -3.45139 0.74903 -2.31535 0.87378 -3.45139 0.74903 -2.31535 0.87378 -2.31535 0.87378 -3.45139 0.87378 -2.31535 0.99854 -2.31535 0.87378 -3.45139 0.87378 -3.45139 0.99854 -2.31535 0.99854 -3.45139 4.9e-4 -3.45139 0.12524 -3.45139 4.9e-4 -4.4509 0.12524 -3.45139 0.25 -3.45139 0.25 -4.4509 0.12524 -3.45139 0.25 -4.4509 4.9e-4 -4.4509 0.25 -3.45139 0.37476 -3.45139 0.25 -4.4509 0.37476 -3.45139 0.49951 -3.45139 0.49951 -4.4509 0.37476 -3.45139 0.49951 -4.4509 0.25 -4.4509 0.49951 -3.45139 0.62427 -3.45139 0.49951 -4.4509 0.62427 -3.45139 0.74903 -3.45139 0.74903 -4.4509 0.62427 -3.45139 0.74903 -4.4509 0.49951 -4.4509 0.74903 -3.45139 0.87378 -3.45139 0.74903 -4.4509 0.87378 -3.45139 0.99854 -3.45139 0.99854 -4.4509 0.87378 -3.45139 0.99854 -4.4509 0.74903 -4.4509 4.9e-4 -5.12052 4.9e-4 -4.4509 0.25 -5.12052 4.9e-4 -4.4509 0.25 -4.4509 0.25 -5.12052 0.25 -4.4509 0.49951 -4.4509 0.25 -5.12052 0.25 -5.12052 0.49951 -4.4509 0.49951 -5.12052 0.49951 -5.12052 0.49951 -4.4509 0.74903 -5.12052 0.49951 -4.4509 0.74903 -4.4509 0.74903 -5.12052 0.74903 -4.4509 0.99854 -4.4509 0.74903 -5.12052 0.74903 -5.12052 0.99854 -4.4509 0.99854 -5.12052 4.9e-4 -5.57714 4.9e-4 -5.12052 0.25 -5.57714 4.9e-4 -5.12052 0.25 -5.12052 0.25 -5.57714 0.25 -5.12052 0.49951 -5.12052 0.25 -5.57714 0.25 -5.57714 0.49951 -5.12052 0.49951 -5.57714 0.49951 -5.57714 0.49951 -5.12052 0.74903 -5.57714 0.49951 -5.12052 0.74903 -5.12052 0.74903 -5.57714 0.74903 -5.12052 0.99854 -5.12052 0.74903 -5.57714 0.74903 -5.57714 0.99854 -5.12052 0.99854 -5.57714 4.9e-4 -6.02393 4.9e-4 -5.57714 0.25 -6.02393 4.9e-4 -5.57714 0.25 -5.57714 0.25 -6.02393 0.25 -5.57714 0.49951 -5.57714 0.25 -6.02393 0.25 -6.02393 0.49951 -5.57714 0.49951 -6.02393 0.49951 -6.02393 0.49951 -5.57714 0.74903 -6.02393 0.49951 -5.57714 0.74903 -5.57714 0.74903 -6.02393 0.74903 -5.57714 0.99854 -5.57714 0.74903 -6.02393 0.74903 -6.02393 0.99854 -5.57714 0.99854 -6.02393 4.9e-4 -6.02393 0.25 -6.02393 0.12524 -6.01354 0.25 -6.02393 0.49951 -6.02393 0.37476 -6.01354 0.49951 -6.02393 0.74903 -6.02393 0.62427 -6.01354 0.74903 -6.02393 0.99854 -6.02393 0.87378 -6.01354 4.9e-4 -2.30091 4.9e-4 0 0.12524 -2.30091 4.9e-4 0 0.12524 0 0.12524 -2.30091 0.12524 0 0.25 0 0.12524 -2.30091 0.12524 -2.30091 0.25 0 0.25 -2.30091 0.25 -2.30091 0.25 0 0.37476 -2.30091 0.25 0 0.37476 0 0.37476 -2.30091 0.37476 0 0.49951 0 0.37476 -2.30091 0.37476 -2.30091 0.49951 0 0.49951 -2.30091 0.49951 -2.30091 0.49951 0 0.62427 -2.30091 0.49951 0 0.62427 0 0.62427 -2.30091 0.62427 0 0.74903 0 0.62427 -2.30091 0.62427 -2.30091 0.74903 0 0.74903 -2.30091 0.74903 -2.30091 0.74903 0 0.87378 -2.30091 0.74903 0 0.87378 0 0.87378 -2.30091 0.87378 0 0.99854 0 0.87378 -2.30091 0.87378 -2.30091 0.99854 0 0.99854 -2.30091 4.9e-4 -3.43158 4.9e-4 -2.30091 0.12524 -3.43158 4.9e-4 -2.30091 0.12524 -2.30091 0.12524 -3.43158 0.12524 -2.30091 0.25 -2.30091 0.12524 -3.43158 0.12524 -3.43158 0.25 -2.30091 0.25 -3.43158 0.25 -3.43158 0.25 -2.30091 0.37476 -3.43158 0.25 -2.30091 0.37476 -2.30091 0.37476 -3.43158 0.37476 -2.30091 0.49951 -2.30091 0.37476 -3.43158 0.37476 -3.43158 0.49951 -2.30091 0.49951 -3.43158 0.49951 -3.43158 0.49951 -2.30091 0.62427 -3.43158 0.49951 -2.30091 0.62427 -2.30091 0.62427 -3.43158 0.62427 -2.30091 0.74903 -2.30091 0.62427 -3.43158 0.62427 -3.43158 0.74903 -2.30091 0.74903 -3.43158 0.74903 -3.43158 0.74903 -2.30091 0.87378 -3.43158 0.74903 -2.30091 0.87378 -2.30091 0.87378 -3.43158 0.87378 -2.30091 0.99854 -2.30091 0.87378 -3.43158 0.87378 -3.43158 0.99854 -2.30091 0.99854 -3.43158 4.9e-4 -3.43158 0.12524 -3.43158 4.9e-4 -4.43418 0.12524 -3.43158 0.25 -3.43158 0.25 -4.43418 0.12524 -3.43158 0.25 -4.43418 4.9e-4 -4.43418 0.25 -3.43158 0.37476 -3.43158 0.25 -4.43418 0.37476 -3.43158 0.49951 -3.43158 0.49951 -4.43418 0.37476 -3.43158 0.49951 -4.43418 0.25 -4.43418 0.49951 -3.43158 0.62427 -3.43158 0.49951 -4.43418 0.62427 -3.43158 0.74903 -3.43158 0.74903 -4.43418 0.62427 -3.43158 0.74903 -4.43418 0.49951 -4.43418 0.74903 -3.43158 0.87378 -3.43158 0.74903 -4.43418 0.87378 -3.43158 0.99854 -3.43158 0.99854 -4.43418 0.87378 -3.43158 0.99854 -4.43418 0.74903 -4.43418 4.9e-4 -5.09796 4.9e-4 -4.43418 0.25 -5.09796 4.9e-4 -4.43418 0.25 -4.43418 0.25 -5.09796 0.25 -4.43418 0.49951 -4.43418 0.25 -5.09796 0.25 -5.09796 0.49951 -4.43418 0.49951 -5.09796 0.49951 -5.09796 0.49951 -4.43418 0.74903 -5.09796 0.49951 -4.43418 0.74903 -4.43418 0.74903 -5.09796 0.74903 -4.43418 0.99854 -4.43418 0.74903 -5.09796 0.74903 -5.09796 0.99854 -4.43418 0.99854 -5.09796 4.9e-4 -5.54664 4.9e-4 -5.09796 0.25 -5.54664 4.9e-4 -5.09796 0.25 -5.09796 0.25 -5.54664 0.25 -5.09796 0.49951 -5.09796 0.25 -5.54664 0.25 -5.54664 0.49951 -5.09796 0.49951 -5.54664 0.49951 -5.54664 0.49951 -5.09796 0.74903 -5.54664 0.49951 -5.09796 0.74903 -5.09796 0.74903 -5.54664 0.74903 -5.09796 0.99854 -5.09796 0.74903 -5.54664 0.74903 -5.54664 0.99854 -5.09796 0.99854 -5.54664 4.9e-4 -5.98192 4.9e-4 -5.54664 0.25 -5.98192 4.9e-4 -5.54664 0.25 -5.54664 0.25 -5.98192 0.25 -5.54664 0.49951 -5.54664 0.25 -5.98192 0.25 -5.98192 0.49951 -5.54664 0.49951 -5.98192 0.49951 -5.98192 0.49951 -5.54664 0.74903 -5.98192 0.49951 -5.54664 0.74903 -5.54664 0.74903 -5.98192 0.74903 -5.54664 0.99854 -5.54664 0.74903 -5.98192 0.74903 -5.98192 0.99854 -5.54664 0.99854 -5.98192 4.9e-4 -5.98192 0.25 -5.98192 0.12524 -5.97183 0.25 -5.98192 0.49951 -5.98192 0.37476 -5.97183 0.49951 -5.98192 0.74903 -5.98192 0.62427 -5.97183 0.74903 -5.98192 0.99854 -5.98192 0.87378 -5.97183 4.9e-4 -2.11382 4.9e-4 0 0.12524 -2.11382 4.9e-4 0 0.12524 0 0.12524 -2.11382 0.12524 0 0.25 0 0.12524 -2.11382 0.12524 -2.11382 0.25 0 0.25 -2.11382 0.25 -2.11382 0.25 0 0.37476 -2.11382 0.25 0 0.37476 0 0.37476 -2.11382 0.37476 0 0.49951 0 0.37476 -2.11382 0.37476 -2.11382 0.49951 0 0.49951 -2.11382 0.49951 -2.11382 0.49951 0 0.62427 -2.11382 0.49951 0 0.62427 0 0.62427 -2.11382 0.62427 0 0.74903 0 0.62427 -2.11382 0.62427 -2.11382 0.74903 0 0.74903 -2.11382 0.74903 -2.11382 0.74903 0 0.87378 -2.11382 0.74903 0 0.87378 0 0.87378 -2.11382 0.87378 0 0.99854 0 0.87378 -2.11382 0.87378 -2.11382 0.99854 0 0.99854 -2.11382 4.9e-4 -3.1516 4.9e-4 -2.11382 0.12524 -3.1516 4.9e-4 -2.11382 0.12524 -2.11382 0.12524 -3.1516 0.12524 -2.11382 0.25 -2.11382 0.12524 -3.1516 0.12524 -3.1516 0.25 -2.11382 0.25 -3.1516 0.25 -3.1516 0.25 -2.11382 0.37476 -3.1516 0.25 -2.11382 0.37476 -2.11382 0.37476 -3.1516 0.37476 -2.11382 0.49951 -2.11382 0.37476 -3.1516 0.37476 -3.1516 0.49951 -2.11382 0.49951 -3.1516 0.49951 -3.1516 0.49951 -2.11382 0.62427 -3.1516 0.49951 -2.11382 0.62427 -2.11382 0.62427 -3.1516 0.62427 -2.11382 0.74903 -2.11382 0.62427 -3.1516 0.62427 -3.1516 0.74903 -2.11382 0.74903 -3.1516 0.74903 -3.1516 0.74903 -2.11382 0.87378 -3.1516 0.74903 -2.11382 0.87378 -2.11382 0.87378 -3.1516 0.87378 -2.11382 0.99854 -2.11382 0.87378 -3.1516 0.87378 -3.1516 0.99854 -2.11382 0.99854 -3.1516 4.9e-4 -3.1516 0.12524 -3.1516 4.9e-4 -4.0579 0.12524 -3.1516 0.25 -3.1516 0.25 -4.0579 0.12524 -3.1516 0.25 -4.0579 4.9e-4 -4.0579 0.25 -3.1516 0.37476 -3.1516 0.25 -4.0579 0.37476 -3.1516 0.49951 -3.1516 0.49951 -4.0579 0.37476 -3.1516 0.49951 -4.0579 0.25 -4.0579 0.49951 -3.1516 0.62427 -3.1516 0.49951 -4.0579 0.62427 -3.1516 0.74903 -3.1516 0.74903 -4.0579 0.62427 -3.1516 0.74903 -4.0579 0.49951 -4.0579 0.74903 -3.1516 0.87378 -3.1516 0.74903 -4.0579 0.87378 -3.1516 0.99854 -3.1516 0.99854 -4.0579 0.87378 -3.1516 0.99854 -4.0579 0.74903 -4.0579 4.9e-4 -4.65753 4.9e-4 -4.0579 0.25 -4.65753 4.9e-4 -4.0579 0.25 -4.0579 0.25 -4.65753 0.25 -4.0579 0.49951 -4.0579 0.25 -4.65753 0.25 -4.65753 0.49951 -4.0579 0.49951 -4.65753 0.49951 -4.65753 0.49951 -4.0579 0.74903 -4.65753 0.49951 -4.0579 0.74903 -4.0579 0.74903 -4.65753 0.74903 -4.0579 0.99854 -4.0579 0.74903 -4.65753 0.74903 -4.65753 0.99854 -4.0579 0.99854 -4.65753 4.9e-4 -5.04288 4.9e-4 -4.65753 0.25 -5.04288 4.9e-4 -4.65753 0.25 -4.65753 0.25 -5.04288 0.25 -4.65753 0.49951 -4.65753 0.25 -5.04288 0.25 -5.04288 0.49951 -4.65753 0.49951 -5.04288 0.49951 -5.04288 0.49951 -4.65753 0.74903 -5.04288 0.49951 -4.65753 0.74903 -4.65753 0.74903 -5.04288 0.74903 -4.65753 0.99854 -4.65753 0.74903 -5.04288 0.74903 -5.04288 0.99854 -4.65753 0.99854 -5.04288 4.9e-4 -5.39692 4.9e-4 -5.04288 0.25 -5.39692 4.9e-4 -5.04288 0.25 -5.04288 0.25 -5.39692 0.25 -5.04288 0.49951 -5.04288 0.25 -5.39692 0.25 -5.39692 0.49951 -5.04288 0.49951 -5.39692 0.49951 -5.39692 0.49951 -5.04288 0.74903 -5.39692 0.49951 -5.04288 0.74903 -5.04288 0.74903 -5.39692 0.74903 -5.04288 0.99854 -5.04288 0.74903 -5.39692 0.74903 -5.39692 0.99854 -5.04288 0.99854 -5.39692 4.9e-4 -5.39692 0.25 -5.39692 0.12524 -5.38737 0.25 -5.39692 0.49951 -5.39692 0.37476 -5.38737 0.49951 -5.39692 0.74903 -5.39692 0.62427 -5.38737 0.74903 -5.39692 0.99854 -5.39692 0.87378 -5.38737 4.9e-4 -1.9558 4.9e-4 0 0.16683 -1.9558 4.9e-4 0 0.16683 0 0.16683 -1.9558 0.16683 0 0.33317 0 0.16683 -1.9558 0.16683 -1.9558 0.33317 0 0.33317 -1.9558 0.33317 -1.9558 0.33317 0 0.49951 -1.9558 0.33317 0 0.49951 0 0.49951 -1.9558 0.49951 0 0.66586 0 0.49951 -1.9558 0.49951 -1.9558 0.66586 0 0.66586 -1.9558 0.66586 -1.9558 0.66586 0 0.8322 -1.9558 0.66586 0 0.8322 0 0.8322 -1.9558 0.8322 0 0.99854 0 0.8322 -1.9558 0.8322 -1.9558 0.99854 0 0.99854 -1.9558 4.9e-4 -2.91044 4.9e-4 -1.9558 0.16683 -2.91044 4.9e-4 -1.9558 0.16683 -1.9558 0.16683 -2.91044 0.16683 -1.9558 0.33317 -1.9558 0.16683 -2.91044 0.16683 -2.91044 0.33317 -1.9558 0.33317 -2.91044 0.33317 -2.91044 0.33317 -1.9558 0.49951 -2.91044 0.33317 -1.9558 0.49951 -1.9558 0.49951 -2.91044 0.49951 -1.9558 0.66586 -1.9558 0.49951 -2.91044 0.49951 -2.91044 0.66586 -1.9558 0.66586 -2.91044 0.66586 -2.91044 0.66586 -1.9558 0.8322 -2.91044 0.66586 -1.9558 0.8322 -1.9558 0.8322 -2.91044 0.8322 -1.9558 0.99854 -1.9558 0.8322 -2.91044 0.8322 -2.91044 0.99854 -1.9558 0.99854 -2.91044 4.9e-4 -2.91044 0.16683 -2.91044 4.9e-4 -3.73658 0.16683 -2.91044 0.33317 -2.91044 0.33317 -3.73658 0.16683 -2.91044 0.33317 -3.73658 4.9e-4 -3.73658 0.33317 -2.91044 0.49951 -2.91044 0.33317 -3.73658 0.49951 -2.91044 0.66586 -2.91044 0.66586 -3.73658 0.49951 -2.91044 0.66586 -3.73658 0.33317 -3.73658 0.66586 -2.91044 0.8322 -2.91044 0.66586 -3.73658 0.8322 -2.91044 0.99854 -2.91044 0.99854 -3.73658 0.8322 -2.91044 0.99854 -3.73658 0.66586 -3.73658 4.9e-4 -4.29332 4.9e-4 -3.73658 0.33317 -4.29332 4.9e-4 -3.73658 0.33317 -3.73658 0.33317 -4.29332 0.33317 -3.73658 0.66586 -3.73658 0.33317 -4.29332 0.33317 -4.29332 0.66586 -3.73658 0.66586 -4.29332 0.66586 -4.29332 0.66586 -3.73658 0.99854 -4.29332 0.66586 -3.73658 0.99854 -3.73658 0.99854 -4.29332 4.9e-4 -4.65459 4.9e-4 -4.29332 0.33317 -4.65459 4.9e-4 -4.29332 0.33317 -4.29332 0.33317 -4.65459 0.33317 -4.29332 0.66586 -4.29332 0.33317 -4.65459 0.33317 -4.65459 0.66586 -4.29332 0.66586 -4.65459 0.66586 -4.65459 0.66586 -4.29332 0.99854 -4.65459 0.66586 -4.29332 0.99854 -4.29332 0.99854 -4.65459 4.9e-4 -4.94391 4.9e-4 -4.65459 0.33317 -4.94391 4.9e-4 -4.65459 0.33317 -4.65459 0.33317 -4.94391 0.33317 -4.65459 0.66586 -4.65459 0.33317 -4.94391 0.33317 -4.94391 0.66586 -4.65459 0.66586 -4.94391 0.66586 -4.94391 0.66586 -4.65459 0.99854 -4.94391 0.66586 -4.65459 0.99854 -4.65459 0.99854 -4.94391 4.9e-4 -4.94391 0.33317 -4.94391 0.16683 -4.9346 0.33317 -4.94391 0.66586 -4.94391 0.49951 -4.9346 0.66586 -4.94391 0.99854 -4.94391 0.8322 -4.9346 4.9e-4 -1.69381 4.9e-4 0 0.16683 -1.69381 4.9e-4 0 0.16683 0 0.16683 -1.69381 0.16683 0 0.33317 0 0.16683 -1.69381 0.16683 -1.69381 0.33317 0 0.33317 -1.69381 0.33317 -1.69381 0.33317 0 0.49951 -1.69381 0.33317 0 0.49951 0 0.49951 -1.69381 0.49951 0 0.66586 0 0.49951 -1.69381 0.49951 -1.69381 0.66586 0 0.66586 -1.69381 0.66586 -1.69381 0.66586 0 0.8322 -1.69381 0.66586 0 0.8322 0 0.8322 -1.69381 0.8322 0 0.99854 0 0.8322 -1.69381 0.8322 -1.69381 0.99854 0 0.99854 -1.69381 4.9e-4 -3.20897 4.9e-4 -1.69381 0.16683 -3.20897 4.9e-4 -1.69381 0.16683 -1.69381 0.16683 -3.20897 0.16683 -1.69381 0.33317 -1.69381 0.16683 -3.20897 0.16683 -3.20897 0.33317 -1.69381 0.33317 -3.20897 0.33317 -3.20897 0.33317 -1.69381 0.49951 -3.20897 0.33317 -1.69381 0.49951 -1.69381 0.49951 -3.20897 0.49951 -1.69381 0.66586 -1.69381 0.49951 -3.20897 0.49951 -3.20897 0.66586 -1.69381 0.66586 -3.20897 0.66586 -3.20897 0.66586 -1.69381 0.8322 -3.20897 0.66586 -1.69381 0.8322 -1.69381 0.8322 -3.20897 0.8322 -1.69381 0.99854 -1.69381 0.8322 -3.20897 0.8322 -3.20897 0.99854 -1.69381 0.99854 -3.20897 4.9e-4 -3.20897 0.16683 -3.20897 4.9e-4 -3.99553 0.16683 -3.20897 0.33317 -3.20897 0.33317 -3.99553 0.16683 -3.20897 0.33317 -3.99553 4.9e-4 -3.99553 0.33317 -3.20897 0.49951 -3.20897 0.33317 -3.99553 0.49951 -3.20897 0.66586 -3.20897 0.66586 -3.99553 0.49951 -3.20897 0.66586 -3.99553 0.33317 -3.99553 0.66586 -3.20897 0.8322 -3.20897 0.66586 -3.99553 0.8322 -3.20897 0.99854 -3.20897 0.99854 -3.99553 0.8322 -3.20897 0.99854 -3.99553 0.66586 -3.99553 4.9e-4 -4.48129 4.9e-4 -3.99553 0.33317 -4.48129 4.9e-4 -3.99553 0.33317 -3.99553 0.33317 -4.48129 0.33317 -3.99553 0.66586 -3.99553 0.33317 -4.48129 0.33317 -4.48129 0.66586 -3.99553 0.66586 -4.48129 0.66586 -4.48129 0.66586 -3.99553 0.99854 -4.48129 0.66586 -3.99553 0.99854 -3.99553 0.99854 -4.48129 4.9e-4 -4.80752 4.9e-4 -4.48129 0.33317 -4.80752 4.9e-4 -4.48129 0.33317 -4.48129 0.33317 -4.80752 0.33317 -4.48129 0.66586 -4.48129 0.33317 -4.80752 0.33317 -4.80752 0.66586 -4.48129 0.66586 -4.80752 0.66586 -4.80752 0.66586 -4.48129 0.99854 -4.80752 0.66586 -4.48129 0.99854 -4.48129 0.99854 -4.80752 4.9e-4 -4.80752 0.33317 -4.80752 0.16683 -4.80033 0.33317 -4.80752 0.66586 -4.80752 0.49951 -4.80033 0.66586 -4.80752 0.99854 -4.80752 0.8322 -4.80033 4.9e-4 -1.61849 4.9e-4 0 0.2001 -1.61849 4.9e-4 0 0.2001 0 0.2001 -1.61849 0.2001 0 0.39971 0 0.2001 -1.61849 0.2001 -1.61849 0.39971 0 0.39971 -1.61849 0.39971 -1.61849 0.39971 0 0.59932 -1.61849 0.39971 0 0.59932 0 0.59932 -1.61849 0.59932 0 0.79893 0 0.59932 -1.61849 0.59932 -1.61849 0.79893 0 0.79893 -1.61849 0.79893 -1.61849 0.79893 0 0.99854 -1.61849 0.79893 0 0.99854 0 0.99854 -1.61849 4.9e-4 -3.05335 4.9e-4 -1.61849 0.2001 -3.05335 4.9e-4 -1.61849 0.2001 -1.61849 0.2001 -3.05335 0.2001 -1.61849 0.39971 -1.61849 0.2001 -3.05335 0.2001 -3.05335 0.39971 -1.61849 0.39971 -3.05335 0.39971 -3.05335 0.39971 -1.61849 0.59932 -3.05335 0.39971 -1.61849 0.59932 -1.61849 0.59932 -3.05335 0.59932 -1.61849 0.79893 -1.61849 0.59932 -3.05335 0.59932 -3.05335 0.79893 -1.61849 0.79893 -3.05335 0.79893 -3.05335 0.79893 -1.61849 0.99854 -3.05335 0.79893 -1.61849 0.99854 -1.61849 0.99854 -3.05335 4.9e-4 -3.79216 4.9e-4 -3.05335 0.2001 -3.79216 4.9e-4 -3.05335 0.2001 -3.05335 0.2001 -3.79216 0.2001 -3.05335 0.39971 -3.05335 0.2001 -3.79216 0.2001 -3.79216 0.39971 -3.05335 0.39971 -3.79216 0.39971 -3.79216 0.39971 -3.05335 0.59932 -3.79216 0.39971 -3.05335 0.59932 -3.05335 0.59932 -3.79216 0.59932 -3.05335 0.79893 -3.05335 0.59932 -3.79216 0.59932 -3.79216 0.79893 -3.05335 0.79893 -3.79216 0.79893 -3.79216 0.79893 -3.05335 0.99854 -3.79216 0.79893 -3.05335 0.99854 -3.05335 0.99854 -3.79216 4.9e-4 -4.24388 4.9e-4 -3.79216 0.2001 -4.24388 4.9e-4 -3.79216 0.2001 -3.79216 0.2001 -4.24388 0.2001 -3.79216 0.39971 -3.79216 0.2001 -4.24388 0.2001 -4.24388 0.39971 -3.79216 0.39971 -4.24388 0.39971 -4.24388 0.39971 -3.79216 0.59932 -4.24388 0.39971 -3.79216 0.59932 -3.79216 0.59932 -4.24388 0.59932 -3.79216 0.79893 -3.79216 0.59932 -4.24388 0.59932 -4.24388 0.79893 -3.79216 0.79893 -4.24388 0.79893 -4.24388 0.79893 -3.79216 0.99854 -4.24388 0.79893 -3.79216 0.99854 -3.79216 0.99854 -4.24388 4.9e-4 -4.54841 4.9e-4 -4.24388 0.2001 -4.54841 4.9e-4 -4.24388 0.2001 -4.24388 0.2001 -4.54841 0.2001 -4.24388 0.39971 -4.24388 0.2001 -4.54841 0.2001 -4.54841 0.39971 -4.24388 0.39971 -4.54841 0.39971 -4.54841 0.39971 -4.24388 0.59932 -4.54841 0.39971 -4.24388 0.59932 -4.24388 0.59932 -4.54841 0.59932 -4.24388 0.79893 -4.24388 0.59932 -4.54841 0.59932 -4.54841 0.79893 -4.24388 0.79893 -4.54841 0.79893 -4.54841 0.79893 -4.24388 0.99854 -4.54841 0.79893 -4.24388 0.99854 -4.24388 0.99854 -4.54841 4.9e-4 -4.54841 0.2001 -4.54841 0.10029 -4.54268 0.2001 -4.54841 0.39971 -4.54841 0.2999 -4.54268 0.39971 -4.54841 0.59932 -4.54841 0.49951 -4.54268 0.59932 -4.54841 0.79893 -4.54841 0.69912 -4.54268 0.79893 -4.54841 0.99854 -4.54841 0.89873 -4.54268 4.9e-4 -1.90697 4.9e-4 0 0.25 -1.90697 4.9e-4 0 0.25 0 0.25 -1.90697 0.25 0 0.49951 0 0.25 -1.90697 0.25 -1.90697 0.49951 0 0.49951 -1.90697 0.49951 -1.90697 0.49951 0 0.74903 -1.90697 0.49951 0 0.74903 0 0.74903 -1.90697 0.74903 0 0.99854 0 0.74903 -1.90697 0.74903 -1.90697 0.99854 0 0.99854 -1.90697 4.9e-4 -3.52967 4.9e-4 -1.90697 0.25 -3.52967 4.9e-4 -1.90697 0.25 -1.90697 0.25 -3.52967 0.25 -1.90697 0.49951 -1.90697 0.25 -3.52967 0.25 -3.52967 0.49951 -1.90697 0.49951 -3.52967 0.49951 -3.52967 0.49951 -1.90697 0.74903 -3.52967 0.49951 -1.90697 0.74903 -1.90697 0.74903 -3.52967 0.74903 -1.90697 0.99854 -1.90697 0.74903 -3.52967 0.74903 -3.52967 0.99854 -1.90697 0.99854 -3.52967 4.9e-4 -4.28314 4.9e-4 -3.52967 0.25 -4.28314 4.9e-4 -3.52967 0.25 -3.52967 0.25 -4.28314 0.25 -3.52967 0.49951 -3.52967 0.25 -4.28314 0.25 -4.28314 0.49951 -3.52967 0.49951 -4.28314 0.49951 -4.28314 0.49951 -3.52967 0.74903 -4.28314 0.49951 -3.52967 0.74903 -3.52967 0.74903 -4.28314 0.74903 -3.52967 0.99854 -3.52967 0.74903 -4.28314 0.74903 -4.28314 0.99854 -3.52967 0.99854 -4.28314 4.9e-4 -4.28314 0.25 -4.28314 0.12524 -4.27991 0.25 -4.28314 0.49951 -4.28314 0.37476 -4.27991 0.49951 -4.28314 0.74903 -4.28314 0.62427 -4.27991 0.74903 -4.28314 0.99854 -4.28314 0.87378 -4.27991 4.9e-4 -1.94851 4.9e-4 0 0.25 -1.94851 4.9e-4 0 0.25 0 0.25 -1.94851 0.25 0 0.49951 0 0.25 -1.94851 0.25 -1.94851 0.49951 0 0.49951 -1.94851 0.49951 -1.94851 0.49951 0 0.74903 -1.94851 0.49951 0 0.74903 0 0.74903 -1.94851 0.74903 0 0.99854 0 0.74903 -1.94851 0.74903 -1.94851 0.99854 0 0.99854 -1.94851 4.9e-4 -3.89207 4.9e-4 -1.94851 0.25 -3.89207 4.9e-4 -1.94851 0.25 -1.94851 0.25 -3.89207 0.25 -1.94851 0.49951 -1.94851 0.25 -3.89207 0.25 -3.89207 0.49951 -1.94851 0.49951 -3.89207 0.49951 -3.89207 0.49951 -1.94851 0.74903 -3.89207 0.49951 -1.94851 0.74903 -1.94851 0.74903 -3.89207 0.74903 -1.94851 0.99854 -1.94851 0.74903 -3.89207 0.74903 -3.89207 0.99854 -1.94851 0.99854 -3.89207 4.9e-4 -3.89207 0.25 -3.89207 0.12524 -3.89003 0.25 -3.89207 0.49951 -3.89207 0.37476 -3.89003 0.49951 -3.89207 0.74903 -3.89207 0.62427 -3.89003 0.74903 -3.89207 0.99854 -3.89207 0.87378 -3.89003 4.9e-4 -2.13536 0.12524 -2.13536 4.9e-4 -2.79668 4.9e-4 -2.79668 0.12524 -2.13536 0.12524 -2.79668 0.12524 -2.13536 0.25 -2.13536 0.12524 -2.79668 0.12524 -2.79668 0.25 -2.13536 0.25 -2.79668 0.25 -2.13536 0.37476 -2.13536 0.25 -2.79668 0.25 -2.79668 0.37476 -2.13536 0.37476 -2.79668 0.37476 -2.13536 0.49951 -2.13536 0.37476 -2.79668 0.37476 -2.79668 0.49951 -2.13536 0.49951 -2.79668 0.49951 -2.13536 0.62427 -2.13536 0.49951 -2.79668 0.49951 -2.79668 0.62427 -2.13536 0.62427 -2.79668 0.62427 -2.13536 0.74903 -2.13536 0.62427 -2.79668 0.62427 -2.79668 0.74903 -2.13536 0.74903 -2.79668 0.74903 -2.13536 0.87378 -2.13536 0.74903 -2.79668 0.74903 -2.79668 0.87378 -2.13536 0.87378 -2.79668 0.87378 -2.13536 0.99854 -2.13536 0.87378 -2.79668 0.87378 -2.79668 0.99854 -2.13536 0.99854 -2.79668 4.9e-4 -3.46816 4.9e-4 -2.79668 0.12524 -3.46816 4.9e-4 -2.79668 0.12524 -2.79668 0.12524 -3.46816 0.12524 -2.79668 0.25 -2.79668 0.12524 -3.46816 0.12524 -3.46816 0.25 -2.79668 0.25 -3.46816 0.25 -3.46816 0.25 -2.79668 0.37476 -3.46816 0.25 -2.79668 0.37476 -2.79668 0.37476 -3.46816 0.37476 -2.79668 0.49951 -2.79668 0.37476 -3.46816 0.37476 -3.46816 0.49951 -2.79668 0.49951 -3.46816 0.49951 -3.46816 0.49951 -2.79668 0.62427 -3.46816 0.49951 -2.79668 0.62427 -2.79668 0.62427 -3.46816 0.62427 -2.79668 0.74903 -2.79668 0.62427 -3.46816 0.62427 -3.46816 0.74903 -2.79668 0.74903 -3.46816 0.74903 -3.46816 0.74903 -2.79668 0.87378 -3.46816 0.74903 -2.79668 0.87378 -2.79668 0.87378 -3.46816 0.87378 -2.79668 0.99854 -2.79668 0.87378 -3.46816 0.87378 -3.46816 0.99854 -2.79668 0.99854 -3.46816 4.9e-4 -3.46816 0.12524 -3.46816 4.9e-4 -3.87998 0.12524 -3.46816 0.25 -3.46816 0.25 -3.87998 0.12524 -3.46816 0.25 -3.87998 4.9e-4 -3.87998 0.25 -3.46816 0.37476 -3.46816 0.25 -3.87998 0.37476 -3.46816 0.49951 -3.46816 0.49951 -3.87998 0.37476 -3.46816 0.49951 -3.87998 0.25 -3.87998 0.49951 -3.46816 0.62427 -3.46816 0.49951 -3.87998 0.62427 -3.46816 0.74903 -3.46816 0.74903 -3.87998 0.62427 -3.46816 0.74903 -3.87998 0.49951 -3.87998 0.74903 -3.46816 0.87378 -3.46816 0.74903 -3.87998 0.87378 -3.46816 0.99854 -3.46816 0.99854 -3.87998 0.87378 -3.46816 0.99854 -3.87998 0.74903 -3.87998 4.9e-4 -4.28072 4.9e-4 -3.87998 0.25 -4.28072 4.9e-4 -3.87998 0.25 -3.87998 0.25 -4.28072 0.25 -3.87998 0.49951 -3.87998 0.25 -4.28072 0.25 -4.28072 0.49951 -3.87998 0.49951 -4.28072 0.49951 -4.28072 0.49951 -3.87998 0.74903 -4.28072 0.49951 -3.87998 0.74903 -3.87998 0.74903 -4.28072 0.74903 -3.87998 0.99854 -3.87998 0.74903 -4.28072 0.74903 -4.28072 0.99854 -3.87998 0.99854 -4.28072 4.9e-4 -4.55408 4.9e-4 -4.28072 0.25 -4.55408 4.9e-4 -4.28072 0.25 -4.28072 0.25 -4.55408 0.25 -4.28072 0.49951 -4.28072 0.25 -4.55408 0.25 -4.55408 0.49951 -4.28072 0.49951 -4.55408 0.49951 -4.55408 0.49951 -4.28072 0.74903 -4.55408 0.49951 -4.28072 0.74903 -4.28072 0.74903 -4.55408 0.74903 -4.28072 0.99854 -4.28072 0.74903 -4.55408 0.74903 -4.55408 0.99854 -4.28072 0.99854 -4.55408 4.9e-4 -4.82732 4.9e-4 -4.55408 0.25 -4.82732 4.9e-4 -4.55408 0.25 -4.55408 0.25 -4.82732 0.25 -4.55408 0.49951 -4.55408 0.25 -4.82732 0.25 -4.82732 0.49951 -4.55408 0.49951 -4.82732 0.49951 -4.82732 0.49951 -4.55408 0.74903 -4.82732 0.49951 -4.55408 0.74903 -4.55408 0.74903 -4.82732 0.74903 -4.55408 0.99854 -4.55408 0.74903 -4.82732 0.74903 -4.82732 0.99854 -4.55408 0.99854 -4.82732 4.9e-4 -5.07464 4.9e-4 -4.82732 0.25 -5.07464 4.9e-4 -4.82732 0.25 -4.82732 0.25 -5.07464 0.25 -4.82732 0.49951 -4.82732 0.25 -5.07464 0.25 -5.07464 0.49951 -4.82732 0.49951 -5.07464 0.49951 -5.07464 0.49951 -4.82732 0.74903 -5.07464 0.49951 -4.82732 0.74903 -4.82732 0.74903 -5.07464 0.74903 -4.82732 0.99854 -4.82732 0.74903 -5.07464 0.74903 -5.07464 0.99854 -4.82732 0.99854 -5.07464 4.9e-4 -5.07464 0.25 -5.07464 0.12524 -5.05401 0.25 -5.07464 0.49951 -5.07464 0.37476 -5.05401 0.49951 -5.07464 0.74903 -5.07464 0.62427 -5.05401 0.74903 -5.07464 0.99854 -5.07464 0.87378 -5.05401 4.9e-4 -1.61168 0.12524 -1.61168 4.9e-4 -2.46026 4.9e-4 -2.46026 0.12524 -1.61168 0.12524 -2.46026 0.12524 -1.61168 0.25 -1.61168 0.12524 -2.46026 0.12524 -2.46026 0.25 -1.61168 0.25 -2.46026 0.25 -1.61168 0.37476 -1.61168 0.25 -2.46026 0.25 -2.46026 0.37476 -1.61168 0.37476 -2.46026 0.37476 -1.61168 0.49951 -1.61168 0.37476 -2.46026 0.37476 -2.46026 0.49951 -1.61168 0.49951 -2.46026 0.49951 -1.61168 0.62427 -1.61168 0.49951 -2.46026 0.49951 -2.46026 0.62427 -1.61168 0.62427 -2.46026 0.62427 -1.61168 0.74903 -1.61168 0.62427 -2.46026 0.62427 -2.46026 0.74903 -1.61168 0.74903 -2.46026 0.74903 -1.61168 0.87378 -1.61168 0.74903 -2.46026 0.74903 -2.46026 0.87378 -1.61168 0.87378 -2.46026 0.87378 -1.61168 0.99854 -1.61168 0.87378 -2.46026 0.87378 -2.46026 0.99854 -1.61168 0.99854 -2.46026 4.9e-4 -3.21952 4.9e-4 -2.46026 0.12524 -3.21952 4.9e-4 -2.46026 0.12524 -2.46026 0.12524 -3.21952 0.12524 -2.46026 0.25 -2.46026 0.12524 -3.21952 0.12524 -3.21952 0.25 -2.46026 0.25 -3.21952 0.25 -3.21952 0.25 -2.46026 0.37476 -3.21952 0.25 -2.46026 0.37476 -2.46026 0.37476 -3.21952 0.37476 -2.46026 0.49951 -2.46026 0.37476 -3.21952 0.37476 -3.21952 0.49951 -2.46026 0.49951 -3.21952 0.49951 -3.21952 0.49951 -2.46026 0.62427 -3.21952 0.49951 -2.46026 0.62427 -2.46026 0.62427 -3.21952 0.62427 -2.46026 0.74903 -2.46026 0.62427 -3.21952 0.62427 -3.21952 0.74903 -2.46026 0.74903 -3.21952 0.74903 -3.21952 0.74903 -2.46026 0.87378 -3.21952 0.74903 -2.46026 0.87378 -2.46026 0.87378 -3.21952 0.87378 -2.46026 0.99854 -2.46026 0.87378 -3.21952 0.87378 -3.21952 0.99854 -2.46026 0.99854 -3.21952 4.9e-4 -3.21952 0.12524 -3.21952 4.9e-4 -3.81106 0.12524 -3.21952 0.25 -3.21952 0.25 -3.81106 0.12524 -3.21952 0.25 -3.81106 4.9e-4 -3.81106 0.25 -3.21952 0.37476 -3.21952 0.25 -3.81106 0.37476 -3.21952 0.49951 -3.21952 0.49951 -3.81106 0.37476 -3.21952 0.49951 -3.81106 0.25 -3.81106 0.49951 -3.21952 0.62427 -3.21952 0.49951 -3.81106 0.62427 -3.21952 0.74903 -3.21952 0.74903 -3.81106 0.62427 -3.21952 0.74903 -3.81106 0.49951 -3.81106 0.74903 -3.21952 0.87378 -3.21952 0.74903 -3.81106 0.87378 -3.21952 0.99854 -3.21952 0.99854 -3.81106 0.87378 -3.21952 0.99854 -3.81106 0.74903 -3.81106 4.9e-4 -4.2602 4.9e-4 -3.81106 0.25 -4.2602 4.9e-4 -3.81106 0.25 -3.81106 0.25 -4.2602 0.25 -3.81106 0.49951 -3.81106 0.25 -4.2602 0.25 -4.2602 0.49951 -3.81106 0.49951 -4.2602 0.49951 -4.2602 0.49951 -3.81106 0.74903 -4.2602 0.49951 -3.81106 0.74903 -3.81106 0.74903 -4.2602 0.74903 -3.81106 0.99854 -3.81106 0.74903 -4.2602 0.74903 -4.2602 0.99854 -3.81106 0.99854 -4.2602 4.9e-4 -4.62507 4.9e-4 -4.2602 0.25 -4.62507 4.9e-4 -4.2602 0.25 -4.2602 0.25 -4.62507 0.25 -4.2602 0.49951 -4.2602 0.25 -4.62507 0.25 -4.62507 0.49951 -4.2602 0.49951 -4.62507 0.49951 -4.62507 0.49951 -4.2602 0.74903 -4.62507 0.49951 -4.2602 0.74903 -4.2602 0.74903 -4.62507 0.74903 -4.2602 0.99854 -4.2602 0.74903 -4.62507 0.74903 -4.62507 0.99854 -4.2602 0.99854 -4.62507 4.9e-4 -4.93425 4.9e-4 -4.62507 0.25 -4.93425 4.9e-4 -4.62507 0.25 -4.62507 0.25 -4.93425 0.25 -4.62507 0.49951 -4.62507 0.25 -4.93425 0.25 -4.93425 0.49951 -4.62507 0.49951 -4.93425 0.49951 -4.93425 0.49951 -4.62507 0.74903 -4.93425 0.49951 -4.62507 0.74903 -4.62507 0.74903 -4.93425 0.74903 -4.62507 0.99854 -4.62507 0.74903 -4.93425 0.74903 -4.93425 0.99854 -4.62507 0.99854 -4.93425 4.9e-4 -5.22563 4.9e-4 -4.93425 0.25 -5.22563 4.9e-4 -4.93425 0.25 -4.93425 0.25 -5.22563 0.25 -4.93425 0.49951 -4.93425 0.25 -5.22563 0.25 -5.22563 0.49951 -4.93425 0.49951 -5.22563 0.49951 -5.22563 0.49951 -4.93425 0.74903 -5.22563 0.49951 -4.93425 0.74903 -4.93425 0.74903 -5.22563 0.74903 -4.93425 0.99854 -4.93425 0.74903 -5.22563 0.74903 -5.22563 0.99854 -4.93425 0.99854 -5.22563 4.9e-4 -5.22563 0.25 -5.22563 0.12524 -5.2062 0.25 -5.22563 0.49951 -5.22563 0.37476 -5.2062 0.49951 -5.22563 0.74903 -5.22563 0.62427 -5.2062 0.74903 -5.22563 0.99854 -5.22563 0.87378 -5.2062 4.9e-4 -1.65195 0.12524 -1.65195 4.9e-4 -2.55432 4.9e-4 -2.55432 0.12524 -1.65195 0.12524 -2.55432 0.12524 -1.65195 0.25 -1.65195 0.12524 -2.55432 0.12524 -2.55432 0.25 -1.65195 0.25 -2.55432 0.25 -1.65195 0.37476 -1.65195 0.25 -2.55432 0.25 -2.55432 0.37476 -1.65195 0.37476 -2.55432 0.37476 -1.65195 0.49951 -1.65195 0.37476 -2.55432 0.37476 -2.55432 0.49951 -1.65195 0.49951 -2.55432 0.49951 -1.65195 0.62427 -1.65195 0.49951 -2.55432 0.49951 -2.55432 0.62427 -1.65195 0.62427 -2.55432 0.62427 -1.65195 0.74903 -1.65195 0.62427 -2.55432 0.62427 -2.55432 0.74903 -1.65195 0.74903 -2.55432 0.74903 -1.65195 0.87378 -1.65195 0.74903 -2.55432 0.74903 -2.55432 0.87378 -1.65195 0.87378 -2.55432 0.87378 -1.65195 0.99854 -1.65195 0.87378 -2.55432 0.87378 -2.55432 0.99854 -1.65195 0.99854 -2.55432 4.9e-4 -3.38276 4.9e-4 -2.55432 0.12524 -3.38276 4.9e-4 -2.55432 0.12524 -2.55432 0.12524 -3.38276 0.12524 -2.55432 0.25 -2.55432 0.12524 -3.38276 0.12524 -3.38276 0.25 -2.55432 0.25 -3.38276 0.25 -3.38276 0.25 -2.55432 0.37476 -3.38276 0.25 -2.55432 0.37476 -2.55432 0.37476 -3.38276 0.37476 -2.55432 0.49951 -2.55432 0.37476 -3.38276 0.37476 -3.38276 0.49951 -2.55432 0.49951 -3.38276 0.49951 -3.38276 0.49951 -2.55432 0.62427 -3.38276 0.49951 -2.55432 0.62427 -2.55432 0.62427 -3.38276 0.62427 -2.55432 0.74903 -2.55432 0.62427 -3.38276 0.62427 -3.38276 0.74903 -2.55432 0.74903 -3.38276 0.74903 -3.38276 0.74903 -2.55432 0.87378 -3.38276 0.74903 -2.55432 0.87378 -2.55432 0.87378 -3.38276 0.87378 -2.55432 0.99854 -2.55432 0.87378 -3.38276 0.87378 -3.38276 0.99854 -2.55432 0.99854 -3.38276 4.9e-4 -3.38276 0.12524 -3.38276 4.9e-4 -3.99532 0.12524 -3.38276 0.25 -3.38276 0.25 -3.99532 0.12524 -3.38276 0.25 -3.99532 4.9e-4 -3.99532 0.25 -3.38276 0.37476 -3.38276 0.25 -3.99532 0.37476 -3.38276 0.49951 -3.38276 0.49951 -3.99532 0.37476 -3.38276 0.49951 -3.99532 0.25 -3.99532 0.49951 -3.38276 0.62427 -3.38276 0.49951 -3.99532 0.62427 -3.38276 0.74903 -3.38276 0.74903 -3.99532 0.62427 -3.38276 0.74903 -3.99532 0.49951 -3.99532 0.74903 -3.38276 0.87378 -3.38276 0.74903 -3.99532 0.87378 -3.38276 0.99854 -3.38276 0.99854 -3.99532 0.87378 -3.38276 0.99854 -3.99532 0.74903 -3.99532 4.9e-4 -4.45475 4.9e-4 -3.99532 0.25 -4.45475 4.9e-4 -3.99532 0.25 -3.99532 0.25 -4.45475 0.25 -3.99532 0.49951 -3.99532 0.25 -4.45475 0.25 -4.45475 0.49951 -3.99532 0.49951 -4.45475 0.49951 -4.45475 0.49951 -3.99532 0.74903 -4.45475 0.49951 -3.99532 0.74903 -3.99532 0.74903 -4.45475 0.74903 -3.99532 0.99854 -3.99532 0.74903 -4.45475 0.74903 -4.45475 0.99854 -3.99532 0.99854 -4.45475 4.9e-4 -4.8138 4.9e-4 -4.45475 0.25 -4.8138 4.9e-4 -4.45475 0.25 -4.45475 0.25 -4.8138 0.25 -4.45475 0.49951 -4.45475 0.25 -4.8138 0.25 -4.8138 0.49951 -4.45475 0.49951 -4.8138 0.49951 -4.8138 0.49951 -4.45475 0.74903 -4.8138 0.49951 -4.45475 0.74903 -4.45475 0.74903 -4.8138 0.74903 -4.45475 0.99854 -4.45475 0.74903 -4.8138 0.74903 -4.8138 0.99854 -4.45475 0.99854 -4.8138 4.9e-4 -5.10821 4.9e-4 -4.8138 0.25 -5.10821 4.9e-4 -4.8138 0.25 -4.8138 0.25 -5.10821 0.25 -4.8138 0.49951 -4.8138 0.25 -5.10821 0.25 -5.10821 0.49951 -4.8138 0.49951 -5.10821 0.49951 -5.10821 0.49951 -4.8138 0.74903 -5.10821 0.49951 -4.8138 0.74903 -4.8138 0.74903 -5.10821 0.74903 -4.8138 0.99854 -4.8138 0.74903 -5.10821 0.74903 -5.10821 0.99854 -4.8138 0.99854 -5.10821 4.9e-4 -5.38416 4.9e-4 -5.10821 0.25 -5.38416 4.9e-4 -5.10821 0.25 -5.10821 0.25 -5.38416 0.25 -5.10821 0.49951 -5.10821 0.25 -5.38416 0.25 -5.38416 0.49951 -5.10821 0.49951 -5.38416 0.49951 -5.38416 0.49951 -5.10821 0.74903 -5.38416 0.49951 -5.10821 0.74903 -5.10821 0.74903 -5.38416 0.74903 -5.10821 0.99854 -5.10821 0.74903 -5.38416 0.74903 -5.38416 0.99854 -5.10821 0.99854 -5.38416 4.9e-4 -5.38416 0.25 -5.38416 0.12524 -5.36659 0.25 -5.38416 0.49951 -5.38416 0.37476 -5.36659 0.49951 -5.38416 0.74903 -5.38416 0.62427 -5.36659 0.74903 -5.38416 0.99854 -5.38416 0.87378 -5.36659 4.9e-4 -1.74722 0.12524 -1.74722 4.9e-4 -2.82033 4.9e-4 -2.82033 0.12524 -1.74722 0.12524 -2.82033 0.12524 -1.74722 0.25 -1.74722 0.12524 -2.82033 0.12524 -2.82033 0.25 -1.74722 0.25 -2.82033 0.25 -1.74722 0.37476 -1.74722 0.25 -2.82033 0.25 -2.82033 0.37476 -1.74722 0.37476 -2.82033 0.37476 -1.74722 0.49951 -1.74722 0.37476 -2.82033 0.37476 -2.82033 0.49951 -1.74722 0.49951 -2.82033 0.49951 -1.74722 0.62427 -1.74722 0.49951 -2.82033 0.49951 -2.82033 0.62427 -1.74722 0.62427 -2.82033 0.62427 -1.74722 0.74903 -1.74722 0.62427 -2.82033 0.62427 -2.82033 0.74903 -1.74722 0.74903 -2.82033 0.74903 -1.74722 0.87378 -1.74722 0.74903 -2.82033 0.74903 -2.82033 0.87378 -1.74722 0.87378 -2.82033 0.87378 -1.74722 0.99854 -1.74722 0.87378 -2.82033 0.87378 -2.82033 0.99854 -1.74722 0.99854 -2.82033 4.9e-4 -3.76145 4.9e-4 -2.82033 0.12524 -3.76145 4.9e-4 -2.82033 0.12524 -2.82033 0.12524 -3.76145 0.12524 -2.82033 0.25 -2.82033 0.12524 -3.76145 0.12524 -3.76145 0.25 -2.82033 0.25 -3.76145 0.25 -3.76145 0.25 -2.82033 0.37476 -3.76145 0.25 -2.82033 0.37476 -2.82033 0.37476 -3.76145 0.37476 -2.82033 0.49951 -2.82033 0.37476 -3.76145 0.37476 -3.76145 0.49951 -2.82033 0.49951 -3.76145 0.49951 -3.76145 0.49951 -2.82033 0.62427 -3.76145 0.49951 -2.82033 0.62427 -2.82033 0.62427 -3.76145 0.62427 -2.82033 0.74903 -2.82033 0.62427 -3.76145 0.62427 -3.76145 0.74903 -2.82033 0.74903 -3.76145 0.74903 -3.76145 0.74903 -2.82033 0.87378 -3.76145 0.74903 -2.82033 0.87378 -2.82033 0.87378 -3.76145 0.87378 -2.82033 0.99854 -2.82033 0.87378 -3.76145 0.87378 -3.76145 0.99854 -2.82033 0.99854 -3.76145 4.9e-4 -3.76145 0.12524 -3.76145 4.9e-4 -4.44542 0.12524 -3.76145 0.25 -3.76145 0.25 -4.44542 0.12524 -3.76145 0.25 -4.44542 4.9e-4 -4.44542 0.25 -3.76145 0.37476 -3.76145 0.25 -4.44542 0.37476 -3.76145 0.49951 -3.76145 0.49951 -4.44542 0.37476 -3.76145 0.49951 -4.44542 0.25 -4.44542 0.49951 -3.76145 0.62427 -3.76145 0.49951 -4.44542 0.62427 -3.76145 0.74903 -3.76145 0.74903 -4.44542 0.62427 -3.76145 0.74903 -4.44542 0.49951 -4.44542 0.74903 -3.76145 0.87378 -3.76145 0.74903 -4.44542 0.87378 -3.76145 0.99854 -3.76145 0.99854 -4.44542 0.87378 -3.76145 0.99854 -4.44542 0.74903 -4.44542 4.9e-4 -4.89973 4.9e-4 -4.44542 0.25 -4.89973 4.9e-4 -4.44542 0.25 -4.44542 0.25 -4.89973 0.25 -4.44542 0.49951 -4.44542 0.25 -4.89973 0.25 -4.89973 0.49951 -4.44542 0.49951 -4.89973 0.49951 -4.89973 0.49951 -4.44542 0.74903 -4.89973 0.49951 -4.44542 0.74903 -4.44542 0.74903 -4.89973 0.74903 -4.44542 0.99854 -4.44542 0.74903 -4.89973 0.74903 -4.89973 0.99854 -4.44542 0.99854 -4.89973 4.9e-4 -5.28732 4.9e-4 -4.89973 0.25 -5.28732 4.9e-4 -4.89973 0.25 -4.89973 0.25 -5.28732 0.25 -4.89973 0.49951 -4.89973 0.25 -5.28732 0.25 -5.28732 0.49951 -4.89973 0.49951 -5.28732 0.49951 -5.28732 0.49951 -4.89973 0.74903 -5.28732 0.49951 -4.89973 0.74903 -4.89973 0.74903 -5.28732 0.74903 -4.89973 0.99854 -4.89973 0.74903 -5.28732 0.74903 -5.28732 0.99854 -4.89973 0.99854 -5.28732 4.9e-4 -5.64514 4.9e-4 -5.28732 0.25 -5.64514 4.9e-4 -5.28732 0.25 -5.28732 0.25 -5.64514 0.25 -5.28732 0.49951 -5.28732 0.25 -5.64514 0.25 -5.64514 0.49951 -5.28732 0.49951 -5.64514 0.49951 -5.64514 0.49951 -5.28732 0.74903 -5.64514 0.49951 -5.28732 0.74903 -5.28732 0.74903 -5.64514 0.74903 -5.28732 0.99854 -5.28732 0.74903 -5.64514 0.74903 -5.64514 0.99854 -5.28732 0.99854 -5.64514 4.9e-4 -5.64514 0.25 -5.64514 0.12524 -5.62842 0.25 -5.64514 0.49951 -5.64514 0.37476 -5.62842 0.49951 -5.64514 0.74903 -5.64514 0.62427 -5.62842 0.74903 -5.64514 0.99854 -5.64514 0.87378 -5.62842 4.9e-4 -1.82928 0.12524 -1.82928 4.9e-4 -2.90191 4.9e-4 -2.90191 0.12524 -1.82928 0.12524 -2.90191 0.12524 -1.82928 0.25 -1.82928 0.12524 -2.90191 0.12524 -2.90191 0.25 -1.82928 0.25 -2.90191 0.25 -1.82928 0.37476 -1.82928 0.25 -2.90191 0.25 -2.90191 0.37476 -1.82928 0.37476 -2.90191 0.37476 -1.82928 0.49951 -1.82928 0.37476 -2.90191 0.37476 -2.90191 0.49951 -1.82928 0.49951 -2.90191 0.49951 -1.82928 0.62427 -1.82928 0.49951 -2.90191 0.49951 -2.90191 0.62427 -1.82928 0.62427 -2.90191 0.62427 -1.82928 0.74903 -1.82928 0.62427 -2.90191 0.62427 -2.90191 0.74903 -1.82928 0.74903 -2.90191 0.74903 -1.82928 0.87378 -1.82928 0.74903 -2.90191 0.74903 -2.90191 0.87378 -1.82928 0.87378 -2.90191 0.87378 -1.82928 0.99854 -1.82928 0.87378 -2.90191 0.87378 -2.90191 0.99854 -1.82928 0.99854 -2.90191 4.9e-4 -3.82446 4.9e-4 -2.90191 0.12524 -3.82446 4.9e-4 -2.90191 0.12524 -2.90191 0.12524 -3.82446 0.12524 -2.90191 0.25 -2.90191 0.12524 -3.82446 0.12524 -3.82446 0.25 -2.90191 0.25 -3.82446 0.25 -3.82446 0.25 -2.90191 0.37476 -3.82446 0.25 -2.90191 0.37476 -2.90191 0.37476 -3.82446 0.37476 -2.90191 0.49951 -2.90191 0.37476 -3.82446 0.37476 -3.82446 0.49951 -2.90191 0.49951 -3.82446 0.49951 -3.82446 0.49951 -2.90191 0.62427 -3.82446 0.49951 -2.90191 0.62427 -2.90191 0.62427 -3.82446 0.62427 -2.90191 0.74903 -2.90191 0.62427 -3.82446 0.62427 -3.82446 0.74903 -2.90191 0.74903 -3.82446 0.74903 -3.82446 0.74903 -2.90191 0.87378 -3.82446 0.74903 -2.90191 0.87378 -2.90191 0.87378 -3.82446 0.87378 -2.90191 0.99854 -2.90191 0.87378 -3.82446 0.87378 -3.82446 0.99854 -2.90191 0.99854 -3.82446 4.9e-4 -3.82446 0.12524 -3.82446 4.9e-4 -4.52199 0.12524 -3.82446 0.25 -3.82446 0.25 -4.52199 0.12524 -3.82446 0.25 -4.52199 4.9e-4 -4.52199 0.25 -3.82446 0.37476 -3.82446 0.25 -4.52199 0.37476 -3.82446 0.49951 -3.82446 0.49951 -4.52199 0.37476 -3.82446 0.49951 -4.52199 0.25 -4.52199 0.49951 -3.82446 0.62427 -3.82446 0.49951 -4.52199 0.62427 -3.82446 0.74903 -3.82446 0.74903 -4.52199 0.62427 -3.82446 0.74903 -4.52199 0.49951 -4.52199 0.74903 -3.82446 0.87378 -3.82446 0.74903 -4.52199 0.87378 -3.82446 0.99854 -3.82446 0.99854 -4.52199 0.87378 -3.82446 0.99854 -4.52199 0.74903 -4.52199 4.9e-4 -4.98176 4.9e-4 -4.52199 0.25 -4.98176 4.9e-4 -4.52199 0.25 -4.52199 0.25 -4.98176 0.25 -4.52199 0.49951 -4.52199 0.25 -4.98176 0.25 -4.98176 0.49951 -4.52199 0.49951 -4.98176 0.49951 -4.98176 0.49951 -4.52199 0.74903 -4.98176 0.49951 -4.52199 0.74903 -4.52199 0.74903 -4.98176 0.74903 -4.52199 0.99854 -4.52199 0.74903 -4.98176 0.74903 -4.98176 0.99854 -4.52199 0.99854 -4.98176 4.9e-4 -5.37208 4.9e-4 -4.98176 0.25 -5.37208 4.9e-4 -4.98176 0.25 -4.98176 0.25 -5.37208 0.25 -4.98176 0.49951 -4.98176 0.25 -5.37208 0.25 -5.37208 0.49951 -4.98176 0.49951 -5.37208 0.49951 -5.37208 0.49951 -4.98176 0.74903 -5.37208 0.49951 -4.98176 0.74903 -4.98176 0.74903 -5.37208 0.74903 -4.98176 0.99854 -4.98176 0.74903 -5.37208 0.74903 -5.37208 0.99854 -4.98176 0.99854 -5.37208 4.9e-4 -5.73015 4.9e-4 -5.37208 0.25 -5.73015 4.9e-4 -5.37208 0.25 -5.37208 0.25 -5.73015 0.25 -5.37208 0.49951 -5.37208 0.25 -5.73015 0.25 -5.73015 0.49951 -5.37208 0.49951 -5.73015 0.49951 -5.73015 0.49951 -5.37208 0.74903 -5.73015 0.49951 -5.37208 0.74903 -5.37208 0.74903 -5.73015 0.74903 -5.37208 0.99854 -5.37208 0.74903 -5.73015 0.74903 -5.73015 0.99854 -5.37208 0.99854 -5.73015 4.9e-4 -5.73015 0.25 -5.73015 0.12524 -5.71478 0.25 -5.73015 0.49951 -5.73015 0.37476 -5.71478 0.49951 -5.73015 0.74903 -5.73015 0.62427 -5.71478 0.74903 -5.73015 0.99854 -5.73015 0.87378 -5.71478 4.9e-4 -1.93106 0.12524 -1.93106 4.9e-4 -3.05419 4.9e-4 -3.05419 0.12524 -1.93106 0.12524 -3.05419 0.12524 -1.93106 0.25 -1.93106 0.12524 -3.05419 0.12524 -3.05419 0.25 -1.93106 0.25 -3.05419 0.25 -1.93106 0.37476 -1.93106 0.25 -3.05419 0.25 -3.05419 0.37476 -1.93106 0.37476 -3.05419 0.37476 -1.93106 0.49951 -1.93106 0.37476 -3.05419 0.37476 -3.05419 0.49951 -1.93106 0.49951 -3.05419 0.49951 -1.93106 0.62427 -1.93106 0.49951 -3.05419 0.49951 -3.05419 0.62427 -1.93106 0.62427 -3.05419 0.62427 -1.93106 0.74903 -1.93106 0.62427 -3.05419 0.62427 -3.05419 0.74903 -1.93106 0.74903 -3.05419 0.74903 -1.93106 0.87378 -1.93106 0.74903 -3.05419 0.74903 -3.05419 0.87378 -1.93106 0.87378 -3.05419 0.87378 -1.93106 0.99854 -1.93106 0.87378 -3.05419 0.87378 -3.05419 0.99854 -1.93106 0.99854 -3.05419 4.9e-4 -4.02005 4.9e-4 -3.05419 0.12524 -4.02005 4.9e-4 -3.05419 0.12524 -3.05419 0.12524 -4.02005 0.12524 -3.05419 0.25 -3.05419 0.12524 -4.02005 0.12524 -4.02005 0.25 -3.05419 0.25 -4.02005 0.25 -4.02005 0.25 -3.05419 0.37476 -4.02005 0.25 -3.05419 0.37476 -3.05419 0.37476 -4.02005 0.37476 -3.05419 0.49951 -3.05419 0.37476 -4.02005 0.37476 -4.02005 0.49951 -3.05419 0.49951 -4.02005 0.49951 -4.02005 0.49951 -3.05419 0.62427 -4.02005 0.49951 -3.05419 0.62427 -3.05419 0.62427 -4.02005 0.62427 -3.05419 0.74903 -3.05419 0.62427 -4.02005 0.62427 -4.02005 0.74903 -3.05419 0.74903 -4.02005 0.74903 -4.02005 0.74903 -3.05419 0.87378 -4.02005 0.74903 -3.05419 0.87378 -3.05419 0.87378 -4.02005 0.87378 -3.05419 0.99854 -3.05419 0.87378 -4.02005 0.87378 -4.02005 0.99854 -3.05419 0.99854 -4.02005 4.9e-4 -4.02005 0.12524 -4.02005 4.9e-4 -4.75798 0.12524 -4.02005 0.25 -4.02005 0.25 -4.75798 0.12524 -4.02005 0.25 -4.75798 4.9e-4 -4.75798 0.25 -4.02005 0.37476 -4.02005 0.25 -4.75798 0.37476 -4.02005 0.49951 -4.02005 0.49951 -4.75798 0.37476 -4.02005 0.49951 -4.75798 0.25 -4.75798 0.49951 -4.02005 0.62427 -4.02005 0.49951 -4.75798 0.62427 -4.02005 0.74903 -4.02005 0.74903 -4.75798 0.62427 -4.02005 0.74903 -4.75798 0.49951 -4.75798 0.74903 -4.02005 0.87378 -4.02005 0.74903 -4.75798 0.87378 -4.02005 0.99854 -4.02005 0.99854 -4.75798 0.87378 -4.02005 0.99854 -4.75798 0.74903 -4.75798 4.9e-4 -5.23959 4.9e-4 -4.75798 0.25 -5.23959 4.9e-4 -4.75798 0.25 -4.75798 0.25 -5.23959 0.25 -4.75798 0.49951 -4.75798 0.25 -5.23959 0.25 -5.23959 0.49951 -4.75798 0.49951 -5.23959 0.49951 -5.23959 0.49951 -4.75798 0.74903 -5.23959 0.49951 -4.75798 0.74903 -4.75798 0.74903 -5.23959 0.74903 -4.75798 0.99854 -4.75798 0.74903 -5.23959 0.74903 -5.23959 0.99854 -4.75798 0.99854 -5.23959 4.9e-4 -5.64786 4.9e-4 -5.23959 0.25 -5.64786 4.9e-4 -5.23959 0.25 -5.23959 0.25 -5.64786 0.25 -5.23959 0.49951 -5.23959 0.25 -5.64786 0.25 -5.64786 0.49951 -5.23959 0.49951 -5.64786 0.49951 -5.64786 0.49951 -5.23959 0.74903 -5.64786 0.49951 -5.23959 0.74903 -5.23959 0.74903 -5.64786 0.74903 -5.23959 0.99854 -5.23959 0.74903 -5.64786 0.74903 -5.64786 0.99854 -5.23959 0.99854 -5.64786 4.9e-4 -6.02088 4.9e-4 -5.64786 0.25 -6.02088 4.9e-4 -5.64786 0.25 -5.64786 0.25 -6.02088 0.25 -5.64786 0.49951 -5.64786 0.25 -6.02088 0.25 -6.02088 0.49951 -5.64786 0.49951 -6.02088 0.49951 -6.02088 0.49951 -5.64786 0.74903 -6.02088 0.49951 -5.64786 0.74903 -5.64786 0.74903 -6.02088 0.74903 -5.64786 0.99854 -5.64786 0.74903 -6.02088 0.74903 -6.02088 0.99854 -5.64786 0.99854 -6.02088 4.9e-4 -6.02088 0.25 -6.02088 0.12524 -6.00597 0.25 -6.02088 0.49951 -6.02088 0.37476 -6.00597 0.49951 -6.02088 0.74903 -6.02088 0.62427 -6.00597 0.74903 -6.02088 0.99854 -6.02088 0.87378 -6.00597</float_array>
          <technique_common>
            <accessor source="#Tree_0_Tree_0Mat_0-mesh-map-0-array" count="5487" stride="2">
              <param name="S" type="float"/>
              <param name="T" type="float"/>
            </accessor>
          </technique_common>
        </source>
        <vertices id="Tree_0_Tree_0Mat_0-mesh-vertices">
          <input semantic="POSITION" source="#Tree_0_Tree_0Mat_0-mesh-positions"/>
        </vertices>
        <triangles material="Tree_0Mat-material" count="1829">
          <input semantic="VERTEX" source="#Tree_0_Tree_0Mat_0-mesh-vertices" offset="0"/>
          <input semantic="NORMAL" source="#Tree_0_Tree_0Mat_0-mesh-normals" offset="1"/>
          <input semantic="TEXCOORD" source="#Tree_0_Tree_0Mat_0-mesh-map-0" offset="2" set="0"/>
          <p>0 0 0 1 1 1 2 2 2 3 3 3 1 1 4 0 0 5 1 1 6 4 4 7 2 2 8 2 2 9 5 5 10 6 6 11 4 4 12 5 5 13 2 2 14 5 5 15 7 7 16 6 6 17 6 6 18 8 8 19 9 9 20 7 7 21 8 8 22 6 6 23 8 8 24 10 10 25 9 9 26 9 9 27 11 11 28 12 12 29 10 10 30 11 11 31 9 9 32 11 11 33 13 13 34 12 12 35 12 12 36 14 14 37 15 15 38 13 13 39 14 14 40 12 12 41 14 14 42 16 16 43 15 15 44 15 15 45 17 17 46 18 18 47 16 16 48 17 17 49 15 15 50 17 17 51 19 19 52 18 18 53 18 18 54 20 20 55 21 21 56 19 19 57 20 20 58 18 18 59 20 20 60 22 22 61 21 21 62 21 21 63 23 23 64 24 24 65 22 22 66 23 23 67 21 21 68 23 23 69 25 25 70 24 24 71 24 24 72 26 26 73 27 27 74 25 25 75 26 26 76 24 24 77 26 26 78 28 28 79 27 27 80 27 27 81 29 29 82 30 30 83 28 28 84 29 29 85 27 27 86 29 29 87 31 31 88 30 30 89 30 30 90 32 32 91 33 33 92 31 31 93 32 32 94 30 30 95 32 32 96 34 34 97 33 33 98 33 33 99 35 35 100 36 36 101 34 34 102 35 35 103 33 33 104 35 35 105 37 37 106 36 36 107 36 36 108 38 38 109 39 39 110 37 37 111 38 38 112 36 36 113 38 38 114 40 40 115 39 39 116 39 39 117 41 41 118 42 42 119 40 40 120 41 41 121 39 39 122 41 41 123 43 43 124 42 42 125 42 42 126 44 44 127 45 45 128 43 43 129 44 44 130 42 42 131 44 44 132 46 46 133 45 45 134 45 45 135 47 47 136 48 48 137 46 46 138 47 47 139 45 45 140 47 47 141 49 49 142 48 48 143 50 50 144 0 0 145 51 51 146 0 0 147 2 2 148 51 51 149 2 2 150 6 6 151 51 51 152 51 51 153 6 6 154 52 52 155 52 52 156 6 6 157 53 53 158 6 6 159 9 9 160 53 53 161 9 9 162 12 12 163 53 53 164 53 53 165 12 12 166 54 54 167 54 54 168 12 12 169 55 55 170 12 12 171 15 15 172 55 55 173 15 15 174 18 18 175 55 55 176 55 55 177 18 18 178 56 56 179 56 56 180 18 18 181 57 57 182 18 18 183 21 21 184 57 57 185 21 21 186 24 24 187 57 57 188 57 57 189 24 24 190 58 58 191 58 58 192 24 24 193 59 59 194 24 24 195 27 27 196 59 59 197 27 27 198 30 30 199 59 59 200 59 59 201 30 30 202 60 60 203 60 60 204 30 30 205 61 61 206 30 30 207 33 33 208 61 61 209 33 33 210 36 36 211 61 61 212 61 61 213 36 36 214 62 62 215 62 62 216 36 36 217 63 63 218 36 36 219 39 39 220 63 63 221 39 39 222 42 42 223 63 63 224 63 63 225 42 42 226 64 64 227 64 64 228 42 42 229 65 65 230 42 42 231 45 45 232 65 65 233 45 45 234 48 48 235 65 65 236 65 65 237 48 48 238 66 66 239 67 67 240 50 50 241 68 68 242 50 50 243 51 51 244 68 68 245 51 51 246 52 52 247 68 68 248 68 68 249 52 52 250 69 69 251 69 69 252 52 52 253 70 70 254 52 52 255 53 53 256 70 70 257 53 53 258 54 54 259 70 70 260 70 70 261 54 54 262 71 71 263 71 71 264 54 54 265 72 72 266 54 54 267 55 55 268 72 72 269 55 55 270 56 56 271 72 72 272 72 72 273 56 56 274 73 73 275 73 73 276 56 56 277 74 74 278 56 56 279 57 57 280 74 74 281 57 57 282 58 58 283 74 74 284 74 74 285 58 58 286 75 75 287 75 75 288 58 58 289 76 76 290 58 58 291 59 59 292 76 76 293 59 59 294 60 60 295 76 76 296 76 76 297 60 60 298 77 77 299 77 77 300 60 60 301 78 78 302 60 60 303 61 61 304 78 78 305 61 61 306 62 62 307 78 78 308 78 78 309 62 62 310 79 79 311 79 79 312 62 62 313 80 80 314 62 62 315 63 63 316 80 80 317 63 63 318 64 64 319 80 80 320 80 80 321 64 64 322 81 81 323 81 81 324 64 64 325 82 82 326 64 64 327 65 65 328 82 82 329 65 65 330 66 66 331 82 82 332 82 82 333 66 66 334 83 83 335 84 84 336 67 67 337 85 85 338 67 67 339 68 68 340 85 85 341 68 68 342 69 69 343 85 85 344 85 85 345 69 69 346 86 86 347 86 86 348 69 69 349 87 87 350 69 69 351 70 70 352 87 87 353 70 70 354 71 71 355 87 87 356 87 87 357 71 71 358 88 88 359 88 88 360 71 71 361 89 89 362 71 71 363 72 72 364 89 89 365 72 72 366 73 73 367 89 89 368 89 89 369 73 73 370 90 90 371 90 90 372 73 73 373 91 91 374 73 73 375 74 74 376 91 91 377 74 74 378 75 75 379 91 91 380 91 91 381 75 75 382 92 92 383 92 92 384 75 75 385 93 93 386 75 75 387 76 76 388 93 93 389 76 76 390 77 77 391 93 93 392 93 93 393 77 77 394 94 94 395 94 94 396 77 77 397 95 95 398 77 77 399 78 78 400 95 95 401 78 78 402 79 79 403 95 95 404 95 95 405 79 79 406 96 96 407 96 96 408 79 79 409 97 97 410 79 79 411 80 80 412 97 97 413 80 80 414 81 81 415 97 97 416 97 97 417 81 81 418 98 98 419 98 98 420 81 81 421 99 99 422 81 81 423 82 82 424 99 99 425 82 82 426 83 83 427 99 99 428 99 99 429 83 83 430 100 100 431 84 101 432 85 102 433 101 103 434 85 102 435 86 104 436 102 105 437 85 102 438 102 105 439 101 103 440 86 104 441 87 106 442 102 105 443 87 106 444 88 107 445 103 108 446 87 106 447 103 108 448 102 105 449 88 107 450 89 109 451 103 108 452 89 109 453 90 110 454 104 111 455 89 109 456 104 111 457 103 108 458 90 110 459 91 112 460 104 111 461 91 112 462 92 113 463 105 114 464 91 112 465 105 114 466 104 111 467 92 113 468 93 115 469 105 114 470 93 115 471 94 116 472 106 117 473 93 115 474 106 117 475 105 114 476 94 116 477 95 118 478 106 117 479 95 118 480 96 119 481 107 120 482 95 118 483 107 120 484 106 117 485 96 119 486 97 121 487 107 120 488 97 121 489 98 122 490 108 123 491 97 121 492 108 123 493 107 120 494 98 122 495 99 124 496 108 123 497 99 124 498 100 125 499 109 126 500 99 124 501 109 126 502 108 123 503 110 127 504 101 103 505 111 128 506 101 103 507 102 105 508 111 128 509 102 105 510 103 108 511 111 128 512 111 128 513 103 108 514 112 129 515 112 129 516 103 108 517 113 130 518 103 108 519 104 111 520 113 130 521 104 111 522 105 114 523 113 130 524 113 130 525 105 114 526 114 131 527 114 131 528 105 114 529 115 132 530 105 114 531 106 117 532 115 132 533 106 117 534 107 120 535 115 132 536 115 132 537 107 120 538 116 133 539 116 133 540 107 120 541 117 134 542 107 120 543 108 123 544 117 134 545 108 123 546 109 126 547 117 134 548 117 134 549 109 126 550 118 135 551 119 136 552 110 127 553 120 137 554 110 127 555 111 128 556 120 137 557 111 128 558 112 129 559 120 137 560 120 137 561 112 129 562 121 138 563 121 138 564 112 129 565 122 139 566 112 129 567 113 130 568 122 139 569 113 130 570 114 131 571 122 139 572 122 139 573 114 131 574 123 140 575 123 140 576 114 131 577 124 141 578 114 131 579 115 132 580 124 141 581 115 132 582 116 133 583 124 141 584 124 141 585 116 133 586 125 142 587 125 142 588 116 133 589 126 143 590 116 133 591 117 134 592 126 143 593 117 134 594 118 135 595 126 143 596 126 143 597 118 135 598 127 144 599 128 145 600 119 136 601 129 146 602 119 136 603 120 137 604 129 146 605 120 137 606 121 138 607 129 146 608 129 146 609 121 138 610 130 147 611 130 147 612 121 138 613 131 148 614 121 138 615 122 139 616 131 148 617 122 139 618 123 140 619 131 148 620 131 148 621 123 140 622 132 149 623 132 149 624 123 140 625 133 150 626 123 140 627 124 141 628 133 150 629 124 141 630 125 142 631 133 150 632 133 150 633 125 142 634 134 151 635 134 151 636 125 142 637 135 152 638 125 142 639 126 143 640 135 152 641 126 143 642 127 144 643 135 152 644 135 152 645 127 144 646 136 153 647 128 145 648 129 146 649 137 154 650 129 146 651 130 147 652 138 155 653 129 146 654 138 155 655 137 154 656 130 147 657 131 148 658 138 155 659 131 148 660 132 149 661 139 156 662 131 148 663 139 156 664 138 155 665 132 149 666 133 150 667 139 156 668 133 150 669 134 151 670 140 157 671 133 150 672 140 157 673 139 156 674 134 151 675 135 152 676 140 157 677 135 152 678 136 153 679 141 158 680 135 152 681 141 158 682 140 157 683 142 159 684 137 154 685 143 160 686 137 154 687 138 155 688 143 160 689 138 155 690 139 156 691 143 160 692 143 160 693 139 156 694 144 161 695 144 161 696 139 156 697 145 162 698 139 156 699 140 157 700 145 162 701 140 157 702 141 158 703 145 162 704 145 162 705 141 158 706 146 163 707 147 164 708 142 159 709 148 165 710 142 159 711 143 160 712 148 165 713 143 160 714 144 161 715 148 165 716 148 165 717 144 161 718 149 166 719 149 166 720 144 161 721 150 167 722 144 161 723 145 162 724 150 167 725 145 162 726 146 163 727 150 167 728 150 167 729 146 163 730 151 168 731 152 169 732 147 164 733 153 170 734 147 164 735 148 165 736 153 170 737 148 165 738 149 166 739 153 170 740 153 170 741 149 166 742 154 171 743 154 171 744 149 166 745 155 172 746 149 166 747 150 167 748 155 172 749 150 167 750 151 168 751 155 172 752 155 172 753 151 168 754 156 173 755 157 174 756 152 169 757 158 175 758 152 169 759 153 170 760 158 175 761 153 170 762 154 171 763 158 175 764 158 175 765 154 171 766 159 176 767 159 176 768 154 171 769 160 177 770 154 171 771 155 172 772 160 177 773 155 172 774 156 173 775 160 177 776 160 177 777 156 173 778 161 178 779 157 174 780 158 175 781 162 179 782 158 175 783 159 176 784 163 180 785 159 176 786 160 177 787 164 181 788 160 177 789 161 178 790 165 182 791 84 183 792 85 184 793 166 185 794 85 184 795 86 186 796 167 187 797 85 184 798 167 187 799 166 185 800 86 186 801 87 188 802 167 187 803 87 188 804 88 189 805 168 190 806 87 188 807 168 190 808 167 187 809 88 189 810 89 191 811 168 190 812 89 191 813 90 192 814 169 193 815 89 191 816 169 193 817 168 190 818 90 192 819 91 194 820 169 193 821 91 194 822 92 195 823 170 196 824 91 194 825 170 196 826 169 193 827 92 195 828 93 197 829 170 196 830 93 197 831 94 198 832 171 199 833 93 197 834 171 199 835 170 196 836 94 198 837 95 200 838 171 199 839 95 200 840 96 201 841 172 202 842 95 200 843 172 202 844 171 199 845 96 201 846 97 203 847 172 202 848 97 203 849 98 204 850 173 205 851 97 203 852 173 205 853 172 202 854 98 204 855 99 206 856 173 205 857 99 206 858 100 207 859 174 208 860 99 206 861 174 208 862 173 205 863 175 209 864 166 185 865 176 210 866 166 185 867 167 187 868 176 210 869 167 187 870 168 190 871 176 210 872 176 210 873 168 190 874 177 211 875 177 211 876 168 190 877 178 212 878 168 190 879 169 193 880 178 212 881 169 193 882 170 196 883 178 212 884 178 212 885 170 196 886 179 213 887 179 213 888 170 196 889 180 214 890 170 196 891 171 199 892 180 214 893 171 199 894 172 202 895 180 214 896 180 214 897 172 202 898 181 215 899 181 215 900 172 202 901 182 216 902 172 202 903 173 205 904 182 216 905 173 205 906 174 208 907 182 216 908 182 216 909 174 208 910 183 217 911 184 218 912 175 209 913 185 219 914 175 209 915 176 210 916 185 219 917 176 210 918 177 211 919 185 219 920 185 219 921 177 211 922 186 220 923 186 220 924 177 211 925 187 221 926 177 211 927 178 212 928 187 221 929 178 212 930 179 213 931 187 221 932 187 221 933 179 213 934 188 222 935 188 222 936 179 213 937 189 223 938 179 213 939 180 214 940 189 223 941 180 214 942 181 215 943 189 223 944 189 223 945 181 215 946 190 224 947 190 224 948 181 215 949 191 225 950 181 215 951 182 216 952 191 225 953 182 216 954 183 217 955 191 225 956 191 225 957 183 217 958 192 226 959 193 227 960 184 218 961 194 228 962 184 218 963 185 219 964 194 228 965 185 219 966 186 220 967 194 228 968 194 228 969 186 220 970 195 229 971 195 229 972 186 220 973 196 230 974 186 220 975 187 221 976 196 230 977 187 221 978 188 222 979 196 230 980 196 230 981 188 222 982 197 231 983 197 231 984 188 222 985 198 232 986 188 222 987 189 223 988 198 232 989 189 223 990 190 224 991 198 232 992 198 232 993 190 224 994 199 233 995 199 233 996 190 224 997 200 234 998 190 224 999 191 225 1000 200 234 1001 191 225 1002 192 226 1003 200 234 1004 200 234 1005 192 226 1006 201 235 1007 193 227 1008 194 228 1009 202 236 1010 194 228 1011 195 229 1012 203 237 1013 194 228 1014 203 237 1015 202 236 1016 195 229 1017 196 230 1018 203 237 1019 196 230 1020 197 231 1021 204 238 1022 196 230 1023 204 238 1024 203 237 1025 197 231 1026 198 232 1027 204 238 1028 198 232 1029 199 233 1030 205 239 1031 198 232 1032 205 239 1033 204 238 1034 199 233 1035 200 234 1036 205 239 1037 200 234 1038 201 235 1039 206 240 1040 200 234 1041 206 240 1042 205 239 1043 207 241 1044 202 236 1045 208 242 1046 202 236 1047 203 237 1048 208 242 1049 203 237 1050 204 238 1051 208 242 1052 208 242 1053 204 238 1054 209 243 1055 209 243 1056 204 238 1057 210 244 1058 204 238 1059 205 239 1060 210 244 1061 205 239 1062 206 240 1063 210 244 1064 210 244 1065 206 240 1066 211 245 1067 212 246 1068 207 241 1069 213 247 1070 207 241 1071 208 242 1072 213 247 1073 208 242 1074 209 243 1075 213 247 1076 213 247 1077 209 243 1078 214 248 1079 214 248 1080 209 243 1081 215 249 1082 209 243 1083 210 244 1084 215 249 1085 210 244 1086 211 245 1087 215 249 1088 215 249 1089 211 245 1090 216 250 1091 217 251 1092 212 246 1093 218 252 1094 212 246 1095 213 247 1096 218 252 1097 213 247 1098 214 248 1099 218 252 1100 218 252 1101 214 248 1102 219 253 1103 219 253 1104 214 248 1105 220 254 1106 214 248 1107 215 249 1108 220 254 1109 215 249 1110 216 250 1111 220 254 1112 220 254 1113 216 250 1114 221 255 1115 222 256 1116 217 251 1117 223 257 1118 217 251 1119 218 252 1120 223 257 1121 218 252 1122 219 253 1123 223 257 1124 223 257 1125 219 253 1126 224 258 1127 224 258 1128 219 253 1129 225 259 1130 219 253 1131 220 254 1132 225 259 1133 220 254 1134 221 255 1135 225 259 1136 225 259 1137 221 255 1138 226 260 1139 222 256 1140 223 257 1141 227 261 1142 223 257 1143 224 258 1144 228 262 1145 224 258 1146 225 259 1147 229 263 1148 225 259 1149 226 260 1150 230 264 1151 231 265 1152 232 266 1153 233 267 1154 232 266 1155 234 268 1156 233 267 1157 234 268 1158 235 269 1159 233 267 1160 233 267 1161 235 269 1162 236 270 1163 236 270 1164 235 269 1165 237 271 1166 235 269 1167 238 272 1168 237 271 1169 238 272 1170 239 273 1171 237 271 1172 237 271 1173 239 273 1174 240 274 1175 240 274 1176 239 273 1177 241 275 1178 239 273 1179 242 276 1180 241 275 1181 242 276 1182 243 277 1183 241 275 1184 241 275 1185 243 277 1186 244 278 1187 244 278 1188 243 277 1189 245 279 1190 243 277 1191 246 280 1192 245 279 1193 246 280 1194 247 281 1195 245 279 1196 245 279 1197 247 281 1198 248 282 1199 249 283 1200 231 265 1201 250 284 1202 231 265 1203 233 267 1204 250 284 1205 233 267 1206 236 270 1207 250 284 1208 250 284 1209 236 270 1210 251 285 1211 251 285 1212 236 270 1213 252 286 1214 236 270 1215 237 271 1216 252 286 1217 237 271 1218 240 274 1219 252 286 1220 252 286 1221 240 274 1222 253 287 1223 253 287 1224 240 274 1225 254 288 1226 240 274 1227 241 275 1228 254 288 1229 241 275 1230 244 278 1231 254 288 1232 254 288 1233 244 278 1234 255 289 1235 255 289 1236 244 278 1237 256 290 1238 244 278 1239 245 279 1240 256 290 1241 245 279 1242 248 282 1243 256 290 1244 256 290 1245 248 282 1246 257 291 1247 258 292 1248 249 293 1249 259 294 1250 249 293 1251 250 295 1252 259 294 1253 250 295 1254 251 296 1255 259 294 1256 259 294 1257 251 296 1258 260 297 1259 260 297 1260 251 296 1261 261 298 1262 251 296 1263 252 299 1264 261 298 1265 252 299 1266 253 300 1267 261 298 1268 261 298 1269 253 300 1270 262 301 1271 262 301 1272 253 300 1273 263 302 1274 253 300 1275 254 303 1276 263 302 1277 254 303 1278 255 304 1279 263 302 1280 263 302 1281 255 304 1282 264 305 1283 264 305 1284 255 304 1285 265 306 1286 255 304 1287 256 307 1288 265 306 1289 256 307 1290 257 308 1291 265 306 1292 265 306 1293 257 308 1294 266 309 1295 267 310 1296 258 292 1297 268 311 1298 258 292 1299 259 294 1300 268 311 1301 259 294 1302 260 297 1303 268 311 1304 268 311 1305 260 297 1306 269 312 1307 269 312 1308 260 297 1309 270 313 1310 260 297 1311 261 298 1312 270 313 1313 261 298 1314 262 301 1315 270 313 1316 270 313 1317 262 301 1318 271 314 1319 271 314 1320 262 301 1321 272 315 1322 262 301 1323 263 302 1324 272 315 1325 263 302 1326 264 305 1327 272 315 1328 272 315 1329 264 305 1330 273 316 1331 273 316 1332 264 305 1333 274 317 1334 264 305 1335 265 306 1336 274 317 1337 265 306 1338 266 309 1339 274 317 1340 274 317 1341 266 309 1342 275 318 1343 267 310 1344 268 311 1345 276 319 1346 268 311 1347 269 312 1348 277 320 1349 268 311 1350 277 320 1351 276 319 1352 269 312 1353 270 313 1354 277 320 1355 270 313 1356 271 314 1357 278 321 1358 270 313 1359 278 321 1360 277 320 1361 271 314 1362 272 315 1363 278 321 1364 272 315 1365 273 316 1366 279 322 1367 272 315 1368 279 322 1369 278 321 1370 273 316 1371 274 317 1372 279 322 1373 274 317 1374 275 318 1375 280 323 1376 274 317 1377 280 323 1378 279 322 1379 281 324 1380 276 319 1381 282 325 1382 276 319 1383 277 320 1384 282 325 1385 277 320 1386 278 321 1387 282 325 1388 282 325 1389 278 321 1390 283 326 1391 283 326 1392 278 321 1393 284 327 1394 278 321 1395 279 322 1396 284 327 1397 279 322 1398 280 323 1399 284 327 1400 284 327 1401 280 323 1402 285 328 1403 286 329 1404 281 324 1405 287 330 1406 281 324 1407 282 325 1408 287 330 1409 282 325 1410 283 326 1411 287 330 1412 287 330 1413 283 326 1414 288 331 1415 288 331 1416 283 326 1417 289 332 1418 283 326 1419 284 327 1420 289 332 1421 284 327 1422 285 328 1423 289 332 1424 289 332 1425 285 328 1426 290 333 1427 291 334 1428 286 329 1429 292 335 1430 286 329 1431 287 330 1432 292 335 1433 287 330 1434 288 331 1435 292 335 1436 292 335 1437 288 331 1438 293 336 1439 293 336 1440 288 331 1441 294 337 1442 288 331 1443 289 332 1444 294 337 1445 289 332 1446 290 333 1447 294 337 1448 294 337 1449 290 333 1450 295 338 1451 296 339 1452 291 334 1453 297 340 1454 291 334 1455 292 335 1456 297 340 1457 292 335 1458 293 336 1459 297 340 1460 297 340 1461 293 336 1462 298 341 1463 298 341 1464 293 336 1465 299 342 1466 293 336 1467 294 337 1468 299 342 1469 294 337 1470 295 338 1471 299 342 1472 299 342 1473 295 338 1474 300 343 1475 296 339 1476 297 340 1477 301 344 1478 297 340 1479 298 341 1480 302 345 1481 298 341 1482 299 342 1483 303 346 1484 299 342 1485 300 343 1486 304 347 1487 305 348 1488 306 349 1489 307 350 1490 306 349 1491 308 351 1492 307 350 1493 308 351 1494 309 352 1495 307 350 1496 307 350 1497 309 352 1498 310 353 1499 310 353 1500 309 352 1501 311 354 1502 309 352 1503 312 355 1504 311 354 1505 312 355 1506 313 356 1507 311 354 1508 311 354 1509 313 356 1510 314 357 1511 314 357 1512 313 356 1513 315 358 1514 313 356 1515 316 359 1516 315 358 1517 316 359 1518 317 360 1519 315 358 1520 315 358 1521 317 360 1522 318 361 1523 318 361 1524 317 360 1525 319 362 1526 317 360 1527 320 363 1528 319 362 1529 320 363 1530 321 364 1531 319 362 1532 319 362 1533 321 364 1534 322 365 1535 323 366 1536 305 367 1537 324 368 1538 305 367 1539 307 369 1540 324 368 1541 307 369 1542 310 370 1543 324 368 1544 324 368 1545 310 370 1546 325 371 1547 325 371 1548 310 370 1549 326 372 1550 310 370 1551 311 373 1552 326 372 1553 311 373 1554 314 374 1555 326 372 1556 326 372 1557 314 374 1558 327 375 1559 327 375 1560 314 374 1561 328 376 1562 314 374 1563 315 377 1564 328 376 1565 315 377 1566 318 378 1567 328 376 1568 328 376 1569 318 378 1570 329 379 1571 329 379 1572 318 378 1573 330 380 1574 318 378 1575 319 381 1576 330 380 1577 319 381 1578 322 382 1579 330 380 1580 330 380 1581 322 382 1582 331 383 1583 332 384 1584 323 366 1585 333 385 1586 323 366 1587 324 368 1588 333 385 1589 324 368 1590 325 371 1591 333 385 1592 333 385 1593 325 371 1594 334 386 1595 334 386 1596 325 371 1597 335 387 1598 325 371 1599 326 372 1600 335 387 1601 326 372 1602 327 375 1603 335 387 1604 335 387 1605 327 375 1606 336 388 1607 336 388 1608 327 375 1609 337 389 1610 327 375 1611 328 376 1612 337 389 1613 328 376 1614 329 379 1615 337 389 1616 337 389 1617 329 379 1618 338 390 1619 338 390 1620 329 379 1621 339 391 1622 329 379 1623 330 380 1624 339 391 1625 330 380 1626 331 383 1627 339 391 1628 339 391 1629 331 383 1630 340 392 1631 332 384 1632 333 385 1633 341 393 1634 333 385 1635 334 386 1636 342 394 1637 333 385 1638 342 394 1639 341 393 1640 334 386 1641 335 387 1642 342 394 1643 335 387 1644 336 388 1645 343 395 1646 335 387 1647 343 395 1648 342 394 1649 336 388 1650 337 389 1651 343 395 1652 337 389 1653 338 390 1654 344 396 1655 337 389 1656 344 396 1657 343 395 1658 338 390 1659 339 391 1660 344 396 1661 339 391 1662 340 392 1663 345 397 1664 339 391 1665 345 397 1666 344 396 1667 346 398 1668 341 393 1669 347 399 1670 341 393 1671 342 394 1672 347 399 1673 342 394 1674 343 395 1675 347 399 1676 347 399 1677 343 395 1678 348 400 1679 348 400 1680 343 395 1681 349 401 1682 343 395 1683 344 396 1684 349 401 1685 344 396 1686 345 397 1687 349 401 1688 349 401 1689 345 397 1690 350 402 1691 351 403 1692 346 398 1693 352 404 1694 346 398 1695 347 399 1696 352 404 1697 347 399 1698 348 400 1699 352 404 1700 352 404 1701 348 400 1702 353 405 1703 353 405 1704 348 400 1705 354 406 1706 348 400 1707 349 401 1708 354 406 1709 349 401 1710 350 402 1711 354 406 1712 354 406 1713 350 402 1714 355 407 1715 356 408 1716 351 403 1717 357 409 1718 351 403 1719 352 404 1720 357 409 1721 352 404 1722 353 405 1723 357 409 1724 357 409 1725 353 405 1726 358 410 1727 358 410 1728 353 405 1729 359 411 1730 353 405 1731 354 406 1732 359 411 1733 354 406 1734 355 407 1735 359 411 1736 359 411 1737 355 407 1738 360 412 1739 361 413 1740 356 408 1741 362 414 1742 356 408 1743 357 409 1744 362 414 1745 357 409 1746 358 410 1747 362 414 1748 362 414 1749 358 410 1750 363 415 1751 363 415 1752 358 410 1753 364 416 1754 358 410 1755 359 411 1756 364 416 1757 359 411 1758 360 412 1759 364 416 1760 364 416 1761 360 412 1762 365 417 1763 361 413 1764 362 414 1765 366 418 1766 362 414 1767 363 415 1768 367 419 1769 363 415 1770 364 416 1771 368 420 1772 364 416 1773 365 417 1774 369 421 1775 370 422 1776 371 423 1777 372 424 1778 371 423 1779 373 425 1780 372 424 1781 373 425 1782 374 426 1783 372 424 1784 372 424 1785 374 426 1786 375 427 1787 375 427 1788 374 426 1789 376 428 1790 374 426 1791 377 429 1792 376 428 1793 377 429 1794 378 430 1795 376 428 1796 376 428 1797 378 430 1798 379 431 1799 379 431 1800 378 430 1801 380 432 1802 378 430 1803 381 433 1804 380 432 1805 381 433 1806 382 434 1807 380 432 1808 380 432 1809 382 434 1810 383 435 1811 383 435 1812 382 434 1813 384 436 1814 382 434 1815 385 437 1816 384 436 1817 385 437 1818 386 438 1819 384 436 1820 384 436 1821 386 438 1822 387 439 1823 388 440 1824 370 441 1825 389 442 1826 370 441 1827 372 443 1828 389 442 1829 372 443 1830 375 444 1831 389 442 1832 389 442 1833 375 444 1834 390 445 1835 390 445 1836 375 444 1837 391 446 1838 375 444 1839 376 447 1840 391 446 1841 376 447 1842 379 448 1843 391 446 1844 391 446 1845 379 448 1846 392 449 1847 392 449 1848 379 448 1849 393 450 1850 379 448 1851 380 451 1852 393 450 1853 380 451 1854 383 452 1855 393 450 1856 393 450 1857 383 452 1858 394 453 1859 394 453 1860 383 452 1861 395 454 1862 383 452 1863 384 455 1864 395 454 1865 384 455 1866 387 456 1867 395 454 1868 395 454 1869 387 456 1870 396 457 1871 397 458 1872 388 440 1873 398 459 1874 388 440 1875 389 442 1876 398 459 1877 389 442 1878 390 445 1879 398 459 1880 398 459 1881 390 445 1882 399 460 1883 399 460 1884 390 445 1885 400 461 1886 390 445 1887 391 446 1888 400 461 1889 391 446 1890 392 449 1891 400 461 1892 400 461 1893 392 449 1894 401 462 1895 401 462 1896 392 449 1897 402 463 1898 392 449 1899 393 450 1900 402 463 1901 393 450 1902 394 453 1903 402 463 1904 402 463 1905 394 453 1906 403 464 1907 403 464 1908 394 453 1909 404 465 1910 394 453 1911 395 454 1912 404 465 1913 395 454 1914 396 457 1915 404 465 1916 404 465 1917 396 457 1918 405 466 1919 397 458 1920 398 459 1921 406 467 1922 398 459 1923 399 460 1924 407 468 1925 398 459 1926 407 468 1927 406 467 1928 399 460 1929 400 461 1930 407 468 1931 400 461 1932 401 462 1933 408 469 1934 400 461 1935 408 469 1936 407 468 1937 401 462 1938 402 463 1939 408 469 1940 402 463 1941 403 464 1942 409 470 1943 402 463 1944 409 470 1945 408 469 1946 403 464 1947 404 465 1948 409 470 1949 404 465 1950 405 466 1951 410 471 1952 404 465 1953 410 471 1954 409 470 1955 411 472 1956 406 467 1957 412 473 1958 406 467 1959 407 468 1960 412 473 1961 407 468 1962 408 469 1963 412 473 1964 412 473 1965 408 469 1966 413 474 1967 413 474 1968 408 469 1969 414 475 1970 408 469 1971 409 470 1972 414 475 1973 409 470 1974 410 471 1975 414 475 1976 414 475 1977 410 471 1978 415 476 1979 416 477 1980 411 472 1981 417 478 1982 411 472 1983 412 473 1984 417 478 1985 412 473 1986 413 474 1987 417 478 1988 417 478 1989 413 474 1990 418 479 1991 418 479 1992 413 474 1993 419 480 1994 413 474 1995 414 475 1996 419 480 1997 414 475 1998 415 476 1999 419 480 2000 419 480 2001 415 476 2002 420 481 2003 421 482 2004 416 477 2005 422 483 2006 416 477 2007 417 478 2008 422 483 2009 417 478 2010 418 479 2011 422 483 2012 422 483 2013 418 479 2014 423 484 2015 423 484 2016 418 479 2017 424 485 2018 418 479 2019 419 480 2020 424 485 2021 419 480 2022 420 481 2023 424 485 2024 424 485 2025 420 481 2026 425 486 2027 426 487 2028 421 482 2029 427 488 2030 421 482 2031 422 483 2032 427 488 2033 422 483 2034 423 484 2035 427 488 2036 427 488 2037 423 484 2038 428 489 2039 428 489 2040 423 484 2041 429 490 2042 423 484 2043 424 485 2044 429 490 2045 424 485 2046 425 486 2047 429 490 2048 429 490 2049 425 486 2050 430 491 2051 426 487 2052 427 488 2053 431 492 2054 427 488 2055 428 489 2056 432 493 2057 428 489 2058 429 490 2059 433 494 2060 429 490 2061 430 491 2062 434 495 2063 435 496 2064 436 497 2065 437 498 2066 436 497 2067 438 499 2068 437 498 2069 438 499 2070 439 500 2071 437 498 2072 437 498 2073 439 500 2074 440 501 2075 440 501 2076 439 500 2077 441 502 2078 439 500 2079 442 503 2080 441 502 2081 442 503 2082 443 504 2083 441 502 2084 441 502 2085 443 504 2086 444 505 2087 444 505 2088 443 504 2089 445 506 2090 443 504 2091 446 507 2092 445 506 2093 446 507 2094 447 508 2095 445 506 2096 445 506 2097 447 508 2098 448 509 2099 448 509 2100 447 508 2101 449 510 2102 447 508 2103 450 511 2104 449 510 2105 450 511 2106 451 512 2107 449 510 2108 449 510 2109 451 512 2110 452 513 2111 453 514 2112 435 515 2113 454 516 2114 435 515 2115 437 517 2116 454 516 2117 437 517 2118 440 518 2119 454 516 2120 454 516 2121 440 518 2122 455 519 2123 455 519 2124 440 518 2125 456 520 2126 440 518 2127 441 521 2128 456 520 2129 441 521 2130 444 522 2131 456 520 2132 456 520 2133 444 522 2134 457 523 2135 457 523 2136 444 522 2137 458 524 2138 444 522 2139 445 525 2140 458 524 2141 445 525 2142 448 526 2143 458 524 2144 458 524 2145 448 526 2146 459 527 2147 459 527 2148 448 526 2149 460 528 2150 448 526 2151 449 529 2152 460 528 2153 449 529 2154 452 530 2155 460 528 2156 460 528 2157 452 530 2158 461 531 2159 462 532 2160 453 514 2161 463 533 2162 453 514 2163 454 516 2164 463 533 2165 454 516 2166 455 519 2167 463 533 2168 463 533 2169 455 519 2170 464 534 2171 464 534 2172 455 519 2173 465 535 2174 455 519 2175 456 520 2176 465 535 2177 456 520 2178 457 523 2179 465 535 2180 465 535 2181 457 523 2182 466 536 2183 466 536 2184 457 523 2185 467 537 2186 457 523 2187 458 524 2188 467 537 2189 458 524 2190 459 527 2191 467 537 2192 467 537 2193 459 527 2194 468 538 2195 468 538 2196 459 527 2197 469 539 2198 459 527 2199 460 528 2200 469 539 2201 460 528 2202 461 531 2203 469 539 2204 469 539 2205 461 531 2206 470 540 2207 462 532 2208 463 533 2209 471 541 2210 463 533 2211 464 534 2212 472 542 2213 463 533 2214 472 542 2215 471 541 2216 464 534 2217 465 535 2218 472 542 2219 465 535 2220 466 536 2221 473 543 2222 465 535 2223 473 543 2224 472 542 2225 466 536 2226 467 537 2227 473 543 2228 467 537 2229 468 538 2230 474 544 2231 467 537 2232 474 544 2233 473 543 2234 468 538 2235 469 539 2236 474 544 2237 469 539 2238 470 540 2239 475 545 2240 469 539 2241 475 545 2242 474 544 2243 476 546 2244 471 541 2245 477 547 2246 471 541 2247 472 542 2248 477 547 2249 472 542 2250 473 543 2251 477 547 2252 477 547 2253 473 543 2254 478 548 2255 478 548 2256 473 543 2257 479 549 2258 473 543 2259 474 544 2260 479 549 2261 474 544 2262 475 545 2263 479 549 2264 479 549 2265 475 545 2266 480 550 2267 481 551 2268 476 546 2269 482 552 2270 476 546 2271 477 547 2272 482 552 2273 477 547 2274 478 548 2275 482 552 2276 482 552 2277 478 548 2278 483 553 2279 483 553 2280 478 548 2281 484 554 2282 478 548 2283 479 549 2284 484 554 2285 479 549 2286 480 550 2287 484 554 2288 484 554 2289 480 550 2290 485 555 2291 486 556 2292 481 551 2293 487 557 2294 481 551 2295 482 552 2296 487 557 2297 482 552 2298 483 553 2299 487 557 2300 487 557 2301 483 553 2302 488 558 2303 488 558 2304 483 553 2305 489 559 2306 483 553 2307 484 554 2308 489 559 2309 484 554 2310 485 555 2311 489 559 2312 489 559 2313 485 555 2314 490 560 2315 486 556 2316 487 557 2317 491 561 2318 487 557 2319 488 558 2320 492 562 2321 488 558 2322 489 559 2323 493 563 2324 489 559 2325 490 560 2326 494 564 2327 495 565 2328 496 566 2329 497 567 2330 496 566 2331 498 568 2332 497 567 2333 498 568 2334 499 569 2335 497 567 2336 497 567 2337 499 569 2338 500 570 2339 500 570 2340 499 569 2341 501 571 2342 499 569 2343 502 572 2344 501 571 2345 502 572 2346 503 573 2347 501 571 2348 501 571 2349 503 573 2350 504 574 2351 504 574 2352 503 573 2353 505 575 2354 503 573 2355 506 576 2356 505 575 2357 506 576 2358 507 577 2359 505 575 2360 505 575 2361 507 577 2362 508 578 2363 508 578 2364 507 577 2365 509 579 2366 507 577 2367 510 580 2368 509 579 2369 510 580 2370 511 581 2371 509 579 2372 509 579 2373 511 581 2374 512 582 2375 513 583 2376 495 584 2377 514 585 2378 495 584 2379 497 586 2380 514 585 2381 497 586 2382 500 587 2383 514 585 2384 514 585 2385 500 587 2386 515 588 2387 515 588 2388 500 587 2389 516 589 2390 500 587 2391 501 590 2392 516 589 2393 501 590 2394 504 591 2395 516 589 2396 516 589 2397 504 591 2398 517 592 2399 517 592 2400 504 591 2401 518 593 2402 504 591 2403 505 594 2404 518 593 2405 505 594 2406 508 595 2407 518 593 2408 518 593 2409 508 595 2410 519 596 2411 519 596 2412 508 595 2413 520 597 2414 508 595 2415 509 598 2416 520 597 2417 509 598 2418 512 599 2419 520 597 2420 520 597 2421 512 599 2422 521 600 2423 522 601 2424 513 583 2425 523 602 2426 513 583 2427 514 585 2428 523 602 2429 514 585 2430 515 588 2431 523 602 2432 523 602 2433 515 588 2434 524 603 2435 524 603 2436 515 588 2437 525 604 2438 515 588 2439 516 589 2440 525 604 2441 516 589 2442 517 592 2443 525 604 2444 525 604 2445 517 592 2446 526 605 2447 526 605 2448 517 592 2449 527 606 2450 517 592 2451 518 593 2452 527 606 2453 518 593 2454 519 596 2455 527 606 2456 527 606 2457 519 596 2458 528 607 2459 528 607 2460 519 596 2461 529 608 2462 519 596 2463 520 597 2464 529 608 2465 520 597 2466 521 600 2467 529 608 2468 529 608 2469 521 600 2470 530 609 2471 522 601 2472 523 602 2473 531 610 2474 523 602 2475 524 603 2476 532 611 2477 523 602 2478 532 611 2479 531 610 2480 524 603 2481 525 604 2482 532 611 2483 525 604 2484 526 605 2485 533 612 2486 525 604 2487 533 612 2488 532 611 2489 526 605 2490 527 606 2491 533 612 2492 527 606 2493 528 607 2494 534 613 2495 527 606 2496 534 613 2497 533 612 2498 528 607 2499 529 608 2500 534 613 2501 529 608 2502 530 609 2503 535 614 2504 529 608 2505 535 614 2506 534 613 2507 536 615 2508 531 610 2509 537 616 2510 531 610 2511 532 611 2512 537 616 2513 532 611 2514 533 612 2515 537 616 2516 537 616 2517 533 612 2518 538 617 2519 538 617 2520 533 612 2521 539 618 2522 533 612 2523 534 613 2524 539 618 2525 534 613 2526 535 614 2527 539 618 2528 539 618 2529 535 614 2530 540 619 2531 541 620 2532 536 615 2533 542 621 2534 536 615 2535 537 616 2536 542 621 2537 537 616 2538 538 617 2539 542 621 2540 542 621 2541 538 617 2542 543 622 2543 543 622 2544 538 617 2545 544 623 2546 538 617 2547 539 618 2548 544 623 2549 539 618 2550 540 619 2551 544 623 2552 544 623 2553 540 619 2554 545 624 2555 546 625 2556 541 620 2557 547 626 2558 541 620 2559 542 621 2560 547 626 2561 542 621 2562 543 622 2563 547 626 2564 547 626 2565 543 622 2566 548 627 2567 548 627 2568 543 622 2569 549 628 2570 543 622 2571 544 623 2572 549 628 2573 544 623 2574 545 624 2575 549 628 2576 549 628 2577 545 624 2578 550 629 2579 546 625 2580 547 626 2581 551 630 2582 547 626 2583 548 627 2584 552 631 2585 548 627 2586 549 628 2587 553 632 2588 549 628 2589 550 629 2590 554 633 2591 555 634 2592 556 635 2593 557 636 2594 556 635 2595 558 637 2596 557 636 2597 558 637 2598 559 638 2599 557 636 2600 557 636 2601 559 638 2602 560 639 2603 560 639 2604 559 638 2605 561 640 2606 559 638 2607 562 641 2608 561 640 2609 562 641 2610 563 642 2611 561 640 2612 561 640 2613 563 642 2614 564 643 2615 564 643 2616 563 642 2617 565 644 2618 563 642 2619 566 645 2620 565 644 2621 566 645 2622 567 646 2623 565 644 2624 565 644 2625 567 646 2626 568 647 2627 568 647 2628 567 646 2629 569 648 2630 567 646 2631 570 649 2632 569 648 2633 570 649 2634 571 650 2635 569 648 2636 569 648 2637 571 650 2638 572 651 2639 573 652 2640 555 653 2641 574 654 2642 555 653 2643 557 655 2644 574 654 2645 557 655 2646 560 656 2647 574 654 2648 574 654 2649 560 656 2650 575 657 2651 575 657 2652 560 656 2653 576 658 2654 560 656 2655 561 659 2656 576 658 2657 561 659 2658 564 660 2659 576 658 2660 576 658 2661 564 660 2662 577 661 2663 577 661 2664 564 660 2665 578 662 2666 564 660 2667 565 663 2668 578 662 2669 565 663 2670 568 664 2671 578 662 2672 578 662 2673 568 664 2674 579 665 2675 579 665 2676 568 664 2677 580 666 2678 568 664 2679 569 667 2680 580 666 2681 569 667 2682 572 668 2683 580 666 2684 580 666 2685 572 668 2686 581 669 2687 582 670 2688 573 652 2689 583 671 2690 573 652 2691 574 654 2692 583 671 2693 574 654 2694 575 657 2695 583 671 2696 583 671 2697 575 657 2698 584 672 2699 584 672 2700 575 657 2701 585 673 2702 575 657 2703 576 658 2704 585 673 2705 576 658 2706 577 661 2707 585 673 2708 585 673 2709 577 661 2710 586 674 2711 586 674 2712 577 661 2713 587 675 2714 577 661 2715 578 662 2716 587 675 2717 578 662 2718 579 665 2719 587 675 2720 587 675 2721 579 665 2722 588 676 2723 588 676 2724 579 665 2725 589 677 2726 579 665 2727 580 666 2728 589 677 2729 580 666 2730 581 669 2731 589 677 2732 589 677 2733 581 669 2734 590 678 2735 582 670 2736 583 671 2737 591 679 2738 583 671 2739 584 672 2740 592 680 2741 583 671 2742 592 680 2743 591 679 2744 584 672 2745 585 673 2746 592 680 2747 585 673 2748 586 674 2749 593 681 2750 585 673 2751 593 681 2752 592 680 2753 586 674 2754 587 675 2755 593 681 2756 587 675 2757 588 676 2758 594 682 2759 587 675 2760 594 682 2761 593 681 2762 588 676 2763 589 677 2764 594 682 2765 589 677 2766 590 678 2767 595 683 2768 589 677 2769 595 683 2770 594 682 2771 596 684 2772 591 679 2773 597 685 2774 591 679 2775 592 680 2776 597 685 2777 592 680 2778 593 681 2779 597 685 2780 597 685 2781 593 681 2782 598 686 2783 598 686 2784 593 681 2785 599 687 2786 593 681 2787 594 682 2788 599 687 2789 594 682 2790 595 683 2791 599 687 2792 599 687 2793 595 683 2794 600 688 2795 601 689 2796 596 684 2797 602 690 2798 596 684 2799 597 685 2800 602 690 2801 597 685 2802 598 686 2803 602 690 2804 602 690 2805 598 686 2806 603 691 2807 603 691 2808 598 686 2809 604 692 2810 598 686 2811 599 687 2812 604 692 2813 599 687 2814 600 688 2815 604 692 2816 604 692 2817 600 688 2818 605 693 2819 606 694 2820 601 689 2821 607 695 2822 601 689 2823 602 690 2824 607 695 2825 602 690 2826 603 691 2827 607 695 2828 607 695 2829 603 691 2830 608 696 2831 608 696 2832 603 691 2833 609 697 2834 603 691 2835 604 692 2836 609 697 2837 604 692 2838 605 693 2839 609 697 2840 609 697 2841 605 693 2842 610 698 2843 606 694 2844 607 695 2845 611 699 2846 607 695 2847 608 696 2848 612 700 2849 608 696 2850 609 697 2851 613 701 2852 609 697 2853 610 698 2854 614 702 2855 615 703 2856 616 704 2857 617 705 2858 616 704 2859 618 706 2860 617 705 2861 618 706 2862 619 707 2863 617 705 2864 617 705 2865 619 707 2866 620 708 2867 620 708 2868 619 707 2869 621 709 2870 619 707 2871 622 710 2872 621 709 2873 622 710 2874 623 711 2875 621 709 2876 621 709 2877 623 711 2878 624 712 2879 624 712 2880 623 711 2881 625 713 2882 623 711 2883 626 714 2884 625 713 2885 626 714 2886 627 715 2887 625 713 2888 625 713 2889 627 715 2890 628 716 2891 628 716 2892 627 715 2893 629 717 2894 627 715 2895 630 718 2896 629 717 2897 630 718 2898 631 719 2899 629 717 2900 629 717 2901 631 719 2902 632 720 2903 633 721 2904 615 703 2905 634 722 2906 615 703 2907 617 705 2908 634 722 2909 617 705 2910 620 708 2911 634 722 2912 634 722 2913 620 708 2914 635 723 2915 635 723 2916 620 708 2917 636 724 2918 620 708 2919 621 709 2920 636 724 2921 621 709 2922 624 712 2923 636 724 2924 636 724 2925 624 712 2926 637 725 2927 637 725 2928 624 712 2929 638 726 2930 624 712 2931 625 713 2932 638 726 2933 625 713 2934 628 716 2935 638 726 2936 638 726 2937 628 716 2938 639 727 2939 639 727 2940 628 716 2941 640 728 2942 628 716 2943 629 717 2944 640 728 2945 629 717 2946 632 720 2947 640 728 2948 640 728 2949 632 720 2950 641 729 2951 633 721 2952 634 722 2953 642 730 2954 634 722 2955 635 723 2956 643 731 2957 634 722 2958 643 731 2959 642 730 2960 635 723 2961 636 724 2962 643 731 2963 636 724 2964 637 725 2965 644 732 2966 636 724 2967 644 732 2968 643 731 2969 637 725 2970 638 726 2971 644 732 2972 638 726 2973 639 727 2974 645 733 2975 638 726 2976 645 733 2977 644 732 2978 639 727 2979 640 728 2980 645 733 2981 640 728 2982 641 729 2983 646 734 2984 640 728 2985 646 734 2986 645 733 2987 647 735 2988 642 730 2989 648 736 2990 642 730 2991 643 731 2992 648 736 2993 643 731 2994 644 732 2995 648 736 2996 648 736 2997 644 732 2998 649 737 2999 649 737 3000 644 732 3001 650 738 3002 644 732 3003 645 733 3004 650 738 3005 645 733 3006 646 734 3007 650 738 3008 650 738 3009 646 734 3010 651 739 3011 652 740 3012 647 735 3013 653 741 3014 647 735 3015 648 736 3016 653 741 3017 648 736 3018 649 737 3019 653 741 3020 653 741 3021 649 737 3022 654 742 3023 654 742 3024 649 737 3025 655 743 3026 649 737 3027 650 738 3028 655 743 3029 650 738 3030 651 739 3031 655 743 3032 655 743 3033 651 739 3034 656 744 3035 657 745 3036 652 740 3037 658 746 3038 652 740 3039 653 741 3040 658 746 3041 653 741 3042 654 742 3043 658 746 3044 658 746 3045 654 742 3046 659 747 3047 659 747 3048 654 742 3049 660 748 3050 654 742 3051 655 743 3052 660 748 3053 655 743 3054 656 744 3055 660 748 3056 660 748 3057 656 744 3058 661 749 3059 657 745 3060 658 746 3061 662 750 3062 658 746 3063 659 747 3064 663 751 3065 659 747 3066 660 748 3067 664 752 3068 660 748 3069 661 749 3070 665 753 3071 666 754 3072 667 755 3073 668 756 3074 667 755 3075 669 757 3076 668 756 3077 669 757 3078 670 758 3079 668 756 3080 668 756 3081 670 758 3082 671 759 3083 671 759 3084 670 758 3085 672 760 3086 670 758 3087 673 761 3088 672 760 3089 673 761 3090 674 762 3091 672 760 3092 672 760 3093 674 762 3094 675 763 3095 675 763 3096 674 762 3097 676 764 3098 674 762 3099 677 765 3100 676 764 3101 677 765 3102 678 766 3103 676 764 3104 676 764 3105 678 766 3106 679 767 3107 679 767 3108 678 766 3109 680 768 3110 678 766 3111 681 769 3112 680 768 3113 681 769 3114 682 770 3115 680 768 3116 680 768 3117 682 770 3118 683 771 3119 684 772 3120 666 754 3121 685 773 3122 666 754 3123 668 756 3124 685 773 3125 668 756 3126 671 759 3127 685 773 3128 685 773 3129 671 759 3130 686 774 3131 686 774 3132 671 759 3133 687 775 3134 671 759 3135 672 760 3136 687 775 3137 672 760 3138 675 763 3139 687 775 3140 687 775 3141 675 763 3142 688 776 3143 688 776 3144 675 763 3145 689 777 3146 675 763 3147 676 764 3148 689 777 3149 676 764 3150 679 767 3151 689 777 3152 689 777 3153 679 767 3154 690 778 3155 690 778 3156 679 767 3157 691 779 3158 679 767 3159 680 768 3160 691 779 3161 680 768 3162 683 771 3163 691 779 3164 691 779 3165 683 771 3166 692 780 3167 684 772 3168 685 773 3169 693 781 3170 685 773 3171 686 774 3172 694 782 3173 685 773 3174 694 782 3175 693 781 3176 686 774 3177 687 775 3178 694 782 3179 687 775 3180 688 776 3181 695 783 3182 687 775 3183 695 783 3184 694 782 3185 688 776 3186 689 777 3187 695 783 3188 689 777 3189 690 778 3190 696 784 3191 689 777 3192 696 784 3193 695 783 3194 690 778 3195 691 779 3196 696 784 3197 691 779 3198 692 780 3199 697 785 3200 691 779 3201 697 785 3202 696 784 3203 698 786 3204 693 781 3205 699 787 3206 693 781 3207 694 782 3208 699 787 3209 694 782 3210 695 783 3211 699 787 3212 699 787 3213 695 783 3214 700 788 3215 700 788 3216 695 783 3217 701 789 3218 695 783 3219 696 784 3220 701 789 3221 696 784 3222 697 785 3223 701 789 3224 701 789 3225 697 785 3226 702 790 3227 703 791 3228 698 786 3229 704 792 3230 698 786 3231 699 787 3232 704 792 3233 699 787 3234 700 788 3235 704 792 3236 704 792 3237 700 788 3238 705 793 3239 705 793 3240 700 788 3241 706 794 3242 700 788 3243 701 789 3244 706 794 3245 701 789 3246 702 790 3247 706 794 3248 706 794 3249 702 790 3250 707 795 3251 708 796 3252 703 791 3253 709 797 3254 703 791 3255 704 792 3256 709 797 3257 704 792 3258 705 793 3259 709 797 3260 709 797 3261 705 793 3262 710 798 3263 710 798 3264 705 793 3265 711 799 3266 705 793 3267 706 794 3268 711 799 3269 706 794 3270 707 795 3271 711 799 3272 711 799 3273 707 795 3274 712 800 3275 708 796 3276 709 797 3277 713 801 3278 709 797 3279 710 798 3280 714 802 3281 710 798 3282 711 799 3283 715 803 3284 711 799 3285 712 800 3286 716 804 3287 717 805 3288 718 806 3289 719 807 3290 718 806 3291 720 808 3292 719 807 3293 720 808 3294 721 809 3295 719 807 3296 719 807 3297 721 809 3298 722 810 3299 722 810 3300 721 809 3301 723 811 3302 721 809 3303 724 812 3304 723 811 3305 724 812 3306 725 813 3307 723 811 3308 723 811 3309 725 813 3310 726 814 3311 726 814 3312 725 813 3313 727 815 3314 725 813 3315 728 816 3316 727 815 3317 728 816 3318 729 817 3319 727 815 3320 727 815 3321 729 817 3322 730 818 3323 730 818 3324 729 817 3325 731 819 3326 729 817 3327 732 820 3328 731 819 3329 732 820 3330 733 821 3331 731 819 3332 731 819 3333 733 821 3334 734 822 3335 735 823 3336 717 805 3337 736 824 3338 717 805 3339 719 807 3340 736 824 3341 719 807 3342 722 810 3343 736 824 3344 736 824 3345 722 810 3346 737 825 3347 737 825 3348 722 810 3349 738 826 3350 722 810 3351 723 811 3352 738 826 3353 723 811 3354 726 814 3355 738 826 3356 738 826 3357 726 814 3358 739 827 3359 739 827 3360 726 814 3361 740 828 3362 726 814 3363 727 815 3364 740 828 3365 727 815 3366 730 818 3367 740 828 3368 740 828 3369 730 818 3370 741 829 3371 741 829 3372 730 818 3373 742 830 3374 730 818 3375 731 819 3376 742 830 3377 731 819 3378 734 822 3379 742 830 3380 742 830 3381 734 822 3382 743 831 3383 735 823 3384 736 824 3385 744 832 3386 736 824 3387 737 825 3388 745 833 3389 736 824 3390 745 833 3391 744 832 3392 737 825 3393 738 826 3394 745 833 3395 738 826 3396 739 827 3397 746 834 3398 738 826 3399 746 834 3400 745 833 3401 739 827 3402 740 828 3403 746 834 3404 740 828 3405 741 829 3406 747 835 3407 740 828 3408 747 835 3409 746 834 3410 741 829 3411 742 830 3412 747 835 3413 742 830 3414 743 831 3415 748 836 3416 742 830 3417 748 836 3418 747 835 3419 749 837 3420 744 832 3421 750 838 3422 744 832 3423 745 833 3424 750 838 3425 745 833 3426 746 834 3427 750 838 3428 750 838 3429 746 834 3430 751 839 3431 751 839 3432 746 834 3433 752 840 3434 746 834 3435 747 835 3436 752 840 3437 747 835 3438 748 836 3439 752 840 3440 752 840 3441 748 836 3442 753 841 3443 754 842 3444 749 837 3445 755 843 3446 749 837 3447 750 838 3448 755 843 3449 750 838 3450 751 839 3451 755 843 3452 755 843 3453 751 839 3454 756 844 3455 756 844 3456 751 839 3457 757 845 3458 751 839 3459 752 840 3460 757 845 3461 752 840 3462 753 841 3463 757 845 3464 757 845 3465 753 841 3466 758 846 3467 759 847 3468 754 842 3469 760 848 3470 754 842 3471 755 843 3472 760 848 3473 755 843 3474 756 844 3475 760 848 3476 760 848 3477 756 844 3478 761 849 3479 761 849 3480 756 844 3481 762 850 3482 756 844 3483 757 845 3484 762 850 3485 757 845 3486 758 846 3487 762 850 3488 762 850 3489 758 846 3490 763 851 3491 759 847 3492 760 848 3493 764 852 3494 760 848 3495 761 849 3496 765 853 3497 761 849 3498 762 850 3499 766 854 3500 762 850 3501 763 851 3502 767 855 3503 768 856 3504 769 857 3505 770 858 3506 769 857 3507 771 859 3508 770 858 3509 771 859 3510 772 860 3511 770 858 3512 770 858 3513 772 860 3514 773 861 3515 773 861 3516 772 860 3517 774 862 3518 772 860 3519 775 863 3520 774 862 3521 775 863 3522 776 864 3523 774 862 3524 774 862 3525 776 864 3526 777 865 3527 777 865 3528 776 864 3529 778 866 3530 776 864 3531 779 867 3532 778 866 3533 779 867 3534 780 868 3535 778 866 3536 778 866 3537 780 868 3538 781 869 3539 782 870 3540 768 856 3541 783 871 3542 768 856 3543 770 858 3544 783 871 3545 770 858 3546 773 861 3547 783 871 3548 783 871 3549 773 861 3550 784 872 3551 784 872 3552 773 861 3553 785 873 3554 773 861 3555 774 862 3556 785 873 3557 774 862 3558 777 865 3559 785 873 3560 785 873 3561 777 865 3562 786 874 3563 786 874 3564 777 865 3565 787 875 3566 777 865 3567 778 866 3568 787 875 3569 778 866 3570 781 869 3571 787 875 3572 787 875 3573 781 869 3574 788 876 3575 782 870 3576 783 871 3577 789 877 3578 783 871 3579 784 872 3580 790 878 3581 783 871 3582 790 878 3583 789 877 3584 784 872 3585 785 873 3586 790 878 3587 785 873 3588 786 874 3589 791 879 3590 785 873 3591 791 879 3592 790 878 3593 786 874 3594 787 875 3595 791 879 3596 787 875 3597 788 876 3598 792 880 3599 787 875 3600 792 880 3601 791 879 3602 793 881 3603 789 877 3604 794 882 3605 789 877 3606 790 878 3607 794 882 3608 790 878 3609 791 879 3610 794 882 3611 794 882 3612 791 879 3613 795 883 3614 795 883 3615 791 879 3616 796 884 3617 791 879 3618 792 880 3619 796 884 3620 797 885 3621 793 881 3622 798 886 3623 793 881 3624 794 882 3625 798 886 3626 794 882 3627 795 883 3628 798 886 3629 798 886 3630 795 883 3631 799 887 3632 799 887 3633 795 883 3634 800 888 3635 795 883 3636 796 884 3637 800 888 3638 801 889 3639 797 885 3640 802 890 3641 797 885 3642 798 886 3643 802 890 3644 798 886 3645 799 887 3646 802 890 3647 802 890 3648 799 887 3649 803 891 3650 803 891 3651 799 887 3652 804 892 3653 799 887 3654 800 888 3655 804 892 3656 801 889 3657 802 890 3658 805 893 3659 802 890 3660 803 891 3661 806 894 3662 803 891 3663 804 892 3664 807 895 3665 808 896 3666 809 897 3667 810 898 3668 809 897 3669 811 899 3670 810 898 3671 811 899 3672 812 900 3673 810 898 3674 810 898 3675 812 900 3676 813 901 3677 813 901 3678 812 900 3679 814 902 3680 812 900 3681 815 903 3682 814 902 3683 815 903 3684 816 904 3685 814 902 3686 814 902 3687 816 904 3688 817 905 3689 817 905 3690 816 904 3691 818 906 3692 816 904 3693 819 907 3694 818 906 3695 819 907 3696 820 908 3697 818 906 3698 818 906 3699 820 908 3700 821 909 3701 822 910 3702 808 896 3703 823 911 3704 808 896 3705 810 898 3706 823 911 3707 810 898 3708 813 901 3709 823 911 3710 823 911 3711 813 901 3712 824 912 3713 824 912 3714 813 901 3715 825 913 3716 813 901 3717 814 902 3718 825 913 3719 814 902 3720 817 905 3721 825 913 3722 825 913 3723 817 905 3724 826 914 3725 826 914 3726 817 905 3727 827 915 3728 817 905 3729 818 906 3730 827 915 3731 818 906 3732 821 909 3733 827 915 3734 827 915 3735 821 909 3736 828 916 3737 822 910 3738 823 911 3739 829 917 3740 823 911 3741 824 912 3742 830 918 3743 823 911 3744 830 918 3745 829 917 3746 824 912 3747 825 913 3748 830 918 3749 825 913 3750 826 914 3751 831 919 3752 825 913 3753 831 919 3754 830 918 3755 826 914 3756 827 915 3757 831 919 3758 827 915 3759 828 916 3760 832 920 3761 827 915 3762 832 920 3763 831 919 3764 833 921 3765 829 917 3766 834 922 3767 829 917 3768 830 918 3769 834 922 3770 830 918 3771 831 919 3772 834 922 3773 834 922 3774 831 919 3775 835 923 3776 835 923 3777 831 919 3778 836 924 3779 831 919 3780 832 920 3781 836 924 3782 837 925 3783 833 921 3784 838 926 3785 833 921 3786 834 922 3787 838 926 3788 834 922 3789 835 923 3790 838 926 3791 838 926 3792 835 923 3793 839 927 3794 839 927 3795 835 923 3796 840 928 3797 835 923 3798 836 924 3799 840 928 3800 837 925 3801 838 926 3802 841 929 3803 838 926 3804 839 927 3805 842 930 3806 839 927 3807 840 928 3808 843 931 3809 844 932 3810 845 933 3811 846 934 3812 845 933 3813 847 935 3814 846 934 3815 847 935 3816 848 936 3817 846 934 3818 846 934 3819 848 936 3820 849 937 3821 849 937 3822 848 936 3823 850 938 3824 848 936 3825 851 939 3826 850 938 3827 851 939 3828 852 940 3829 850 938 3830 850 938 3831 852 940 3832 853 941 3833 853 941 3834 852 940 3835 854 942 3836 852 940 3837 855 943 3838 854 942 3839 856 944 3840 844 932 3841 857 945 3842 844 932 3843 846 934 3844 857 945 3845 846 934 3846 849 937 3847 857 945 3848 857 945 3849 849 937 3850 858 946 3851 858 946 3852 849 937 3853 859 947 3854 849 937 3855 850 938 3856 859 947 3857 850 938 3858 853 941 3859 859 947 3860 859 947 3861 853 941 3862 860 948 3863 860 948 3864 853 941 3865 861 949 3866 853 941 3867 854 942 3868 861 949 3869 862 950 3870 856 944 3871 863 951 3872 856 944 3873 857 945 3874 863 951 3875 857 945 3876 858 946 3877 863 951 3878 863 951 3879 858 946 3880 864 952 3881 864 952 3882 858 946 3883 865 953 3884 858 946 3885 859 947 3886 865 953 3887 859 947 3888 860 948 3889 865 953 3890 865 953 3891 860 948 3892 866 954 3893 866 954 3894 860 948 3895 867 955 3896 860 948 3897 861 949 3898 867 955 3899 868 956 3900 862 950 3901 869 957 3902 862 950 3903 863 951 3904 869 957 3905 863 951 3906 864 952 3907 869 957 3908 869 957 3909 864 952 3910 870 958 3911 870 958 3912 864 952 3913 871 959 3914 864 952 3915 865 953 3916 871 959 3917 865 953 3918 866 954 3919 871 959 3920 871 959 3921 866 954 3922 872 960 3923 872 960 3924 866 954 3925 873 961 3926 866 954 3927 867 955 3928 873 961 3929 874 962 3930 868 956 3931 875 963 3932 868 956 3933 869 957 3934 875 963 3935 869 957 3936 870 958 3937 875 963 3938 875 963 3939 870 958 3940 876 964 3941 876 964 3942 870 958 3943 877 965 3944 870 958 3945 871 959 3946 877 965 3947 871 959 3948 872 960 3949 877 965 3950 877 965 3951 872 960 3952 878 966 3953 878 966 3954 872 960 3955 879 967 3956 872 960 3957 873 961 3958 879 967 3959 874 962 3960 875 963 3961 880 968 3962 875 963 3963 876 964 3964 881 969 3965 876 964 3966 877 965 3967 882 970 3968 877 965 3969 878 966 3970 883 971 3971 878 966 3972 879 967 3973 884 972 3974 885 973 3975 886 974 3976 887 975 3977 886 974 3978 888 976 3979 887 975 3980 888 976 3981 889 977 3982 887 975 3983 887 975 3984 889 977 3985 890 978 3986 890 978 3987 889 977 3988 891 979 3989 889 977 3990 892 980 3991 891 979 3992 892 980 3993 893 981 3994 891 979 3995 891 979 3996 893 981 3997 894 982 3998 895 983 3999 885 973 4000 896 984 4001 885 973 4002 887 975 4003 896 984 4004 887 975 4005 890 978 4006 896 984 4007 896 984 4008 890 978 4009 897 985 4010 897 985 4011 890 978 4012 898 986 4013 890 978 4014 891 979 4015 898 986 4016 891 979 4017 894 982 4018 898 986 4019 898 986 4020 894 982 4021 899 987 4022 900 988 4023 895 983 4024 901 989 4025 895 983 4026 896 984 4027 901 989 4028 896 984 4029 897 985 4030 901 989 4031 901 989 4032 897 985 4033 902 990 4034 902 990 4035 897 985 4036 903 991 4037 897 985 4038 898 986 4039 903 991 4040 898 986 4041 899 987 4042 903 991 4043 903 991 4044 899 987 4045 904 992 4046 900 988 4047 901 989 4048 905 993 4049 901 989 4050 902 990 4051 906 994 4052 902 990 4053 903 991 4054 907 995 4055 903 991 4056 904 992 4057 908 996 4058 909 997 4059 910 998 4060 911 999 4061 910 998 4062 912 1000 4063 911 999 4064 912 1000 4065 913 1001 4066 911 999 4067 911 999 4068 913 1001 4069 914 1002 4070 914 1002 4071 913 1001 4072 915 1003 4073 913 1001 4074 916 1004 4075 915 1003 4076 916 1004 4077 917 1005 4078 915 1003 4079 915 1003 4080 917 1005 4081 918 1006 4082 919 1007 4083 909 997 4084 920 1008 4085 909 997 4086 911 999 4087 920 1008 4088 911 999 4089 914 1002 4090 920 1008 4091 920 1008 4092 914 1002 4093 921 1009 4094 921 1009 4095 914 1002 4096 922 1010 4097 914 1002 4098 915 1003 4099 922 1010 4100 915 1003 4101 918 1006 4102 922 1010 4103 922 1010 4104 918 1006 4105 923 1011 4106 919 1007 4107 920 1008 4108 924 1012 4109 920 1008 4110 921 1009 4111 925 1013 4112 921 1009 4113 922 1010 4114 926 1014 4115 922 1010 4116 923 1011 4117 927 1015 4118 249 1016 4119 250 1017 4120 928 1018 4121 928 1018 4122 250 1017 4123 929 1019 4124 250 1017 4125 251 1020 4126 929 1019 4127 929 1019 4128 251 1020 4129 930 1021 4130 251 1020 4131 252 1022 4132 930 1021 4133 930 1021 4134 252 1022 4135 931 1023 4136 252 1022 4137 253 1024 4138 931 1023 4139 931 1023 4140 253 1024 4141 932 1025 4142 253 1024 4143 254 1026 4144 932 1025 4145 932 1025 4146 254 1026 4147 933 1027 4148 254 1026 4149 255 1028 4150 933 1027 4151 933 1027 4152 255 1028 4153 934 1029 4154 255 1028 4155 256 1030 4156 934 1029 4157 934 1029 4158 256 1030 4159 935 1031 4160 256 1030 4161 257 1032 4162 935 1031 4163 935 1031 4164 257 1032 4165 936 1033 4166 937 1034 4167 928 1018 4168 938 1035 4169 928 1018 4170 929 1019 4171 938 1035 4172 929 1019 4173 930 1021 4174 938 1035 4175 938 1035 4176 930 1021 4177 939 1036 4178 939 1036 4179 930 1021 4180 940 1037 4181 930 1021 4182 931 1023 4183 940 1037 4184 931 1023 4185 932 1025 4186 940 1037 4187 940 1037 4188 932 1025 4189 941 1038 4190 941 1038 4191 932 1025 4192 942 1039 4193 932 1025 4194 933 1027 4195 942 1039 4196 933 1027 4197 934 1029 4198 942 1039 4199 942 1039 4200 934 1029 4201 943 1040 4202 943 1040 4203 934 1029 4204 944 1041 4205 934 1029 4206 935 1031 4207 944 1041 4208 935 1031 4209 936 1033 4210 944 1041 4211 944 1041 4212 936 1033 4213 945 1042 4214 937 1034 4215 938 1035 4216 946 1043 4217 938 1035 4218 939 1036 4219 947 1044 4220 938 1035 4221 947 1044 4222 946 1043 4223 939 1036 4224 940 1037 4225 947 1044 4226 940 1037 4227 941 1038 4228 948 1045 4229 940 1037 4230 948 1045 4231 947 1044 4232 941 1038 4233 942 1039 4234 948 1045 4235 942 1039 4236 943 1040 4237 949 1046 4238 942 1039 4239 949 1046 4240 948 1045 4241 943 1040 4242 944 1041 4243 949 1046 4244 944 1041 4245 945 1042 4246 950 1047 4247 944 1041 4248 950 1047 4249 949 1046 4250 951 1048 4251 946 1043 4252 952 1049 4253 946 1043 4254 947 1044 4255 952 1049 4256 947 1044 4257 948 1045 4258 952 1049 4259 952 1049 4260 948 1045 4261 953 1050 4262 953 1050 4263 948 1045 4264 954 1051 4265 948 1045 4266 949 1046 4267 954 1051 4268 949 1046 4269 950 1047 4270 954 1051 4271 954 1051 4272 950 1047 4273 955 1052 4274 956 1053 4275 951 1048 4276 957 1054 4277 951 1048 4278 952 1049 4279 957 1054 4280 952 1049 4281 953 1050 4282 957 1054 4283 957 1054 4284 953 1050 4285 958 1055 4286 958 1055 4287 953 1050 4288 959 1056 4289 953 1050 4290 954 1051 4291 959 1056 4292 954 1051 4293 955 1052 4294 959 1056 4295 959 1056 4296 955 1052 4297 960 1057 4298 961 1058 4299 956 1053 4300 962 1059 4301 956 1053 4302 957 1054 4303 962 1059 4304 957 1054 4305 958 1055 4306 962 1059 4307 962 1059 4308 958 1055 4309 963 1060 4310 963 1060 4311 958 1055 4312 964 1061 4313 958 1055 4314 959 1056 4315 964 1061 4316 959 1056 4317 960 1057 4318 964 1061 4319 964 1061 4320 960 1057 4321 965 1062 4322 966 1063 4323 961 1058 4324 967 1064 4325 961 1058 4326 962 1059 4327 967 1064 4328 962 1059 4329 963 1060 4330 967 1064 4331 967 1064 4332 963 1060 4333 968 1065 4334 968 1065 4335 963 1060 4336 969 1066 4337 963 1060 4338 964 1061 4339 969 1066 4340 964 1061 4341 965 1062 4342 969 1066 4343 969 1066 4344 965 1062 4345 970 1067 4346 966 1063 4347 967 1064 4348 971 1068 4349 967 1064 4350 968 1065 4351 972 1069 4352 968 1065 4353 969 1066 4354 973 1070 4355 969 1066 4356 970 1067 4357 974 1071 4358 305 1072 4359 307 1073 4360 975 1074 4361 975 1074 4362 307 1073 4363 976 1075 4364 307 1073 4365 310 1076 4366 976 1075 4367 976 1075 4368 310 1076 4369 977 1077 4370 310 1076 4371 311 1078 4372 977 1077 4373 977 1077 4374 311 1078 4375 978 1079 4376 311 1078 4377 314 1080 4378 978 1079 4379 978 1079 4380 314 1080 4381 979 1081 4382 314 1080 4383 315 1082 4384 979 1081 4385 979 1081 4386 315 1082 4387 980 1083 4388 315 1082 4389 318 1084 4390 980 1083 4391 980 1083 4392 318 1084 4393 981 1085 4394 318 1084 4395 319 1086 4396 981 1085 4397 981 1085 4398 319 1086 4399 982 1087 4400 319 1086 4401 322 1088 4402 982 1087 4403 982 1087 4404 322 1088 4405 983 1089 4406 984 1090 4407 975 1074 4408 985 1091 4409 975 1074 4410 976 1075 4411 985 1091 4412 976 1075 4413 977 1077 4414 985 1091 4415 985 1091 4416 977 1077 4417 986 1092 4418 986 1092 4419 977 1077 4420 987 1093 4421 977 1077 4422 978 1079 4423 987 1093 4424 978 1079 4425 979 1081 4426 987 1093 4427 987 1093 4428 979 1081 4429 988 1094 4430 988 1094 4431 979 1081 4432 989 1095 4433 979 1081 4434 980 1083 4435 989 1095 4436 980 1083 4437 981 1085 4438 989 1095 4439 989 1095 4440 981 1085 4441 990 1096 4442 990 1096 4443 981 1085 4444 991 1097 4445 981 1085 4446 982 1087 4447 991 1097 4448 982 1087 4449 983 1089 4450 991 1097 4451 991 1097 4452 983 1089 4453 992 1098 4454 984 1090 4455 985 1091 4456 993 1099 4457 985 1091 4458 986 1092 4459 994 1100 4460 985 1091 4461 994 1100 4462 993 1099 4463 986 1092 4464 987 1093 4465 994 1100 4466 987 1093 4467 988 1094 4468 995 1101 4469 987 1093 4470 995 1101 4471 994 1100 4472 988 1094 4473 989 1095 4474 995 1101 4475 989 1095 4476 990 1096 4477 996 1102 4478 989 1095 4479 996 1102 4480 995 1101 4481 990 1096 4482 991 1097 4483 996 1102 4484 991 1097 4485 992 1098 4486 997 1103 4487 991 1097 4488 997 1103 4489 996 1102 4490 998 1104 4491 993 1099 4492 999 1105 4493 993 1099 4494 994 1100 4495 999 1105 4496 994 1100 4497 995 1101 4498 999 1105 4499 999 1105 4500 995 1101 4501 1000 1106 4502 1000 1106 4503 995 1101 4504 1001 1107 4505 995 1101 4506 996 1102 4507 1001 1107 4508 996 1102 4509 997 1103 4510 1001 1107 4511 1001 1107 4512 997 1103 4513 1002 1108 4514 1003 1109 4515 998 1104 4516 1004 1110 4517 998 1104 4518 999 1105 4519 1004 1110 4520 999 1105 4521 1000 1106 4522 1004 1110 4523 1004 1110 4524 1000 1106 4525 1005 1111 4526 1005 1111 4527 1000 1106 4528 1006 1112 4529 1000 1106 4530 1001 1107 4531 1006 1112 4532 1001 1107 4533 1002 1108 4534 1006 1112 4535 1006 1112 4536 1002 1108 4537 1007 1113 4538 1008 1114 4539 1003 1109 4540 1009 1115 4541 1003 1109 4542 1004 1110 4543 1009 1115 4544 1004 1110 4545 1005 1111 4546 1009 1115 4547 1009 1115 4548 1005 1111 4549 1010 1116 4550 1010 1116 4551 1005 1111 4552 1011 1117 4553 1005 1111 4554 1006 1112 4555 1011 1117 4556 1006 1112 4557 1007 1113 4558 1011 1117 4559 1011 1117 4560 1007 1113 4561 1012 1118 4562 1013 1119 4563 1008 1114 4564 1014 1120 4565 1008 1114 4566 1009 1115 4567 1014 1120 4568 1009 1115 4569 1010 1116 4570 1014 1120 4571 1014 1120 4572 1010 1116 4573 1015 1121 4574 1015 1121 4575 1010 1116 4576 1016 1122 4577 1010 1116 4578 1011 1117 4579 1016 1122 4580 1011 1117 4581 1012 1118 4582 1016 1122 4583 1016 1122 4584 1012 1118 4585 1017 1123 4586 1013 1119 4587 1014 1120 4588 1018 1124 4589 1014 1120 4590 1015 1121 4591 1019 1125 4592 1015 1121 4593 1016 1122 4594 1020 1126 4595 1016 1122 4596 1017 1123 4597 1021 1127 4598 370 1128 4599 372 1129 4600 1022 1130 4601 1022 1130 4602 372 1129 4603 1023 1131 4604 372 1129 4605 375 1132 4606 1023 1131 4607 1023 1131 4608 375 1132 4609 1024 1133 4610 375 1132 4611 376 1134 4612 1024 1133 4613 1024 1133 4614 376 1134 4615 1025 1135 4616 376 1134 4617 379 1136 4618 1025 1135 4619 1025 1135 4620 379 1136 4621 1026 1137 4622 379 1136 4623 380 1138 4624 1026 1137 4625 1026 1137 4626 380 1138 4627 1027 1139 4628 380 1138 4629 383 1140 4630 1027 1139 4631 1027 1139 4632 383 1140 4633 1028 1141 4634 383 1140 4635 384 1142 4636 1028 1141 4637 1028 1141 4638 384 1142 4639 1029 1143 4640 384 1142 4641 387 1144 4642 1029 1143 4643 1029 1143 4644 387 1144 4645 1030 1145 4646 1031 1146 4647 1022 1130 4648 1032 1147 4649 1022 1130 4650 1023 1131 4651 1032 1147 4652 1023 1131 4653 1024 1133 4654 1032 1147 4655 1032 1147 4656 1024 1133 4657 1033 1148 4658 1033 1148 4659 1024 1133 4660 1034 1149 4661 1024 1133 4662 1025 1135 4663 1034 1149 4664 1025 1135 4665 1026 1137 4666 1034 1149 4667 1034 1149 4668 1026 1137 4669 1035 1150 4670 1035 1150 4671 1026 1137 4672 1036 1151 4673 1026 1137 4674 1027 1139 4675 1036 1151 4676 1027 1139 4677 1028 1141 4678 1036 1151 4679 1036 1151 4680 1028 1141 4681 1037 1152 4682 1037 1152 4683 1028 1141 4684 1038 1153 4685 1028 1141 4686 1029 1143 4687 1038 1153 4688 1029 1143 4689 1030 1145 4690 1038 1153 4691 1038 1153 4692 1030 1145 4693 1039 1154 4694 1031 1146 4695 1032 1147 4696 1040 1155 4697 1032 1147 4698 1033 1148 4699 1041 1156 4700 1032 1147 4701 1041 1156 4702 1040 1155 4703 1033 1148 4704 1034 1149 4705 1041 1156 4706 1034 1149 4707 1035 1150 4708 1042 1157 4709 1034 1149 4710 1042 1157 4711 1041 1156 4712 1035 1150 4713 1036 1151 4714 1042 1157 4715 1036 1151 4716 1037 1152 4717 1043 1158 4718 1036 1151 4719 1043 1158 4720 1042 1157 4721 1037 1152 4722 1038 1153 4723 1043 1158 4724 1038 1153 4725 1039 1154 4726 1044 1159 4727 1038 1153 4728 1044 1159 4729 1043 1158 4730 1045 1160 4731 1040 1155 4732 1046 1161 4733 1040 1155 4734 1041 1156 4735 1046 1161 4736 1041 1156 4737 1042 1157 4738 1046 1161 4739 1046 1161 4740 1042 1157 4741 1047 1162 4742 1047 1162 4743 1042 1157 4744 1048 1163 4745 1042 1157 4746 1043 1158 4747 1048 1163 4748 1043 1158 4749 1044 1159 4750 1048 1163 4751 1048 1163 4752 1044 1159 4753 1049 1164 4754 1050 1165 4755 1045 1160 4756 1051 1166 4757 1045 1160 4758 1046 1161 4759 1051 1166 4760 1046 1161 4761 1047 1162 4762 1051 1166 4763 1051 1166 4764 1047 1162 4765 1052 1167 4766 1052 1167 4767 1047 1162 4768 1053 1168 4769 1047 1162 4770 1048 1163 4771 1053 1168 4772 1048 1163 4773 1049 1164 4774 1053 1168 4775 1053 1168 4776 1049 1164 4777 1054 1169 4778 1055 1170 4779 1050 1165 4780 1056 1171 4781 1050 1165 4782 1051 1166 4783 1056 1171 4784 1051 1166 4785 1052 1167 4786 1056 1171 4787 1056 1171 4788 1052 1167 4789 1057 1172 4790 1057 1172 4791 1052 1167 4792 1058 1173 4793 1052 1167 4794 1053 1168 4795 1058 1173 4796 1053 1168 4797 1054 1169 4798 1058 1173 4799 1058 1173 4800 1054 1169 4801 1059 1174 4802 1060 1175 4803 1055 1170 4804 1061 1176 4805 1055 1170 4806 1056 1171 4807 1061 1176 4808 1056 1171 4809 1057 1172 4810 1061 1176 4811 1061 1176 4812 1057 1172 4813 1062 1177 4814 1062 1177 4815 1057 1172 4816 1063 1178 4817 1057 1172 4818 1058 1173 4819 1063 1178 4820 1058 1173 4821 1059 1174 4822 1063 1178 4823 1063 1178 4824 1059 1174 4825 1064 1179 4826 1060 1175 4827 1061 1176 4828 1065 1180 4829 1061 1176 4830 1062 1177 4831 1066 1181 4832 1062 1177 4833 1063 1178 4834 1067 1182 4835 1063 1178 4836 1064 1179 4837 1068 1183 4838 435 1184 4839 437 1185 4840 1069 1186 4841 1069 1186 4842 437 1185 4843 1070 1187 4844 437 1185 4845 440 1188 4846 1070 1187 4847 1070 1187 4848 440 1188 4849 1071 1189 4850 440 1188 4851 441 1190 4852 1071 1189 4853 1071 1189 4854 441 1190 4855 1072 1191 4856 441 1190 4857 444 1192 4858 1072 1191 4859 1072 1191 4860 444 1192 4861 1073 1193 4862 444 1192 4863 445 1194 4864 1073 1193 4865 1073 1193 4866 445 1194 4867 1074 1195 4868 445 1194 4869 448 1196 4870 1074 1195 4871 1074 1195 4872 448 1196 4873 1075 1197 4874 448 1196 4875 449 1198 4876 1075 1197 4877 1075 1197 4878 449 1198 4879 1076 1199 4880 449 1198 4881 452 1200 4882 1076 1199 4883 1076 1199 4884 452 1200 4885 1077 1201 4886 1078 1202 4887 1069 1186 4888 1079 1203 4889 1069 1186 4890 1070 1187 4891 1079 1203 4892 1070 1187 4893 1071 1189 4894 1079 1203 4895 1079 1203 4896 1071 1189 4897 1080 1204 4898 1080 1204 4899 1071 1189 4900 1081 1205 4901 1071 1189 4902 1072 1191 4903 1081 1205 4904 1072 1191 4905 1073 1193 4906 1081 1205 4907 1081 1205 4908 1073 1193 4909 1082 1206 4910 1082 1206 4911 1073 1193 4912 1083 1207 4913 1073 1193 4914 1074 1195 4915 1083 1207 4916 1074 1195 4917 1075 1197 4918 1083 1207 4919 1083 1207 4920 1075 1197 4921 1084 1208 4922 1084 1208 4923 1075 1197 4924 1085 1209 4925 1075 1197 4926 1076 1199 4927 1085 1209 4928 1076 1199 4929 1077 1201 4930 1085 1209 4931 1085 1209 4932 1077 1201 4933 1086 1210 4934 1078 1202 4935 1079 1203 4936 1087 1211 4937 1079 1203 4938 1080 1204 4939 1088 1212 4940 1079 1203 4941 1088 1212 4942 1087 1211 4943 1080 1204 4944 1081 1205 4945 1088 1212 4946 1081 1205 4947 1082 1206 4948 1089 1213 4949 1081 1205 4950 1089 1213 4951 1088 1212 4952 1082 1206 4953 1083 1207 4954 1089 1213 4955 1083 1207 4956 1084 1208 4957 1090 1214 4958 1083 1207 4959 1090 1214 4960 1089 1213 4961 1084 1208 4962 1085 1209 4963 1090 1214 4964 1085 1209 4965 1086 1210 4966 1091 1215 4967 1085 1209 4968 1091 1215 4969 1090 1214 4970 1092 1216 4971 1087 1211 4972 1093 1217 4973 1087 1211 4974 1088 1212 4975 1093 1217 4976 1088 1212 4977 1089 1213 4978 1093 1217 4979 1093 1217 4980 1089 1213 4981 1094 1218 4982 1094 1218 4983 1089 1213 4984 1095 1219 4985 1089 1213 4986 1090 1214 4987 1095 1219 4988 1090 1214 4989 1091 1215 4990 1095 1219 4991 1095 1219 4992 1091 1215 4993 1096 1220 4994 1097 1221 4995 1092 1216 4996 1098 1222 4997 1092 1216 4998 1093 1217 4999 1098 1222 5000 1093 1217 5001 1094 1218 5002 1098 1222 5003 1098 1222 5004 1094 1218 5005 1099 1223 5006 1099 1223 5007 1094 1218 5008 1100 1224 5009 1094 1218 5010 1095 1219 5011 1100 1224 5012 1095 1219 5013 1096 1220 5014 1100 1224 5015 1100 1224 5016 1096 1220 5017 1101 1225 5018 1102 1226 5019 1097 1221 5020 1103 1227 5021 1097 1221 5022 1098 1222 5023 1103 1227 5024 1098 1222 5025 1099 1223 5026 1103 1227 5027 1103 1227 5028 1099 1223 5029 1104 1228 5030 1104 1228 5031 1099 1223 5032 1105 1229 5033 1099 1223 5034 1100 1224 5035 1105 1229 5036 1100 1224 5037 1101 1225 5038 1105 1229 5039 1105 1229 5040 1101 1225 5041 1106 1230 5042 1102 1226 5043 1103 1227 5044 1107 1231 5045 1103 1227 5046 1104 1228 5047 1108 1232 5048 1104 1228 5049 1105 1229 5050 1109 1233 5051 1105 1229 5052 1106 1230 5053 1110 1234 5054 495 1235 5055 497 1236 5056 1111 1237 5057 1111 1237 5058 497 1236 5059 1112 1238 5060 497 1236 5061 500 1239 5062 1112 1238 5063 1112 1238 5064 500 1239 5065 1113 1240 5066 500 1239 5067 501 1241 5068 1113 1240 5069 1113 1240 5070 501 1241 5071 1114 1242 5072 501 1241 5073 504 1243 5074 1114 1242 5075 1114 1242 5076 504 1243 5077 1115 1244 5078 504 1243 5079 505 1245 5080 1115 1244 5081 1115 1244 5082 505 1245 5083 1116 1246 5084 505 1245 5085 508 1247 5086 1116 1246 5087 1116 1246 5088 508 1247 5089 1117 1248 5090 508 1247 5091 509 1249 5092 1117 1248 5093 1117 1248 5094 509 1249 5095 1118 1250 5096 509 1249 5097 512 1251 5098 1118 1250 5099 1118 1250 5100 512 1251 5101 1119 1252 5102 1120 1253 5103 1111 1237 5104 1121 1254 5105 1111 1237 5106 1112 1238 5107 1121 1254 5108 1112 1238 5109 1113 1240 5110 1121 1254 5111 1121 1254 5112 1113 1240 5113 1122 1255 5114 1122 1255 5115 1113 1240 5116 1123 1256 5117 1113 1240 5118 1114 1242 5119 1123 1256 5120 1114 1242 5121 1115 1244 5122 1123 1256 5123 1123 1256 5124 1115 1244 5125 1124 1257 5126 1124 1257 5127 1115 1244 5128 1125 1258 5129 1115 1244 5130 1116 1246 5131 1125 1258 5132 1116 1246 5133 1117 1248 5134 1125 1258 5135 1125 1258 5136 1117 1248 5137 1126 1259 5138 1126 1259 5139 1117 1248 5140 1127 1260 5141 1117 1248 5142 1118 1250 5143 1127 1260 5144 1118 1250 5145 1119 1252 5146 1127 1260 5147 1127 1260 5148 1119 1252 5149 1128 1261 5150 1120 1253 5151 1121 1254 5152 1129 1262 5153 1121 1254 5154 1122 1255 5155 1130 1263 5156 1121 1254 5157 1130 1263 5158 1129 1262 5159 1122 1255 5160 1123 1256 5161 1130 1263 5162 1123 1256 5163 1124 1257 5164 1131 1264 5165 1123 1256 5166 1131 1264 5167 1130 1263 5168 1124 1257 5169 1125 1258 5170 1131 1264 5171 1125 1258 5172 1126 1259 5173 1132 1265 5174 1125 1258 5175 1132 1265 5176 1131 1264 5177 1126 1259 5178 1127 1260 5179 1132 1265 5180 1127 1260 5181 1128 1261 5182 1133 1266 5183 1127 1260 5184 1133 1266 5185 1132 1265 5186 1134 1267 5187 1129 1262 5188 1135 1268 5189 1129 1262 5190 1130 1263 5191 1135 1268 5192 1130 1263 5193 1131 1264 5194 1135 1268 5195 1135 1268 5196 1131 1264 5197 1136 1269 5198 1136 1269 5199 1131 1264 5200 1137 1270 5201 1131 1264 5202 1132 1265 5203 1137 1270 5204 1132 1265 5205 1133 1266 5206 1137 1270 5207 1137 1270 5208 1133 1266 5209 1138 1271 5210 1139 1272 5211 1134 1267 5212 1140 1273 5213 1134 1267 5214 1135 1268 5215 1140 1273 5216 1135 1268 5217 1136 1269 5218 1140 1273 5219 1140 1273 5220 1136 1269 5221 1141 1274 5222 1141 1274 5223 1136 1269 5224 1142 1275 5225 1136 1269 5226 1137 1270 5227 1142 1275 5228 1137 1270 5229 1138 1271 5230 1142 1275 5231 1142 1275 5232 1138 1271 5233 1143 1276 5234 1144 1277 5235 1139 1272 5236 1145 1278 5237 1139 1272 5238 1140 1273 5239 1145 1278 5240 1140 1273 5241 1141 1274 5242 1145 1278 5243 1145 1278 5244 1141 1274 5245 1146 1279 5246 1146 1279 5247 1141 1274 5248 1147 1280 5249 1141 1274 5250 1142 1275 5251 1147 1280 5252 1142 1275 5253 1143 1276 5254 1147 1280 5255 1147 1280 5256 1143 1276 5257 1148 1281 5258 1144 1277 5259 1145 1278 5260 1149 1282 5261 1145 1278 5262 1146 1279 5263 1150 1283 5264 1146 1279 5265 1147 1280 5266 1151 1284 5267 1147 1280 5268 1148 1281 5269 1152 1285 5270 555 1286 5271 557 1287 5272 1153 1288 5273 1153 1288 5274 557 1287 5275 1154 1289 5276 557 1287 5277 560 1290 5278 1154 1289 5279 1154 1289 5280 560 1290 5281 1155 1291 5282 560 1290 5283 561 1292 5284 1155 1291 5285 1155 1291 5286 561 1292 5287 1156 1293 5288 561 1292 5289 564 1294 5290 1156 1293 5291 1156 1293 5292 564 1294 5293 1157 1295 5294 564 1294 5295 565 1296 5296 1157 1295 5297 1157 1295 5298 565 1296 5299 1158 1297 5300 565 1296 5301 568 1298 5302 1158 1297 5303 1158 1297 5304 568 1298 5305 1159 1299 5306 568 1298 5307 569 1300 5308 1159 1299 5309 1159 1299 5310 569 1300 5311 1160 1301 5312 569 1300 5313 572 1302 5314 1160 1301 5315 1160 1301 5316 572 1302 5317 1161 1303 5318 1162 1304 5319 1153 1288 5320 1163 1305 5321 1153 1288 5322 1154 1289 5323 1163 1305 5324 1154 1289 5325 1155 1291 5326 1163 1305 5327 1163 1305 5328 1155 1291 5329 1164 1306 5330 1164 1306 5331 1155 1291 5332 1165 1307 5333 1155 1291 5334 1156 1293 5335 1165 1307 5336 1156 1293 5337 1157 1295 5338 1165 1307 5339 1165 1307 5340 1157 1295 5341 1166 1308 5342 1166 1308 5343 1157 1295 5344 1167 1309 5345 1157 1295 5346 1158 1297 5347 1167 1309 5348 1158 1297 5349 1159 1299 5350 1167 1309 5351 1167 1309 5352 1159 1299 5353 1168 1310 5354 1168 1310 5355 1159 1299 5356 1169 1311 5357 1159 1299 5358 1160 1301 5359 1169 1311 5360 1160 1301 5361 1161 1303 5362 1169 1311 5363 1169 1311 5364 1161 1303 5365 1170 1312 5366 1162 1304 5367 1163 1305 5368 1171 1313 5369 1163 1305 5370 1164 1306 5371 1172 1314 5372 1163 1305 5373 1172 1314 5374 1171 1313 5375 1164 1306 5376 1165 1307 5377 1172 1314 5378 1165 1307 5379 1166 1308 5380 1173 1315 5381 1165 1307 5382 1173 1315 5383 1172 1314 5384 1166 1308 5385 1167 1309 5386 1173 1315 5387 1167 1309 5388 1168 1310 5389 1174 1316 5390 1167 1309 5391 1174 1316 5392 1173 1315 5393 1168 1310 5394 1169 1311 5395 1174 1316 5396 1169 1311 5397 1170 1312 5398 1175 1317 5399 1169 1311 5400 1175 1317 5401 1174 1316 5402 1176 1318 5403 1171 1313 5404 1177 1319 5405 1171 1313 5406 1172 1314 5407 1177 1319 5408 1172 1314 5409 1173 1315 5410 1177 1319 5411 1177 1319 5412 1173 1315 5413 1178 1320 5414 1178 1320 5415 1173 1315 5416 1179 1321 5417 1173 1315 5418 1174 1316 5419 1179 1321 5420 1174 1316 5421 1175 1317 5422 1179 1321 5423 1179 1321 5424 1175 1317 5425 1180 1322 5426 1181 1323 5427 1176 1318 5428 1182 1324 5429 1176 1318 5430 1177 1319 5431 1182 1324 5432 1177 1319 5433 1178 1320 5434 1182 1324 5435 1182 1324 5436 1178 1320 5437 1183 1325 5438 1183 1325 5439 1178 1320 5440 1184 1326 5441 1178 1320 5442 1179 1321 5443 1184 1326 5444 1179 1321 5445 1180 1322 5446 1184 1326 5447 1184 1326 5448 1180 1322 5449 1185 1327 5450 1186 1328 5451 1181 1323 5452 1187 1329 5453 1181 1323 5454 1182 1324 5455 1187 1329 5456 1182 1324 5457 1183 1325 5458 1187 1329 5459 1187 1329 5460 1183 1325 5461 1188 1330 5462 1188 1330 5463 1183 1325 5464 1189 1331 5465 1183 1325 5466 1184 1326 5467 1189 1331 5468 1184 1326 5469 1185 1327 5470 1189 1331 5471 1189 1331 5472 1185 1327 5473 1190 1332 5474 1186 1328 5475 1187 1329 5476 1191 1333 5477 1187 1329 5478 1188 1330 5479 1192 1334 5480 1188 1330 5481 1189 1331 5482 1193 1335 5483 1189 1331 5484 1190 1332 5485 1194 1336 5486</p>
        </triangles>
      </mesh>
    </geometry>
  </library_geometries>
  <library_visual_scenes>
    <visual_scene id="Scene" name="Scene">
      <node id="Sketchfab_model" name="Sketchfab_model" type="NODE">
        <matrix sid="transform">1 0 0 0 0 -1.34359e-7 1 0 0 -1 -1.34359e-7 0 0 0 0 1</matrix>
        <node id="birch_fbx" name="birch.fbx" type="NODE">
          <matrix sid="transform">0.01 0 0 0 0 -1.34359e-9 -0.01 0 0 0.01 -1.34359e-9 0 0 0 0 1</matrix>
          <node id="RootNode" name="RootNode" type="NODE">
            <matrix sid="transform">1 0 0 0 0 0.9999999 0 0 0 0 0.9999999 0 0 0 0 1</matrix>
            <node id="Tree_0" name="Tree_0" type="NODE">
              <matrix sid="transform">1 0 0 0 0 0.9999999 0 0 0 0 0.9999999 0 0 0 0 1</matrix>
              <node id="Tree_0_Tree_0Mat_0" name="Tree_0_Tree_0Mat_0" type="NODE">
                <matrix sid="transform">1 0 0 0 0 0.9999999 0 0 0 0 0.9999999 0 0 0 0 1</matrix>
                <instance_geometry url="#Tree_0_Tree_0Mat_0-mesh" name="Tree_0_Tree_0Mat_0">
                  <bind_material>
                    <technique_common>
                      <instance_material symbol="Tree_0Mat-material" target="#Tree_0Mat-material">
                        <bind_vertex_input semantic="UVMap" input_semantic="TEXCOORD" input_set="0"/>
                      </instance_material>
                    </technique_common>
                  </bind_material>
                </instance_geometry>
              </node>
              <node id="Tree_1" name="Tree_1" type="NODE">
                <matrix sid="transform">1 0 0 0 0 0.9999999 0 0 0 0 0.9999999 0 0 0 0 1</matrix>
                <node id="Tree_1_Tree_1Mat_0" name="Tree_1_Tree_1Mat_0" type="NODE">
                  <matrix sid="transform">1 0 0 0 0 0.9999999 0 0 0 0 0.9999999 0 0 0 0 1</matrix>
                  <instance_geometry url="#Tree_1_Tree_1Mat_0-mesh" name="Tree_1_Tree_1Mat_0">
                    <bind_material>
                      <technique_common>
                        <instance_material symbol="Tree_1Mat-material" target="#Tree_1Mat-material">
                          <bind_vertex_input semantic="UVMap" input_semantic="TEXCOORD" input_set="0"/>
                        </instance_material>
                      </technique_common>
                    </bind_material>
                  </instance_geometry>
                </node>
              </node>
            </node>
          </node>
        </node>
      </node>
      <node id="Camera" name="Camera" type="NODE">
        <matrix sid="transform">0.6859207 -0.3240135 0.6515582 7.358891 0.7276763 0.3054208 -0.6141704 -6.925791 0 0.8953956 0.4452714 4.958309 0 0 0 1</matrix>
        <instance_camera url="#Camera-camera"/>
      </node>
      <node id="Light" name="Light" type="NODE">
        <matrix sid="transform">-0.2908646 -0.7711008 0.5663932 4.076245 0.9551712 -0.1998834 0.2183912 1.005454 -0.05518906 0.6045247 0.7946723 5.903862 0 0 0 1</matrix>
        <instance_light url="#Light-light"/>
      </node>
    </visual_scene>
  </library_visual_scenes>
  <scene>
    <instance_visual_scene url="#Scene"/>
  </scene>
</COLLADA>