<?xml version="1.0" encoding="utf-8"?>
<COLLADA xmlns="http://www.collada.org/2005/11/COLLADASchema" version="1.4.1" xmlns:xsi="http://www.w3.org/2001/XMLSchema-instance">
  <asset>
    <contributor>
      <author>Blender User</author>
      <authoring_tool>Blender 3.2.2 commit date:2022-08-02, commit time:18:15, hash:bcfdb14560e7</authoring_tool>
    </contributor>
    <created>2022-08-17T23:29:36</created>
    <modified>2022-08-17T23:29:36</modified>
    <unit name="meter" meter="1"/>
    <up_axis>Z_UP</up_axis>
  </asset>
  <library_cameras>
    <camera id="Camera-camera" name="Camera">
      <optics>
        <technique_common>
          <perspective>
            <xfov sid="xfov">39.59775</xfov>
            <aspect_ratio>1.777778</aspect_ratio>
            <znear sid="znear">0.1</znear>
            <zfar sid="zfar">100</zfar>
          </perspective>
        </technique_common>
      </optics>
      <extra>
        <technique profile="blender">
          <shiftx sid="shiftx" type="float">0</shiftx>
          <shifty sid="shifty" type="float">0</shifty>
          <dof_distance sid="dof_distance" type="float">10</dof_distance>
        </technique>
      </extra>
    </camera>
  </library_cameras>
  <library_lights>
    <light id="Light-light" name="Light">
      <technique_common>
        <point>
          <color sid="color">1000 1000 1000</color>
          <constant_attenuation>1</constant_attenuation>
          <linear_attenuation>0</linear_attenuation>
          <quadratic_attenuation>0.00111109</quadratic_attenuation>
        </point>
      </technique_common>
      <extra>
        <technique profile="blender">
          <type sid="type" type="int">0</type>
          <flag sid="flag" type="int">0</flag>
          <mode sid="mode" type="int">1</mode>
          <gamma sid="blender_gamma" type="float">1</gamma>
          <red sid="red" type="float">1</red>
          <green sid="green" type="float">1</green>
          <blue sid="blue" type="float">1</blue>
          <shadow_r sid="blender_shadow_r" type="float">0</shadow_r>
          <shadow_g sid="blender_shadow_g" type="float">0</shadow_g>
          <shadow_b sid="blender_shadow_b" type="float">0</shadow_b>
          <energy sid="blender_energy" type="float">1000</energy>
          <dist sid="blender_dist" type="float">29.99998</dist>
          <spotsize sid="spotsize" type="float">75</spotsize>
          <spotblend sid="spotblend" type="float">0.15</spotblend>
          <att1 sid="att1" type="float">0</att1>
          <att2 sid="att2" type="float">1</att2>
          <falloff_type sid="falloff_type" type="int">2</falloff_type>
          <clipsta sid="clipsta" type="float">0.04999995</clipsta>
          <clipend sid="clipend" type="float">30.002</clipend>
          <bias sid="bias" type="float">1</bias>
          <soft sid="soft" type="float">3</soft>
          <bufsize sid="bufsize" type="int">2880</bufsize>
          <samp sid="samp" type="int">3</samp>
          <buffers sid="buffers" type="int">1</buffers>
          <area_shape sid="area_shape" type="int">1</area_shape>
          <area_size sid="area_size" type="float">0.1</area_size>
          <area_sizey sid="area_sizey" type="float">0.1</area_sizey>
          <area_sizez sid="area_sizez" type="float">1</area_sizez>
        </technique>
      </extra>
    </light>
  </library_lights>
  <library_effects>
    <effect id="Trank-effect">
      <profile_COMMON>
        <technique sid="common">
          <lambert>
            <emission>
              <color sid="emission">0 0 0 1</color>
            </emission>
            <diffuse>
              <color sid="diffuse">0.8 0.8 0.8 1</color>
            </diffuse>
            <index_of_refraction>
              <float sid="ior">1.45</float>
            </index_of_refraction>
          </lambert>
        </technique>
      </profile_COMMON>
    </effect>
    <effect id="Leavs-effect">
      <profile_COMMON>
        <technique sid="common">
          <lambert>
            <emission>
              <color sid="emission">0 0 0 1</color>
            </emission>
            <diffuse>
              <color sid="diffuse">0.8 0.8 0.8 1</color>
            </diffuse>
            <index_of_refraction>
              <float sid="ior">1.45</float>
            </index_of_refraction>
          </lambert>
        </technique>
      </profile_COMMON>
    </effect>
  </library_effects>
  <library_images/>
  <library_materials>
    <material id="Trank-material" name="Trank">
      <instance_effect url="#Trank-effect"/>
    </material>
    <material id="Leavs-material" name="Leavs">
      <instance_effect url="#Leavs-effect"/>
    </material>
  </library_materials>
  <library_geometries>
    <geometry id="tree_002-mesh" name="tree.002">
      <mesh>
        <source id="tree_002-mesh-positions">
          <float_array id="tree_002-mesh-positions-array" count="450">0.06640833 0 0 0.05372548 0.03903383 0 0.02052128 0.06315809 0 -0.02052128 0.06315809 0 -0.05372548 0.03903383 0 -0.06640833 0 0 -0.05372548 -0.03903383 0 -0.02052128 -0.06315809 0 0.02052128 -0.06315809 0 0.05372548 -0.03903383 0 0.06628686 -1.21984e-4 0.439625 0.05355548 0.03886318 0.4414827 0.02036774 0.06300389 0.4408534 -0.02059978 0.06307929 0.4379775 -0.05369889 0.03906053 0.4339535 -0.06628686 1.21984e-4 0.4303185 -0.05355548 -0.03886318 0.4284608 -0.02036774 -0.06300389 0.4290902 0.02059978 -0.06307929 0.431966 0.05369889 -0.03906053 0.43599 0.06640833 0 0.2174859 0.05372548 0.03903383 0.2174859 0.02052128 0.06315809 0.2174859 -0.02052128 0.06315809 0.2174859 -0.05372548 0.03903383 0.2174859 -0.06640833 0 0.2174859 -0.05372548 -0.03903383 0.2174859 -0.02052128 -0.06315809 0.2174859 0.02052128 -0.06315809 0.2174859 0.05372548 -0.03903383 0.2174859 0.03702479 -0.02276891 0.8657937 0.02559506 0.01233303 0.8652685 -0.004270434 0.03402942 0.8659186 -0.04116421 0.03403282 0.8674957 -0.07099395 0.01234191 0.8693974 -0.08236581 -0.02275794 0.8708973 -0.07093602 -0.05786001 0.8714225 -0.04107046 -0.07955634 0.8707724 -0.004176735 -0.07955974 0.8691954 0.025653 -0.05786889 0.8672937 0.05162149 -0.01149755 0.6560782 0.03952968 0.02552902 0.6578425 0.008009254 0.04845696 0.6572448 -0.03090012 0.04852855 0.6545134 -0.06233638 0.02571648 0.6506916 -0.07429194 -0.01126587 0.6472392 -0.06220018 -0.04829245 0.6454748 -0.03067976 -0.07122045 0.6460725 0.008229613 -0.07129204 0.6488039 0.03966593 -0.04847991 0.6526257 0.04371184 -0.01343518 1.306998 0.03363806 0.01752775 1.306884 0.007334113 0.03666675 1.305244 -0.02515274 0.03667128 1.302704 -0.05141371 0.01753956 1.300234 -0.06141793 -0.01342064 1.298777 -0.05134415 -0.04438364 1.29889 -0.0250402 -0.06352263 1.30053 0.007446646 -0.0635271 1.30307 0.03370761 -0.04439538 1.305541 0.04041016 -0.01812142 1.083216 0.02966713 0.01491266 1.082721 0.001571774 0.03533869 1.083332 -0.03314435 0.03535467 1.084816 -0.06122094 0.01495438 1.086605 -0.07193368 -0.01806992 1.088017 -0.06119066 -0.05110406 1.088512 -0.0330953 -0.0715301 1.087901 0.001620829 -0.07154607 1.086417 0.02969741 -0.05114573 1.084628 0.01092374 -0.02048605 1.740794 0.002396225 0.006046056 1.739218 -0.02006804 0.02245408 1.736718 -0.04788857 0.02247071 1.734248 -0.0704388 0.006089568 1.732752 -0.07910531 -0.02043223 1.7328 -0.0705778 -0.0469644 1.734376 -0.04811346 -0.06337243 1.736876 -0.02029293 -0.06338906 1.739346 0.002257227 -0.04700791 1.740843 0.02733254 -0.01697438 1.523658 0.01799356 0.01177811 1.523554 -0.006419837 0.02955991 1.522032 -0.03658264 0.02957904 1.519674 -0.0609737 0.01182806 1.51738 -0.07027637 -0.01691263 1.516026 -0.0609374 -0.0456652 1.51613 -0.03652393 -0.06344705 1.517652 -0.006361067 -0.06346613 1.52001 0.01802986 -0.04571515 1.522304 -0.02590101 -0.0104767 2.17395 -0.03304153 0.01120686 2.174489 -0.05151671 0.02459502 2.173447 -0.07426959 0.02457386 2.17122 -0.0926094 0.01115155 2.16866 -0.09953093 -0.01054507 2.166744 -0.09239041 -0.03222864 2.166205 -0.07391524 -0.0456168 2.167248 -0.05116236 -0.0455957 2.169474 -0.03282254 -0.03217333 2.172034 -0.007476985 -0.01544344 1.957204 -0.01526874 0.008666396 1.955768 -0.03571683 0.02355116 1.953494 -0.06101071 0.02352547 1.95125 -0.08148902 0.008599042 1.949892 -0.08932977 -0.01552659 1.949941 -0.08153796 -0.03963643 1.951376 -0.06108987 -0.05452126 1.95365 -0.03579598 -0.05449557 1.955895 -0.01531767 -0.03956913 1.957252 -0.06650787 -0.02891296 2.605116 -0.07183659 -0.01262074 2.605755 -0.08571177 -0.002543926 2.605442 -0.1028336 -0.002531468 2.604294 -0.1166621 -0.01258826 2.602751 -0.1219152 -0.02887278 2.601402 -0.1165865 -0.04516506 2.600762 -0.1027113 -0.05524188 2.601076 -0.08558952 -0.05525428 2.602224 -0.07176107 -0.04519754 2.603767 -0.04623013 -0.01976859 2.389952 -0.05242544 -7.65133e-4 2.390431 -0.06856644 0.0110051 2.389524 -0.08848792 0.01104635 2.387578 -0.1045805 -6.57216e-4 2.385336 -0.1106974 -0.0196352 2.383654 -0.1045021 -0.03863865 2.383175 -0.08836108 -0.05040889 2.384082 -0.0684396 -0.05045014 2.386028 -0.052347 -0.03874659 2.38827 -0.09689396 -0.04654663 2.991985 -0.1001087 -0.03675657 2.992935 -0.1084834 -0.03072613 2.993618 -0.1188194 -0.03075867 2.993774 -0.1271685 -0.0368418 2.993343 -0.1303417 -0.04665195 2.99249 -0.127127 -0.05644202 2.99154 -0.1187523 -0.06247246 2.990857 -0.1084163 -0.06243997 2.990701 -0.1000671 -0.05635684 2.991132 -0.08171409 -0.03777986 2.799235 -0.08597391 -0.0247206 2.799749 -0.09708648 -0.01663661 2.799498 -0.1108072 -0.01661568 2.798579 -0.1218953 -0.02466589 2.797343 -0.1261153 -0.03771227 2.796261 -0.1218555 -0.05077159 2.795748 -0.1107429 -0.05885559 2.795998 -0.09702217 -0.05887651 2.796917 -0.08593416 -0.05082631 2.798154</float_array>
          <technique_common>
            <accessor source="#tree_002-mesh-positions-array" count="150" stride="3">
              <param name="X" type="float"/>
              <param name="Y" type="float"/>
              <param name="Z" type="float"/>
            </accessor>
          </technique_common>
        </source>
        <source id="tree_002-mesh-normals">
          <float_array id="tree_002-mesh-normals-array" count="450">1 0 0 0.8089917 0.5878201 4.45527e-4 1 9.68207e-5 2.10335e-4 0.809017 0.5877854 0 0.309108 0.9510269 3.57209e-4 0.309017 0.9510566 0 -0.308959 0.9510755 9.00739e-5 -0.3090171 0.9510566 0 -0.8090535 0.5877351 7.97995e-5 -0.8090171 0.5877853 0 -1 -1.029e-4 3.5383e-4 -1 0 0 -0.8090065 -0.5877996 5.63611e-4 -0.809017 -0.5877854 0 -0.3090773 -0.9510369 4.84448e-4 -0.309017 -0.9510566 0 0.3089198 -0.9510881 2.01633e-4 0.3090171 -0.9510566 0 0.8090167 -0.5877857 3.86315e-5 0.8090171 -0.5877853 0 0.9994042 0.004408538 0.0342319 0.8076205 0.5879694 0.04517912 0.3113923 0.9493771 0.04145032 -0.3035465 0.9524978 0.02464783 -0.805157 0.5930593 0.001791954 -0.9998243 0.004822432 -0.0181148 -0.8093468 -0.5866645 -0.02797651 -0.3059615 -0.9517246 -0.0246573 0.3146898 -0.9491501 -0.009185373 0.8126966 -0.5825363 0.01325714 0.9976449 -0.002646863 0.06853985 0.8062067 0.5847741 0.08983451 0.3060902 0.9484202 0.08250999 -0.3110548 0.9491004 0.04953181 -0.8095477 0.5870407 0.003984332 -0.9993329 5.18895e-4 -0.03651833 -0.8078542 -0.5866189 -0.05700737 -0.3080955 -0.9500327 -0.05015164 0.3090053 -0.9508848 -0.01827561 0.8076422 -0.5890521 0.02705603 0.8090216 0.5867149 0.03535395 0.9996196 -0.006268084 0.02685952 0.3041217 0.951986 0.03511202 -0.3177627 0.9477859 0.02699643 -0.8150646 0.5791554 0.01578176 -0.9999542 -0.007530331 0.005914688 -0.8082638 -0.5888205 -2.2884e-4 -0.314178 -0.9493632 -0.001351535 0.299905 -0.9539624 0.003599464 0.8032139 -0.5955212 0.01421433 0.8088559 0.5876054 -0.02172517 0.9998844 1.23155e-4 -0.01521211 0.3091121 0.950924 -0.01390427 -0.3085646 0.9511865 0.005691826 -0.8081208 0.5882635 0.0297811 -0.9988032 8.46059e-4 0.04890358 -0.8077585 -0.5868916 0.05553895 -0.3079078 -0.9502496 0.04710096 0.3097895 -0.9504222 0.02698439 0.80932 -0.5873592 0.003216326 0.9995219 0.003962397 0.03066641 0.809695 0.5862412 0.02674788 0.3150584 0.9488947 0.01836305 -0.3011554 0.9535268 0.009601116 -0.8050873 0.5931381 0.004648864 -0.9999835 0.00281018 0.005019247 -0.8078865 -0.5892645 0.009326696 -0.3032277 -0.9527888 0.01569861 0.3169953 -0.9481517 0.02285486 0.8132661 -0.5811793 0.0287916 0.8060555 0.5872084 0.07389825 0.9971541 -9.63863e-4 0.07538443 0.3064856 0.9505186 0.05080491 -0.3101871 0.9505584 0.01493066 -0.8088201 0.5877161 -0.02000153 -0.9991725 2.48655e-4 -0.04067647 -0.8082343 -0.5875567 -0.03917264 -0.3090376 -0.9509149 -0.01602834 0.3075598 -0.951322 0.01983779 0.8065048 -0.588689 0.05472975 0.8082864 0.5850414 0.06633132 0.9967877 -0.004051387 0.07998776 0.3092123 0.9503716 0.0343759 -0.3091579 0.9510031 -0.003812789 -0.8092367 0.5865083 -0.03382772 -0.9990279 -0.002645969 -0.04400473 -0.8070449 -0.5897153 -0.03023833 -0.3088514 -0.9511082 0.002045452 0.3055054 -0.951335 0.04035252 0.8039945 -0.5904912 0.07009267 0.8059208 0.589116 0.0586009 0.996407 0.001500129 0.08468019 0.3073814 0.9514271 0.01741588 -0.3087941 0.950844 -0.02328032 -0.8078532 0.5874355 -0.04788541 -0.9988999 -4.40601e-4 -0.04689306 -0.8088144 -0.5876979 -0.02075082 -0.310639 -0.9503052 0.02057939 0.3056519 -0.9501677 0.06130701 0.8052136 -0.5867503 0.08576154 0.9960088 0.006511867 0.08901798 0.8015663 0.5923222 0.08152198 0.303237 0.951569 0.05063301 -0.309296 0.9509334 0.007853448 -0.8063274 0.5906792 -0.03056782 -0.9987629 0.004287421 -0.04954212 -0.8095417 -0.5855996 -0.04141843 -0.3090669 -0.9509905 -0.009736001 0.3100185 -0.9501616 0.03288698 0.8089877 -0.5835875 0.07045954 0.9956096 -0.003134012 0.09355086 0.8042055 0.585061 0.1046763 0.3043343 0.9488738 0.08378046 -0.3118361 0.9493384 0.03892236 -0.8092318 0.5873535 -0.01264029 -0.9986822 7.85455e-4 -0.05131697 -0.8072817 -0.586857 -0.06241172 -0.3080872 -0.9504475 -0.04161459 0.3077611 -0.9514585 0.0031569 0.8055778 -0.5899534 0.05476856 0.996302 -0.00249052 0.08588439 0.8039497 0.5862417 0.09992784 0.302716 0.9492716 0.08512783 -0.3139081 0.9482769 0.04725325 -0.8105143 0.5857183 7.94616e-4 -0.9993298 1.6908e-4 -0.03660452 -0.8085292 -0.5862678 -0.05070233 -0.3099765 -0.9500607 -0.03604602 0.306557 -0.9518507 0.001789629 0.8057783 -0.5902394 0.04836225 0.9969371 -0.003150105 0.0781452 0.8057137 0.5845859 0.09531462 0.305509 0.9482226 0.08682256 -0.3117331 0.9485191 0.05598306 -0.8100331 0.5862017 0.01462823 -0.9997681 -2.30339e-4 -0.02153337 -0.8084277 -0.5873197 -0.03873378 -0.3088369 -0.9506317 -0.03032028 0.307898 -0.9514193 4.75051e-4 0.8065385 -0.5896953 0.04189449 0.7451001 -0.05266207 0.6648704 0.6080318 0.3881411 0.6925633 0.2339521 0.6688963 0.7055808 -0.2386561 0.6747066 0.698437 -0.6234979 0.3976021 0.6731739 -0.7670036 -0.05340605 0.6394164 -0.6146491 -0.4992491 0.6107019 -0.2309787 -0.7670744 0.5985364 0.2322053 -0.7598463 0.6072186 0.6017081 -0.4875857 0.6326197</float_array>
          <technique_common>
            <accessor source="#tree_002-mesh-normals-array" count="150" stride="3">
              <param name="X" type="float"/>
              <param name="Y" type="float"/>
              <param name="Z" type="float"/>
            </accessor>
          </technique_common>
        </source>
        <source id="tree_002-mesh-map-0">
          <float_array id="tree_002-mesh-map-0-array" count="1728">0.09770858 0.997437 0.08411812 0.9252774 0.09770858 0.9252774 0.08411812 0.997437 0.07052654 0.9252774 0.08411812 0.9252774 0.07052654 0.997437 0.0569306 0.9252774 0.07052654 0.9252774 0.0569306 0.997437 0.04333305 0.9252774 0.0569306 0.9252774 0.04333305 0.997437 0.02973884 0.9252774 0.04333305 0.9252774 0.02973884 0.997437 0.01614838 0.9252774 0.02973884 0.9252774 0.01614838 0.997437 0.0025568 0.9252774 0.01614838 0.9252774 0.1384963 0.997437 0.1249004 0.9252774 0.1384963 0.9252774 0.1249004 0.997437 0.1113027 0.9252774 0.1249004 0.9252774 0.1113028 0.997437 0.09770858 0.9252774 0.1113027 0.9252774 0.09770858 0.8531179 0.08411812 0.9252774 0.08411812 0.8531179 0.08411812 0.9252774 0.07052654 0.8531179 0.08411812 0.8531179 0.07052654 0.9252774 0.0569306 0.8531179 0.07052654 0.8531179 0.0569306 0.9252774 0.04333299 0.8531179 0.0569306 0.8531179 0.04333305 0.9252774 0.02973884 0.8531179 0.04333299 0.8531179 0.02973884 0.9252774 0.01614832 0.8531179 0.02973884 0.8531179 0.01614832 0.8531179 0.0025568 0.9252774 0.0025568 0.8531179 0.1384963 0.8531179 0.1249004 0.9252774 0.1249004 0.8531179 0.1249004 0.8531179 0.1113027 0.9252774 0.1113027 0.8531179 0.1113027 0.8531179 0.09770858 0.9252774 0.09770858 0.8531179 0.09770858 0.7810178 0.08411812 0.8531179 0.08411806 0.7810178 0.08411812 0.8531179 0.07052654 0.7810178 0.08411806 0.7810178 0.07052654 0.8531179 0.0569306 0.7810178 0.07052654 0.7810178 0.0569306 0.8531179 0.04333299 0.7810178 0.0569306 0.7810178 0.04333299 0.8531179 0.02973884 0.7810178 0.04333299 0.7810178 0.02973884 0.8531179 0.01614832 0.7810178 0.02973884 0.7810178 0.01614832 0.7810178 0.0025568 0.8531179 0.0025568 0.7810178 0.1384963 0.7810178 0.1249004 0.8531179 0.1249004 0.7810178 0.1249004 0.7810178 0.1113027 0.8531179 0.1113027 0.7810178 0.1113027 0.7810178 0.09770858 0.8531179 0.09770858 0.7810178 0.09770858 0.7810178 0.08411806 0.7089162 0.09770858 0.7089162 0.08411806 0.7089162 0.07052654 0.7810178 0.07052654 0.7089162 0.07052654 0.7089162 0.0569306 0.7810178 0.0569306 0.7089162 0.0569306 0.7089162 0.04333299 0.7810178 0.04333299 0.7089162 0.04333299 0.7089162 0.02973884 0.7810178 0.02973878 0.7089162 0.02973878 0.7089162 0.01614832 0.7810178 0.01614832 0.7089162 0.01614832 0.7810178 0.0025568 0.7089162 0.01614832 0.7089162 0.1384963 0.7810178 0.1249004 0.7089162 0.1384963 0.7089162 0.1249004 0.7810178 0.1113027 0.7089162 0.1249004 0.7089162 0.1113027 0.7810178 0.09770858 0.7089162 0.1113027 0.7089162 0.09770858 0.7089162 0.08411806 0.6367655 0.09770852 0.6367655 0.08411806 0.6367655 0.07052654 0.7089162 0.07052654 0.6367655 0.07052654 0.6367655 0.0569306 0.7089162 0.0569306 0.6367655 0.0569306 0.6367655 0.04333299 0.7089162 0.04333299 0.6367655 0.04333299 0.6367655 0.02973878 0.7089162 0.02973878 0.6367655 0.02973878 0.6367655 0.01614832 0.7089162 0.01614832 0.6367655 0.01614832 0.7089162 0.0025568 0.6367655 0.01614832 0.6367655 0.1384963 0.7089162 0.1249004 0.6367655 0.1384963 0.6367655 0.1249004 0.7089162 0.1113027 0.6367655 0.1249004 0.6367655 0.1113027 0.7089162 0.09770852 0.6367655 0.1113027 0.6367655 0.09770852 0.5646139 0.08411806 0.6367655 0.08411806 0.5646139 0.08411806 0.6367655 0.07052654 0.5646139 0.08411806 0.5646139 0.07052654 0.6367655 0.0569306 0.5646139 0.07052654 0.5646139 0.0569306 0.6367655 0.04333299 0.5646139 0.0569306 0.5646139 0.04333299 0.6367655 0.02973878 0.5646139 0.04333299 0.5646139 0.02973878 0.6367655 0.01614832 0.5646139 0.02973878 0.5646139 0.01614832 0.5646139 0.0025568 0.6367655 0.0025568 0.5646139 0.1384963 0.5646139 0.1249004 0.6367655 0.1249004 0.5646139 0.1249004 0.5646139 0.1113027 0.6367655 0.1113027 0.5646139 0.1113027 0.5646139 0.09770852 0.6367655 0.09770852 0.5646139 0.09770852 0.5646139 0.08411806 0.4924887 0.09770852 0.4924887 0.08411806 0.5646139 0.07052654 0.4924887 0.08411806 0.4924887 0.07052654 0.5646139 0.0569306 0.4924887 0.07052654 0.4924887 0.0569306 0.5646139 0.04333299 0.4924887 0.0569306 0.4924887 0.04333299 0.5646139 0.02973878 0.4924887 0.04333299 0.4924887 0.02973878 0.4924887 0.01614832 0.5646139 0.01614832 0.4924887 0.01614832 0.4924887 0.0025568 0.5646139 0.0025568 0.4924887 0.1384963 0.4924887 0.1249004 0.5646139 0.1249004 0.4924887 0.1249004 0.4924887 0.1113027 0.5646139 0.1113027 0.4924887 0.1113027 0.4924887 0.09770852 0.5646139 0.09770852 0.4924887 0.09770852 0.4924887 0.08411806 0.4203633 0.09770852 0.4203633 0.08411806 0.4924887 0.07052654 0.4203633 0.08411806 0.4203633 0.07052654 0.4924887 0.0569306 0.4203633 0.07052654 0.4203633 0.0569306 0.4924887 0.04333299 0.4203633 0.0569306 0.4203633 0.04333299 0.4203633 0.02973878 0.4924887 0.02973878 0.4203633 0.02973878 0.4203633 0.01614832 0.4924887 0.01614832 0.4203633 0.01614832 0.4203633 0.0025568 0.4924887 0.0025568 0.4203633 0.1384963 0.4203633 0.1249004 0.4924887 0.1249004 0.4203633 0.1249004 0.4203633 0.1113027 0.4924887 0.1113027 0.4203633 0.1113027 0.4924887 0.09770852 0.4203633 0.1113027 0.4203633 0.09770852 0.4203633 0.08411806 0.3482514 0.09770852 0.3482514 0.08411806 0.4203633 0.07052654 0.3482514 0.08411806 0.3482514 0.07052654 0.4203633 0.05693054 0.3482514 0.07052654 0.3482514 0.0569306 0.4203633 0.04333299 0.3482514 0.05693054 0.3482514 0.04333299 0.3482514 0.02973878 0.4203633 0.02973878 0.3482514 0.02973878 0.3482514 0.01614832 0.4203633 0.01614832 0.3482514 0.01614832 0.3482514 0.0025568 0.4203633 0.002556741 0.3482514 0.1384963 0.3482514 0.1249004 0.4203633 0.1249003 0.3482514 0.1249003 0.3482514 0.1113027 0.4203633 0.1113027 0.3482514 0.1113027 0.4203633 0.09770852 0.3482514 0.1113027 0.3482514 0.09770852 0.2761391 0.08411806 0.3482514 0.08411806 0.2761391 0.08411806 0.3482514 0.07052654 0.2761391 0.08411806 0.2761391 0.07052654 0.3482514 0.05693054 0.2761391 0.07052654 0.2761391 0.05693054 0.3482514 0.04333299 0.2761391 0.05693054 0.2761391 0.04333299 0.3482514 0.02973878 0.2761391 0.04333299 0.2761391 0.02973878 0.3482514 0.01614832 0.2761391 0.02973878 0.2761391 0.01614832 0.2761391 0.002556741 0.3482514 0.002556741 0.2761391 0.1384963 0.2761391 0.1249003 0.3482514 0.1249003 0.2761391 0.1249003 0.2761391 0.1113027 0.3482514 0.1113027 0.2761391 0.1113027 0.2761391 0.09770852 0.3482514 0.09770852 0.2761391 0.09770852 0.2040509 0.08411806 0.2761391 0.08411806 0.2040509 0.08411806 0.2761391 0.07052648 0.2040509 0.08411806 0.2040509 0.07052654 0.2761391 0.05693054 0.2040509 0.07052648 0.2040509 0.05693054 0.2761391 0.04333299 0.2040509 0.05693054 0.2040509 0.04333299 0.2761391 0.02973878 0.2040509 0.04333299 0.2040509 0.02973878 0.2761391 0.01614832 0.2040509 0.02973878 0.2040509 0.01614832 0.2040509 0.002556741 0.2761391 0.002556741 0.2040509 0.1384962 0.2040508 0.1249003 0.2761391 0.1249003 0.2040508 0.1249003 0.2040508 0.1113027 0.2761391 0.1113027 0.2040509 0.1113027 0.2040509 0.09770852 0.2761391 0.09770852 0.2040509 0.09770852 0.1319627 0.08411806 0.2040509 0.08411806 0.1319627 0.08411806 0.1319627 0.07052648 0.2040509 0.07052648 0.1319627 0.07052648 0.2040509 0.05693054 0.1319627 0.07052648 0.1319627 0.05693054 0.2040509 0.04333299 0.1319627 0.05693054 0.1319627 0.04333299 0.2040509 0.02973878 0.1319627 0.04333299 0.1319627 0.02973878 0.2040509 0.01614832 0.1319627 0.02973878 0.1319627 0.01614832 0.2040509 0.002556741 0.1319627 0.01614832 0.1319627 0.1384962 0.1319626 0.1249003 0.2040508 0.1249003 0.1319626 0.1249003 0.1319626 0.1113027 0.2040509 0.1113027 0.1319627 0.1113027 0.1319627 0.09770852 0.2040509 0.09770852 0.1319627 0.09770852 0.06726032 0.08411806 0.1319627 0.08411806 0.06726032 0.08411806 0.1319627 0.07052648 0.06726032 0.08411806 0.06726032 0.07052648 0.1319627 0.05693054 0.06726032 0.07052648 0.06726032 0.05693054 0.1319627 0.04333293 0.06726032 0.05693054 0.06726032 0.04333299 0.1319627 0.02973878 0.06726032 0.04333293 0.06726032 0.02973878 0.1319627 0.01614826 0.06726032 0.02973878 0.06726032 0.01614826 0.06726032 0.002556741 0.1319627 0.002556741 0.06726032 0.1384962 0.06726032 0.1249003 0.1319626 0.1249003 0.06726032 0.1249003 0.06726032 0.1113027 0.1319627 0.1113027 0.06726032 0.1113027 0.06726032 0.09770852 0.1319627 0.09770852 0.06726032 0.09770852 0.002557754 0.08411806 0.06726032 0.084118 0.002557814 0.084118 0.002557814 0.07052648 0.06726032 0.07052648 0.002557814 0.07052648 0.002557814 0.05693054 0.06726032 0.05693054 0.002557814 0.05693054 0.06726032 0.04333293 0.002557814 0.05693054 0.002557814 0.04333293 0.06726032 0.02973878 0.002557814 0.04333293 0.002557814 0.02973878 0.06726032 0.01614826 0.002557814 0.02973878 0.002557814 0.01614826 0.06726032 0.002556741 0.002557814 0.01614826 0.002557814 0.1384962 0.06726032 0.1249003 0.002557754 0.1384962 0.002557754 0.1249003 0.002557754 0.1113027 0.06726032 0.1113027 0.002557754 0.1113027 0.002557754 0.09770852 0.06726032 0.09770852 0.002557754 0.1429985 0.00794959 0.144079 0.004616916 0.1469139 0.002557158 0.09770858 0.997437 0.08411812 0.997437 0.08411812 0.9252774 0.08411812 0.997437 0.07052654 0.997437 0.07052654 0.9252774 0.07052654 0.997437 0.0569306 0.997437 0.0569306 0.9252774 0.0569306 0.997437 0.04333305 0.997437 0.04333305 0.9252774 0.04333305 0.997437 0.02973884 0.997437 0.02973884 0.9252774 0.02973884 0.997437 0.01614838 0.997437 0.01614838 0.9252774 0.01614838 0.997437 0.0025568 0.997437 0.0025568 0.9252774 0.1384963 0.997437 0.1249004 0.997437 0.1249004 0.9252774 0.1249004 0.997437 0.1113028 0.997437 0.1113027 0.9252774 0.1113028 0.997437 0.09770858 0.997437 0.09770858 0.9252774 0.09770858 0.8531179 0.09770858 0.9252774 0.08411812 0.9252774 0.08411812 0.9252774 0.07052654 0.9252774 0.07052654 0.8531179 0.07052654 0.9252774 0.0569306 0.9252774 0.0569306 0.8531179 0.0569306 0.9252774 0.04333305 0.9252774 0.04333299 0.8531179 0.04333305 0.9252774 0.02973884 0.9252774 0.02973884 0.8531179 0.02973884 0.9252774 0.01614838 0.9252774 0.01614832 0.8531179 0.01614832 0.8531179 0.01614838 0.9252774 0.0025568 0.9252774 0.1384963 0.8531179 0.1384963 0.9252774 0.1249004 0.9252774 0.1249004 0.8531179 0.1249004 0.9252774 0.1113027 0.9252774 0.1113027 0.8531179 0.1113027 0.9252774 0.09770858 0.9252774 0.09770858 0.7810178 0.09770858 0.8531179 0.08411812 0.8531179 0.08411812 0.8531179 0.07052654 0.8531179 0.07052654 0.7810178 0.07052654 0.8531179 0.0569306 0.8531179 0.0569306 0.7810178 0.0569306 0.8531179 0.04333299 0.8531179 0.04333299 0.7810178 0.04333299 0.8531179 0.02973884 0.8531179 0.02973884 0.7810178 0.02973884 0.8531179 0.01614832 0.8531179 0.01614832 0.7810178 0.01614832 0.7810178 0.01614832 0.8531179 0.0025568 0.8531179 0.1384963 0.7810178 0.1384963 0.8531179 0.1249004 0.8531179 0.1249004 0.7810178 0.1249004 0.8531179 0.1113027 0.8531179 0.1113027 0.7810178 0.1113027 0.8531179 0.09770858 0.8531179 0.09770858 0.7810178 0.08411806 0.7810178 0.08411806 0.7089162 0.08411806 0.7089162 0.08411806 0.7810178 0.07052654 0.7810178 0.07052654 0.7089162 0.07052654 0.7810178 0.0569306 0.7810178 0.0569306 0.7089162 0.0569306 0.7810178 0.04333299 0.7810178 0.04333299 0.7089162 0.04333299 0.7810178 0.02973884 0.7810178 0.02973878 0.7089162 0.02973884 0.7810178 0.01614832 0.7810178 0.01614832 0.7810178 0.0025568 0.7810178 0.0025568 0.7089162 0.1384963 0.7810178 0.1249004 0.7810178 0.1249004 0.7089162 0.1249004 0.7810178 0.1113027 0.7810178 0.1113027 0.7089162 0.1113027 0.7810178 0.09770858 0.7810178 0.09770858 0.7089162 0.09770858 0.7089162 0.08411806 0.7089162 0.08411806 0.6367655 0.08411806 0.6367655 0.08411806 0.7089162 0.07052654 0.7089162 0.07052654 0.6367655 0.07052654 0.7089162 0.0569306 0.7089162 0.0569306 0.6367655 0.0569306 0.7089162 0.04333299 0.7089162 0.04333299 0.6367655 0.04333299 0.7089162 0.02973878 0.7089162 0.02973878 0.6367655 0.02973878 0.7089162 0.01614832 0.7089162 0.01614832 0.7089162 0.0025568 0.7089162 0.0025568 0.6367655 0.1384963 0.7089162 0.1249004 0.7089162 0.1249004 0.6367655 0.1249004 0.7089162 0.1113027 0.7089162 0.1113027 0.6367655 0.1113027 0.7089162 0.09770858 0.7089162 0.09770852 0.6367655 0.09770852 0.5646139 0.09770852 0.6367655 0.08411806 0.6367655 0.08411806 0.6367655 0.07052654 0.6367655 0.07052654 0.5646139 0.07052654 0.6367655 0.0569306 0.6367655 0.0569306 0.5646139 0.0569306 0.6367655 0.04333299 0.6367655 0.04333299 0.5646139 0.04333299 0.6367655 0.02973878 0.6367655 0.02973878 0.5646139 0.02973878 0.6367655 0.01614832 0.6367655 0.01614832 0.5646139 0.01614832 0.5646139 0.01614832 0.6367655 0.0025568 0.6367655 0.1384963 0.5646139 0.1384963 0.6367655 0.1249004 0.6367655 0.1249004 0.5646139 0.1249004 0.6367655 0.1113027 0.6367655 0.1113027 0.5646139 0.1113027 0.6367655 0.09770852 0.6367655 0.09770852 0.5646139 0.08411806 0.5646139 0.08411806 0.4924887 0.08411806 0.5646139 0.07052654 0.5646139 0.07052654 0.4924887 0.07052654 0.5646139 0.0569306 0.5646139 0.0569306 0.4924887 0.0569306 0.5646139 0.04333299 0.5646139 0.04333299 0.4924887 0.04333299 0.5646139 0.02973878 0.5646139 0.02973878 0.4924887 0.02973878 0.4924887 0.02973878 0.5646139 0.01614832 0.5646139 0.01614832 0.4924887 0.01614832 0.5646139 0.0025568 0.5646139 0.1384963 0.4924887 0.1384963 0.5646139 0.1249004 0.5646139 0.1249004 0.4924887 0.1249004 0.5646139 0.1113027 0.5646139 0.1113027 0.4924887 0.1113027 0.5646139 0.09770852 0.5646139 0.09770852 0.4924887 0.08411806 0.4924887 0.08411806 0.4203633 0.08411806 0.4924887 0.07052654 0.4924887 0.07052654 0.4203633 0.07052654 0.4924887 0.0569306 0.4924887 0.0569306 0.4203633 0.0569306 0.4924887 0.04333299 0.4924887 0.04333299 0.4203633 0.04333299 0.4203633 0.04333299 0.4924887 0.02973878 0.4924887 0.02973878 0.4203633 0.02973878 0.4924887 0.01614832 0.4924887 0.01614832 0.4203633 0.01614832 0.4924887 0.0025568 0.4924887 0.1384963 0.4203633 0.1384963 0.4924887 0.1249004 0.4924887 0.1249004 0.4203633 0.1249004 0.4924887 0.1113027 0.4924887 0.1113027 0.4924887 0.09770852 0.4924887 0.09770852 0.4203633 0.09770852 0.4203633 0.08411806 0.4203633 0.08411806 0.3482514 0.08411806 0.4203633 0.07052654 0.4203633 0.07052654 0.3482514 0.07052654 0.4203633 0.0569306 0.4203633 0.05693054 0.3482514 0.0569306 0.4203633 0.04333299 0.4203633 0.04333299 0.3482514 0.04333299 0.3482514 0.04333299 0.4203633 0.02973878 0.4203633 0.02973878 0.3482514 0.02973878 0.4203633 0.01614832 0.4203633 0.01614832 0.3482514 0.01614832 0.4203633 0.0025568 0.4203633 0.1384963 0.3482514 0.1384963 0.4203633 0.1249004 0.4203633 0.1249003 0.3482514 0.1249004 0.4203633 0.1113027 0.4203633 0.1113027 0.4203633 0.09770852 0.4203633 0.09770852 0.3482514 0.09770852 0.2761391 0.09770852 0.3482514 0.08411806 0.3482514 0.08411806 0.3482514 0.07052654 0.3482514 0.07052654 0.2761391 0.07052654 0.3482514 0.05693054 0.3482514 0.05693054 0.2761391 0.05693054 0.3482514 0.04333299 0.3482514 0.04333299 0.2761391 0.04333299 0.3482514 0.02973878 0.3482514 0.02973878 0.2761391 0.02973878 0.3482514 0.01614832 0.3482514 0.01614832 0.2761391 0.01614832 0.2761391 0.01614832 0.3482514 0.002556741 0.3482514 0.1384963 0.2761391 0.1384963 0.3482514 0.1249003 0.3482514 0.1249003 0.2761391 0.1249003 0.3482514 0.1113027 0.3482514 0.1113027 0.2761391 0.1113027 0.3482514 0.09770852 0.3482514 0.09770852 0.2040509 0.09770852 0.2761391 0.08411806 0.2761391 0.08411806 0.2761391 0.07052654 0.2761391 0.07052648 0.2040509 0.07052654 0.2761391 0.05693054 0.2761391 0.05693054 0.2040509 0.05693054 0.2761391 0.04333299 0.2761391 0.04333299 0.2040509 0.04333299 0.2761391 0.02973878 0.2761391 0.02973878 0.2040509 0.02973878 0.2761391 0.01614832 0.2761391 0.01614832 0.2040509 0.01614832 0.2040509 0.01614832 0.2761391 0.002556741 0.2761391 0.1384962 0.2040508 0.1384963 0.2761391 0.1249003 0.2761391 0.1249003 0.2040508 0.1249003 0.2761391 0.1113027 0.2761391 0.1113027 0.2040509 0.1113027 0.2761391 0.09770852 0.2761391 0.09770852 0.1319627 0.09770852 0.2040509 0.08411806 0.2040509 0.08411806 0.1319627 0.08411806 0.2040509 0.07052648 0.2040509 0.07052648 0.2040509 0.05693054 0.2040509 0.05693054 0.1319627 0.05693054 0.2040509 0.04333299 0.2040509 0.04333299 0.1319627 0.04333299 0.2040509 0.02973878 0.2040509 0.02973878 0.1319627 0.02973878 0.2040509 0.01614832 0.2040509 0.01614832 0.1319627 0.01614832 0.2040509 0.002556741 0.2040509 0.002556741 0.1319627 0.1384962 0.1319626 0.1384962 0.2040508 0.1249003 0.2040508 0.1249003 0.1319626 0.1249003 0.2040508 0.1113027 0.2040509 0.1113027 0.1319627 0.1113027 0.2040509 0.09770852 0.2040509 0.09770852 0.06726032 0.09770852 0.1319627 0.08411806 0.1319627 0.08411806 0.1319627 0.07052648 0.1319627 0.07052648 0.06726032 0.07052648 0.1319627 0.05693054 0.1319627 0.05693054 0.06726032 0.05693054 0.1319627 0.04333299 0.1319627 0.04333293 0.06726032 0.04333299 0.1319627 0.02973878 0.1319627 0.02973878 0.06726032 0.02973878 0.1319627 0.01614832 0.1319627 0.01614826 0.06726032 0.01614826 0.06726032 0.01614832 0.1319627 0.002556741 0.1319627 0.1384962 0.06726032 0.1384962 0.1319626 0.1249003 0.1319626 0.1249003 0.06726032 0.1249003 0.1319626 0.1113027 0.1319627 0.1113027 0.06726032 0.1113027 0.1319627 0.09770852 0.1319627 0.09770852 0.002557754 0.09770852 0.06726032 0.08411806 0.06726032 0.084118 0.002557814 0.08411806 0.06726032 0.07052648 0.06726032 0.07052648 0.002557814 0.07052648 0.06726032 0.05693054 0.06726032 0.05693054 0.06726032 0.04333293 0.06726032 0.04333293 0.002557814 0.04333293 0.06726032 0.02973878 0.06726032 0.02973878 0.002557814 0.02973878 0.06726032 0.01614826 0.06726032 0.01614826 0.002557814 0.01614826 0.06726032 0.002556741 0.06726032 0.002556741 0.002557814 0.1384962 0.06726032 0.1249003 0.06726032 0.1249003 0.002557754 0.1249003 0.002557754 0.1249003 0.06726032 0.1113027 0.06726032 0.1113027 0.002557754 0.1113027 0.06726032 0.09770852 0.06726032 0.1469139 0.002557158 0.1504203 0.002557158 0.1469237 0.0133419 0.1504203 0.002557158 0.153259 0.004616916 0.1469237 0.0133419 0.153259 0.004616916 0.1543456 0.007949531 0.1532651 0.0112822 0.1532651 0.0112822 0.1504303 0.0133419 0.153259 0.004616916 0.1504303 0.0133419 0.1469237 0.0133419 0.153259 0.004616916 0.1469237 0.0133419 0.144085 0.01128214 0.1469139 0.002557158 0.144085 0.01128214 0.1429985 0.00794959 0.1469139 0.002557158</float_array>
          <technique_common>
            <accessor source="#tree_002-mesh-map-0-array" count="864" stride="2">
              <param name="S" type="float"/>
              <param name="T" type="float"/>
            </accessor>
          </technique_common>
        </source>
        <vertices id="tree_002-mesh-vertices">
          <input semantic="POSITION" source="#tree_002-mesh-positions"/>
        </vertices>
        <triangles material="Trank-material" count="288">
          <input semantic="VERTEX" source="#tree_002-mesh-vertices" offset="0"/>
          <input semantic="NORMAL" source="#tree_002-mesh-normals" offset="1"/>
          <input semantic="TEXCOORD" source="#tree_002-mesh-map-0" offset="2" set="0"/>
          <p>0 0 0 21 1 1 20 2 2 1 3 3 22 4 4 21 1 5 2 5 6 23 6 7 22 4 8 3 7 9 24 8 10 23 6 11 4 9 12 25 10 13 24 8 14 5 11 15 26 12 16 25 10 17 6 13 18 27 14 19 26 12 20 7 15 21 28 16 22 27 14 23 8 17 24 29 18 25 28 16 26 9 19 27 20 2 28 29 18 29 10 20 30 21 1 31 11 21 32 21 1 33 12 22 34 11 21 35 22 4 36 13 23 37 12 22 38 23 6 39 14 24 40 13 23 41 24 8 42 15 25 43 14 24 44 25 10 45 16 26 46 15 25 47 16 26 48 27 14 49 17 27 50 17 27 51 28 16 52 18 28 53 18 28 54 29 18 55 19 29 56 19 29 57 20 2 58 10 20 59 40 30 60 11 21 61 41 31 62 11 21 63 42 32 64 41 31 65 12 22 66 43 33 67 42 32 68 13 23 69 44 34 70 43 33 71 14 24 72 45 35 73 44 34 74 15 25 75 46 36 76 45 35 77 46 36 78 17 27 79 47 37 80 47 37 81 18 28 82 48 38 83 48 38 84 19 29 85 49 39 86 49 39 87 10 20 88 40 30 89 40 30 90 31 40 91 30 41 92 31 40 93 42 32 94 32 42 95 32 42 96 43 33 97 33 43 98 33 43 99 44 34 100 34 44 101 34 44 102 45 35 103 35 45 104 35 45 105 46 36 106 36 46 107 46 36 108 37 47 109 36 46 110 47 37 111 38 48 112 37 47 113 48 38 114 39 49 115 38 48 116 49 39 117 30 41 118 39 49 119 30 41 120 61 50 121 60 51 122 61 50 123 32 42 124 62 52 125 62 52 126 33 43 127 63 53 128 63 53 129 34 44 130 64 54 131 64 54 132 35 45 133 65 55 134 65 55 135 36 46 136 66 56 137 36 46 138 67 57 139 66 56 140 37 47 141 68 58 142 67 57 143 38 48 144 69 59 145 68 58 146 39 49 147 60 51 148 69 59 149 50 60 150 61 50 151 51 61 152 61 50 153 52 62 154 51 61 155 62 52 156 53 63 157 52 62 158 63 53 159 54 64 160 53 63 161 64 54 162 55 65 163 54 64 164 65 55 165 56 66 166 55 65 167 56 66 168 67 57 169 57 67 170 57 67 171 68 58 172 58 68 173 58 68 174 69 59 175 59 69 176 59 69 177 60 51 178 50 60 179 50 60 180 81 70 181 80 71 182 51 61 183 82 72 184 81 70 185 52 62 186 83 73 187 82 72 188 53 63 189 84 74 190 83 73 191 54 64 192 85 75 193 84 74 194 85 75 195 56 66 196 86 76 197 86 76 198 57 67 199 87 77 200 87 77 201 58 68 202 88 78 203 88 78 204 59 69 205 89 79 206 89 79 207 50 60 208 80 71 209 80 71 210 71 80 211 70 81 212 81 70 213 72 82 214 71 80 215 82 72 216 73 83 217 72 82 218 83 73 219 74 84 220 73 83 221 74 84 222 85 75 223 75 85 224 75 85 225 86 76 226 76 86 227 76 86 228 87 77 229 77 87 230 77 87 231 88 78 232 78 88 233 78 88 234 89 79 235 79 89 236 89 79 237 70 81 238 79 89 239 70 81 240 101 90 241 100 91 242 71 80 243 102 92 244 101 90 245 72 82 246 103 93 247 102 92 248 73 83 249 104 94 250 103 93 251 104 94 252 75 85 253 105 95 254 105 95 255 76 86 256 106 96 257 106 96 258 77 87 259 107 97 260 107 97 261 78 88 262 108 98 263 108 98 264 79 89 265 109 99 266 79 89 267 100 91 268 109 99 269 90 100 270 101 90 271 91 101 272 101 90 273 92 102 274 91 101 275 102 92 276 93 103 277 92 102 278 103 93 279 94 104 280 93 103 281 104 94 282 95 105 283 94 104 284 105 95 285 96 106 286 95 105 287 96 106 288 107 97 289 97 107 290 97 107 291 108 98 292 98 108 293 98 108 294 109 99 295 99 109 296 99 109 297 100 91 298 90 100 299 120 110 300 91 101 301 121 111 302 91 101 303 122 112 304 121 111 305 92 102 306 123 113 307 122 112 308 93 103 309 124 114 310 123 113 311 94 104 312 125 115 313 124 114 314 95 105 315 126 116 316 125 115 317 126 116 318 97 107 319 127 117 320 127 117 321 98 108 322 128 118 323 128 118 324 99 109 325 129 119 326 129 119 327 90 100 328 120 110 329 110 120 330 121 111 331 111 121 332 111 121 333 122 112 334 112 122 335 122 112 336 113 123 337 112 122 338 123 113 339 114 124 340 113 123 341 124 114 342 115 125 343 114 124 344 125 115 345 116 126 346 115 125 347 126 116 348 117 127 349 116 126 350 117 127 351 128 118 352 118 128 353 118 128 354 129 119 355 119 129 356 119 129 357 120 110 358 110 120 359 140 130 360 111 121 361 141 131 362 111 121 363 142 132 364 141 131 365 112 122 366 143 133 367 142 132 368 113 123 369 144 134 370 143 133 371 114 124 372 145 135 373 144 134 374 115 125 375 146 136 376 145 135 377 146 136 378 117 127 379 147 137 380 147 137 381 118 128 382 148 138 383 148 138 384 119 129 385 149 139 386 149 139 387 110 120 388 140 130 389 130 140 390 141 131 391 131 141 392 131 141 393 142 132 394 132 142 395 132 142 396 143 133 397 133 143 398 143 133 399 134 144 400 133 143 401 144 134 402 135 145 403 134 144 404 145 135 405 136 146 406 135 145 407 146 136 408 137 147 409 136 146 410 147 137 411 138 148 412 137 147 413 138 148 414 149 139 415 139 149 416 139 149 417 140 130 418 130 140 419 137 147 420 138 148 421 139 149 422 0 0 423 1 3 424 21 1 425 1 3 426 2 5 427 22 4 428 2 5 429 3 7 430 23 6 431 3 7 432 4 9 433 24 8 434 4 9 435 5 11 436 25 10 437 5 11 438 6 13 439 26 12 440 6 13 441 7 15 442 27 14 443 7 15 444 8 17 445 28 16 446 8 17 447 9 19 448 29 18 449 9 19 450 0 0 451 20 2 452 10 20 453 20 2 454 21 1 455 21 1 456 22 4 457 12 22 458 22 4 459 23 6 460 13 23 461 23 6 462 24 8 463 14 24 464 24 8 465 25 10 466 15 25 467 25 10 468 26 12 469 16 26 470 16 26 471 26 12 472 27 14 473 17 27 474 27 14 475 28 16 476 18 28 477 28 16 478 29 18 479 19 29 480 29 18 481 20 2 482 40 30 483 10 20 484 11 21 485 11 21 486 12 22 487 42 32 488 12 22 489 13 23 490 43 33 491 13 23 492 14 24 493 44 34 494 14 24 495 15 25 496 45 35 497 15 25 498 16 26 499 46 36 500 46 36 501 16 26 502 17 27 503 47 37 504 17 27 505 18 28 506 48 38 507 18 28 508 19 29 509 49 39 510 19 29 511 10 20 512 40 30 513 41 31 514 31 40 515 31 40 516 41 31 517 42 32 518 32 42 519 42 32 520 43 33 521 33 43 522 43 33 523 44 34 524 34 44 525 44 34 526 45 35 527 35 45 528 45 35 529 46 36 530 46 36 531 47 37 532 37 47 533 47 37 534 48 38 535 38 48 536 48 38 537 49 39 538 39 49 539 49 39 540 40 30 541 30 41 542 30 41 543 31 40 544 61 50 545 61 50 546 31 40 547 32 42 548 62 52 549 32 42 550 33 43 551 63 53 552 33 43 553 34 44 554 64 54 555 34 44 556 35 45 557 65 55 558 35 45 559 36 46 560 36 46 561 37 47 562 67 57 563 37 47 564 38 48 565 68 58 566 38 48 567 39 49 568 69 59 569 39 49 570 30 41 571 60 51 572 50 60 573 60 51 574 61 50 575 61 50 576 62 52 577 52 62 578 62 52 579 63 53 580 53 63 581 63 53 582 64 54 583 54 64 584 64 54 585 65 55 586 55 65 587 65 55 588 66 56 589 56 66 590 56 66 591 66 56 592 67 57 593 57 67 594 67 57 595 68 58 596 58 68 597 68 58 598 69 59 599 59 69 600 69 59 601 60 51 602 50 60 603 51 61 604 81 70 605 51 61 606 52 62 607 82 72 608 52 62 609 53 63 610 83 73 611 53 63 612 54 64 613 84 74 614 54 64 615 55 65 616 85 75 617 85 75 618 55 65 619 56 66 620 86 76 621 56 66 622 57 67 623 87 77 624 57 67 625 58 68 626 88 78 627 58 68 628 59 69 629 89 79 630 59 69 631 50 60 632 80 71 633 81 70 634 71 80 635 81 70 636 82 72 637 72 82 638 82 72 639 83 73 640 73 83 641 83 73 642 84 74 643 74 84 644 74 84 645 84 74 646 85 75 647 75 85 648 85 75 649 86 76 650 76 86 651 86 76 652 87 77 653 77 87 654 87 77 655 88 78 656 78 88 657 88 78 658 89 79 659 89 79 660 80 71 661 70 81 662 70 81 663 71 80 664 101 90 665 71 80 666 72 82 667 102 92 668 72 82 669 73 83 670 103 93 671 73 83 672 74 84 673 104 94 674 104 94 675 74 84 676 75 85 677 105 95 678 75 85 679 76 86 680 106 96 681 76 86 682 77 87 683 107 97 684 77 87 685 78 88 686 108 98 687 78 88 688 79 89 689 79 89 690 70 81 691 100 91 692 90 100 693 100 91 694 101 90 695 101 90 696 102 92 697 92 102 698 102 92 699 103 93 700 93 103 701 103 93 702 104 94 703 94 104 704 104 94 705 105 95 706 95 105 707 105 95 708 106 96 709 96 106 710 96 106 711 106 96 712 107 97 713 97 107 714 107 97 715 108 98 716 98 108 717 108 98 718 109 99 719 99 109 720 109 99 721 100 91 722 120 110 723 90 100 724 91 101 725 91 101 726 92 102 727 122 112 728 92 102 729 93 103 730 123 113 731 93 103 732 94 104 733 124 114 734 94 104 735 95 105 736 125 115 737 95 105 738 96 106 739 126 116 740 126 116 741 96 106 742 97 107 743 127 117 744 97 107 745 98 108 746 128 118 747 98 108 748 99 109 749 129 119 750 99 109 751 90 100 752 110 120 753 120 110 754 121 111 755 111 121 756 121 111 757 122 112 758 122 112 759 123 113 760 113 123 761 123 113 762 124 114 763 114 124 764 124 114 765 125 115 766 115 125 767 125 115 768 126 116 769 116 126 770 126 116 771 127 117 772 117 127 773 117 127 774 127 117 775 128 118 776 118 128 777 128 118 778 129 119 779 119 129 780 129 119 781 120 110 782 140 130 783 110 120 784 111 121 785 111 121 786 112 122 787 142 132 788 112 122 789 113 123 790 143 133 791 113 123 792 114 124 793 144 134 794 114 124 795 115 125 796 145 135 797 115 125 798 116 126 799 146 136 800 146 136 801 116 126 802 117 127 803 147 137 804 117 127 805 118 128 806 148 138 807 118 128 808 119 129 809 149 139 810 119 129 811 110 120 812 130 140 813 140 130 814 141 131 815 131 141 816 141 131 817 142 132 818 132 142 819 142 132 820 143 133 821 143 133 822 144 134 823 134 144 824 144 134 825 145 135 826 135 145 827 145 135 828 146 136 829 136 146 830 146 136 831 147 137 832 137 147 833 147 137 834 148 138 835 138 148 836 138 148 837 148 138 838 149 139 839 139 149 840 149 139 841 140 130 842 139 149 843 130 140 844 135 145 845 130 140 846 131 141 847 135 145 848 131 141 849 132 142 850 133 143 851 133 143 852 134 144 853 131 141 854 134 144 855 135 145 856 131 141 857 135 145 858 136 146 859 139 149 860 136 146 861 137 147 862 139 149 863</p>
        </triangles>
      </mesh>
    </geometry>
    <geometry id="Vert_019-mesh" name="Vert.019">
      <mesh>
        <source id="Vert_019-mesh-positions">
          <float_array id="Vert_019-mesh-positions-array" count="4677">-0.01713794 -0.001754403 0.8909335 -0.02933567 -0.03576505 0.8882001 0.04457956 -0.08392477 0.8336864 -0.168569 -0.1986915 0.6939217 0.1428571 -0.4746729 0.5595037 0.08802723 -0.03872859 0.8239974 0.439294 -0.0502094 0.5903146 0.53812 0.07466822 0.5368677 0.6294381 -0.07503443 0.5033435 0.6494414 -0.2860861 0.5309708 0.4632655 -0.5492865 0.5368226 0.1314334 0.2288143 0.6667521 0.4125302 0.3205741 0.492373 0.5663478 0.2283622 0.4956491 0.6464698 -0.6470431 0.5166662 0.4295387 -0.6510574 0.541543 0.2220317 -0.612177 0.5018003 0.3447747 -0.6842893 0.5253927 0.7828781 -0.678297 0.5332325 0.5624644 -0.6734382 0.4971086 0.8128504 -0.4679585 0.5193217 0.8578457 -0.5157367 0.5278232 0.8627807 -0.6288199 0.5620192 0.8552188 -0.388701 0.5009438 0.8086131 -0.3261623 0.4857839 0.7232432 -0.2280091 0.5378125 0.7463565 -0.1574947 0.5268459 0.09678018 -0.6146467 0.5160658 -0.2071786 -0.3924962 0.5516818 -0.1512269 -0.5521828 0.4781967 -0.04119664 -0.6603475 0.4780269 0.7333883 -0.5494648 0.5565623 0.3166044 -0.234143 0.6675922 0.549809 -0.4238266 0.585689 0.8161998 -0.5976288 0.5563729 -0.0719062 -0.04002332 1.839032 -0.08585834 -0.01705831 1.836527 -0.1453202 -0.03672927 1.791326 -0.1060081 0.142794 1.693498 -0.4038124 0.09241598 1.571647 -0.1387317 -0.08286529 1.783555 -0.2963839 -0.2779496 1.594087 -0.2669823 -0.3926674 1.553736 -0.3945397 -0.3755155 1.520332 -0.5277615 -0.289331 1.53368 -0.5945504 -0.05869954 1.53841 0.004484236 -0.2301383 1.672798 -0.0637055 -0.4334458 1.533565 -0.1887359 -0.4799649 1.52645 -0.735234 -0.1193435 1.512423 -0.638242 0.008202731 1.540373 -0.5174257 0.1113309 1.521181 -0.6174108 0.07319164 1.531132 -0.8174749 -0.1843333 1.517768 -0.7106117 -0.05792391 1.500821 -0.7085383 -0.2994481 1.51238 -0.7575758 -0.3034912 1.515282 -0.8272626 -0.2542605 1.537096 -0.6812305 -0.360675 1.499218 -0.6225372 -0.3624614 1.49188 -0.5286103 -0.359367 1.537231 -0.4978276 -0.4054512 1.530165 -0.4615077 0.1850458 1.537242 -0.1933928 0.2577143 1.583759 -0.3083142 0.3007029 1.521935 -0.422128 0.2871127 1.51372 -0.7209118 -0.2159166 1.541128 -0.3502221 -0.1222502 1.651435 -0.5643223 -0.1681769 1.574626 -0.787266 -0.2416195 1.535891 -0.01057964 0.004250168 1.273258 0.02589923 -0.001787602 1.270461 0.06081771 0.08146566 1.214675 0.21548 -0.1120575 1.071648 0.4361656 0.2521237 0.9340921 0.007342219 0.1169114 1.20476 -0.04557025 0.4726561 0.9656223 -0.1894291 0.5492294 0.9109278 -0.0554763 0.66864 0.876621 0.1533284 0.7275143 0.9048932 0.4524756 0.5883891 0.9108816 -0.2699731 0.1115062 1.043844 -0.4139443 0.3776588 0.8653944 -0.3493413 0.549439 0.8687469 0.5172671 0.790772 0.8902547 0.5611237 0.5731136 0.9157121 0.5600662 0.3570699 0.8750417 0.6101373 0.4938766 0.8991848 0.5236958 0.9338372 0.9072076 0.5592585 0.7110441 0.8702405 0.3064366 0.9254067 0.8929721 0.346279 0.9794749 0.9016721 0.4592196 1.005198 0.9366663 0.2188678 0.9535143 0.8741652 0.164461 0.8951159 0.8586515 0.08131396 0.7911549 0.9118945 0.006081402 0.8014822 0.900672 0.585541 0.2314262 0.8896402 0.4176791 -0.1153571 0.9260876 0.5681743 -0.02971923 0.8508872 0.6568743 0.100906 0.8507134 0.4030774 0.8603679 0.931082 0.162123 0.3828973 1.044704 0.3102849 0.6524901 0.9608886 0.4363673 0.9525782 0.9308882 -0.02079796 -0.02186226 0.8547311 -0.03273087 0.01204925 0.8520115 -0.1200211 0.002828717 0.7977724 -0.02752012 0.2252209 0.6587119 -0.4411664 0.2427797 0.5249711 -0.1251905 -0.05933362 0.7881323 -0.4035606 -0.2709668 0.5556268 -0.4014625 -0.4294021 0.5024492 -0.5659272 -0.3711596 0.4690938 -0.7138495 -0.2207928 0.4965819 -0.7353447 0.0992527 0.5024043 0.009242773 -0.2931126 0.6316792 -0.1501531 -0.5403965 0.4581786 -0.3267769 -0.5657665 0.4614382 -0.9381343 0.05971646 0.4823494 -0.7731923 0.1989866 0.5071008 -0.5885995 0.299228 0.4675584 -0.7286182 0.2778482 0.4910319 -1.063054 -0.001782536 0.4988322 -0.8898543 0.132824 0.4628903 -0.9541589 -0.1829693 0.4849915 -1.018885 -0.1743307 0.4934502 -1.093678 -0.09013307 0.5274739 -0.9371143 -0.2707482 0.4667062 -0.86188 -0.2897703 0.4516227 -0.7343657 -0.3119525 0.5033891 -0.7079451 -0.3808953 0.4924779 -0.4934608 0.3797571 0.481752 -0.1193695 0.399066 0.5171886 -0.2627998 0.4872157 0.4440737 -0.4156355 0.5016466 0.4439048 -0.9439803 -0.07017004 0.5220445 -0.4243075 -0.05196332 0.632515 -0.7233994 -0.05192184 0.5510244 -1.038141 -0.08497172 0.5218561 0.00289613 -0.02699929 0.9078073 -0.03269451 -0.02043098 0.9050693 -0.06837224 -0.1012751 0.8504652 -0.2162332 0.09091085 0.7104687 -0.4387889 -0.2615033 0.5758277 -0.01667952 -0.1369304 0.8407602 0.02867209 -0.4860342 0.6066897 0.1680744 -0.5635727 0.5531542 0.03482389 -0.6780115 0.5195743 -0.1705858 -0.731854 0.5472474 -0.4608293 -0.5902924 0.5531089 0.254811 -0.1366537 0.683254 0.3908962 -0.3997248 0.5085856 0.3245677 -0.5666685 0.5118672 -0.5278956 -0.7871819 0.5329191 -0.5668809 -0.573379 0.5578371 -0.5619406 -0.3619685 0.5180285 -0.6134154 -0.4949484 0.5416601 -0.5367732 -0.9270756 0.5495129 -0.5675489 -0.7083977 0.513329 -0.3240014 -0.9227524 0.535579 -0.3639702 -0.9749456 0.5440946 -0.4749639 -0.9980781 0.5783473 -0.238811 -0.9518427 0.5171706 -0.1845104 -0.895675 0.5019857 -0.1012598 -0.7954373 0.5541004 -0.02782064 -0.8069039 0.5431157 -0.5846001 -0.2385476 0.5323176 -0.4140543 0.09779524 0.5679928 -0.5628836 0.01670676 0.4943858 -0.6520505 -0.1095253 0.4942157 -0.4174025 -0.8573555 0.5728814 -0.172963 -0.3944379 0.6840955 -0.322834 -0.6555947 0.6020563 -0.4516484 -0.9469948 0.5726916 -0.03254145 -0.03351318 0.9087172 0.002043604 -0.02311348 0.905985 -0.003154814 0.06491208 0.8514969 0.2157232 -0.038244 0.7117977 0.2525572 0.3760418 0.5774428 -0.06529581 0.07298707 0.8418124 -0.2647437 0.3621667 0.6082392 -0.4238337 0.3674202 0.5548174 -0.3577473 0.5297583 0.5213088 -0.1999806 0.6712167 0.5489231 0.1221893 0.6779218 0.5547723 -0.3061414 -0.05106049 0.6846409 -0.5468916 0.1203821 0.5103434 -0.5641471 0.2988058 0.5136181 0.09193319 0.8832613 0.5346253 0.224032 0.7112701 0.5594904 0.3160521 0.5213719 0.5197663 0.3011006 0.6628762 0.5433477 0.03602015 1.011477 0.5511838 0.1630554 0.8314157 0.5150769 -0.150862 0.9106147 0.5372795 -0.1391867 0.9751669 0.5457771 -0.05121868 1.046313 0.5799571 -0.2397415 0.8975874 0.5189102 -0.2623251 0.8229719 0.5037575 -0.2905081 0.6960392 0.5557616 -0.3609206 0.672728 0.5448003 0.3924454 0.4221579 0.5340252 0.3944462 0.04585355 0.5696245 0.4895682 0.185694 0.4961739 0.5111489 0.3383972 0.4960042 -0.03813874 0.8951609 0.5745027 -0.04400599 0.3728141 0.6854805 -0.03007209 0.6729564 0.6036157 -0.04861873 0.9903401 0.5743134 -0.02687245 -0.004301011 1.07323 -0.009092986 -0.03763961 1.070371 0.08013367 -0.01420682 1.013366 0.019324 -0.2599409 0.8672134 0.4518678 -0.2125372 0.7266518 0.07563918 0.05119705 1.003234 0.3312649 0.3152509 0.758871 0.3039411 0.479524 0.7029814 0.4840546 0.4451139 0.6679248 0.6616018 0.3123661 0.6968148 0.734726 -0.0167334 0.7029342 -0.1011312 0.2727465 0.838802 0.0252285 0.5549583 0.656453 0.2047053 0.609347 0.6598788 0.9391395 0.0565257 0.6818565 0.7898756 -0.1143453 0.7078703 0.6140017 -0.2477862 0.6663111 0.7560809 -0.2033524 0.6909818 1.059165 0.140245 0.6991799 0.9005813 -0.02709132 0.661405 0.9172735 0.3112069 0.6846333 0.9858912 0.3125039 0.6935234 1.07696 0.2368968 0.7292823 0.8856344 0.3996997 0.6654154 0.8044509 0.4075229 0.6495627 0.6684498 0.4103322 0.7039692 0.6300588 0.4777672 0.6925015 0.5279376 -0.3465505 0.6812286 0.1423403 -0.4259803 0.7184725 0.3053466 -0.4948008 0.6416288 0.4664252 -0.4855384 0.6414512 0.9245999 0.192399 0.723576 0.3875761 0.09101015 0.8396805 0.6983237 0.1384334 0.7540339 1.020079 0.2227205 0.7233779 -0.007124722 -0.01385343 1.152793 -0.04371607 -0.02098125 1.149973 -0.04742187 -0.1119273 1.093728 -0.2616335 0.01651644 0.9495255 -0.3420366 -0.4052153 0.8108394 0.01557391 -0.1266066 1.083732 0.1907135 -0.4441201 0.8426287 0.3535765 -0.4658637 0.7874848 0.2690172 -0.6258116 0.752896 0.0924378 -0.7548933 0.7814006 -0.2391547 -0.7286751 0.7874382 0.2756953 -0.02394467 0.9214933 0.5053552 -0.2247737 0.7415772 0.5047441 -0.4098073 0.7449573 -0.2291784 -0.9426901 0.7666417 -0.3471851 -0.7524624 0.7923084 -0.4221864 -0.5479605 0.7513038 -0.4213701 -0.6948372 0.7756453 -0.1849247 -1.080127 0.7837341 -0.2969012 -0.8821307 0.7464631 0.01738798 -0.9957337 0.7693815 -0.001236915 -1.060836 0.7781531 -0.09890037 -1.124872 0.8134348 0.1100155 -0.9914863 0.75042 0.1408785 -0.9171687 0.7347789 0.1828687 -0.789691 0.7884594 0.2575855 -0.7729832 0.7771447 -0.4904558 -0.4382071 0.7660223 -0.453843 -0.05149596 0.8027692 -0.5659132 -0.185353 0.7269508 -0.6037701 -0.3399782 0.7267756 -0.096803 -0.9682781 0.8078046 -0.03710222 -0.432374 0.9223601 -0.08225548 -0.7392209 0.8378561 -0.09581929 -1.067114 0.8076092 -0.01365351 -0.02973043 1.183811 -0.003124475 0.005713999 1.181014 -0.0813871 0.05071818 1.125228 0.129873 0.1801041 0.9822006 -0.2040251 0.4443805 0.8446449 -0.12321 0.002067625 1.115313 -0.4827736 -0.00617814 0.8761751 -0.5766485 -0.1393936 0.8214806 -0.6784673 0.008373618 0.7871738 -0.7109084 0.2228804 0.815446 -0.5356492 0.5023962 0.8214344 -0.1523457 -0.2737659 0.9543969 -0.4343411 -0.3835085 0.7759472 -0.5967501 -0.2980375 0.7792998 -0.7283997 0.5918614 0.8008075 -0.5069763 0.6083 0.8262649 -0.2927424 0.5803743 0.7855946 -0.4222574 0.6470755 0.8097377 -0.8695538 0.6160379 0.8177605 -0.6440673 0.6236082 0.7807933 -0.8882165 0.3994176 0.8035249 -0.936908 0.4456766 0.8122249 -0.9483815 0.56094 0.8472192 -0.9269995 0.3160258 0.784718 -0.8758231 0.2547767 0.7692044 -0.7830135 0.1593425 0.8224474 -0.8026195 0.0859791 0.8112249 -0.1649057 0.5900208 0.8001931 0.1583012 0.380322 0.8366404 0.09205067 0.5403017 0.76144 -0.02652531 0.6445629 0.7612663 -0.8116605 0.4872167 0.8416349 -0.3678744 0.1887354 0.9552565 -0.6169412 0.3692844 0.8714414 -0.8990131 0.5317193 0.841441 3.33961e-4 0.004760265 1.339575 -0.02205598 -0.02109259 1.336987 0.02673119 -0.08886355 1.285387 -0.2006372 -0.1173266 1.153093 -0.02005439 -0.4673651 1.025859 0.08052819 -0.0638166 1.276216 0.3866701 -0.1939941 1.055023 0.5165806 -0.117537 1.004433 0.5460277 -0.2808879 0.9727008 0.491559 -0.4740205 0.9988514 0.2372733 -0.6427246 1.00439 0.2102743 0.1575114 1.127375 0.4897586 0.1424452 0.9623166 0.5940214 0.008482933 0.9654176 0.3655812 -0.791624 0.9853114 0.1727228 -0.7210326 1.008859 0.002842247 -0.6157982 0.9712401 0.08654421 -0.721399 0.9935715 0.4753088 -0.8658287 1.000992 0.2824087 -0.7862147 0.9667991 0.5736474 -0.6904045 0.9878249 0.5970371 -0.7479555 0.9958721 0.5627478 -0.8494612 1.02824 0.6381321 -0.6349225 0.9704293 0.6183652 -0.563792 0.9560798 0.5765519 -0.447977 1.005327 0.621052 -0.3936322 0.9949471 -0.1085621 -0.5751743 0.9847431 -0.3009498 -0.2752046 1.018455 -0.3061328 -0.4352822 0.9488981 -0.245973 -0.5683619 0.9487374 0.4756515 -0.7351949 1.023075 0.2155129 -0.3144251 1.128171 0.3565409 -0.5615561 1.050645 0.5322899 -0.8060099 1.022896 -0.007959067 -0.02043861 1.452258 -0.036408 0.001184403 1.449555 -0.1038214 -0.05420243 1.395642 -0.1486525 0.1809775 1.257417 -0.5016026 -0.03064376 1.12448 -0.07411974 -0.1086273 1.386059 -0.1894533 -0.4365166 1.154951 -0.1010738 -0.5668788 1.102093 -0.2694372 -0.6084695 1.068938 -0.4744464 -0.5645462 1.096261 -0.6673005 -0.3106458 1.102049 0.1653054 -0.2291634 1.230547 0.1682218 -0.5215854 1.058089 0.03548794 -0.6392279 1.061329 -0.8140069 -0.4543554 1.082114 -0.753254 -0.2485577 1.106717 -0.6548478 -0.06441032 1.067412 -0.7593794 -0.1587238 1.090745 -0.8840675 -0.5737136 1.098498 -0.8139096 -0.3672711 1.062772 -0.6945991 -0.6645603 1.084741 -0.7530487 -0.6927841 1.093148 -0.8611738 -0.6637954 1.126968 -0.6324506 -0.7281008 1.066565 -0.5596002 -0.7027496 1.051572 -0.4416266 -0.6514325 1.103028 -0.3819957 -0.694211 1.092182 -0.6199136 0.05445814 1.081521 -0.3199568 0.2750517 1.116744 -0.4872149 0.269788 1.044069 -0.6219679 0.1981905 1.043901 -0.7478329 -0.565365 1.121571 -0.3264331 -0.2660772 1.231378 -0.5747178 -0.4295967 1.150377 -0.817897 -0.6291412 1.121384 -0.03563034 -0.0336759 1.533373 -0.01037502 -0.007323384 1.530611 -0.05873292 0.06753629 1.475541 0.1851475 0.08564966 1.334351 0.01148682 0.4684621 1.198561 -0.1174214 0.04373151 1.465754 -0.4367358 0.1989472 1.229686 -0.5793173 0.1244374 1.175694 -0.6019216 0.300135 1.141828 -0.5334795 0.5030646 1.169737 -0.2533677 0.6692124 1.175649 -0.2676171 -0.1852037 1.306904 -0.5647067 -0.1541175 1.130745 -0.6686367 -0.005722284 1.134055 -0.3821239 0.8348217 1.155286 -0.1803535 0.7492093 1.180417 -0.004937589 0.6279069 1.140269 -0.08847683 0.7449663 1.164102 -0.4950916 0.9198157 1.172022 -0.2937619 0.824584 1.135529 -0.6093422 0.7381201 1.157969 -0.6311786 0.8007208 1.166557 -0.5891722 0.9070711 1.201102 -0.681059 0.6824496 1.139404 -0.6638141 0.6055694 1.124089 -0.6254729 0.4798749 1.176648 -0.6758272 0.424342 1.16557 0.111623 0.5786162 1.15468 0.3005585 0.2485367 1.190659 0.3146901 0.4188832 1.116424 0.2577219 0.5639666 1.116253 -0.5024808 0.7805927 1.19559 -0.2478256 0.3181107 1.307752 -0.3848583 0.5891084 1.225013 -0.5590437 0.8591192 1.195398 -0.02210009 0.005134284 1.525865 -0.02149271 -0.02833062 1.523333 0.05834865 -0.04576301 1.472834 -0.08856821 -0.2151857 1.343364 0.2718299 -0.3519232 1.218847 0.08113384 0.00765562 1.463859 0.3891525 0.1131008 1.247388 0.4337283 0.2537266 1.197878 0.5619994 0.1540602 1.166823 0.6486545 -0.0221697 1.192415 0.5738596 -0.3112967 1.197836 0.03084337 0.2536448 1.318196 0.2441707 0.4254608 1.156661 0.4076899 0.3961203 1.159695 0.7646533 -0.3357864 1.179165 0.5780786 -0.410524 1.202209 0.3855758 -0.4450129 1.165394 0.5155773 -0.4671522 1.187248 0.8930692 -0.3180472 1.194511 0.7005633 -0.3862436 1.161047 0.8499343 -0.1260182 1.181624 0.9046015 -0.1526203 1.1895 0.9460232 -0.2489453 1.221177 0.8605958 -0.04345208 1.1646 0.7996848 -0.004594266 1.150557 0.6934995 0.05237674 1.198753 0.6903553 0.1210449 1.188594 0.2779013 -0.4882966 1.178608 -0.05834585 -0.3957313 1.211601 0.04257249 -0.515663 1.143529 0.173406 -0.5732047 1.143371 0.8078832 -0.2227173 1.216122 0.343307 -0.08651483 1.318974 0.6076056 -0.1742014 1.243103 0.8954315 -0.237231 1.215947 -0.03575044 -0.009752154 1.64627 -0.02353715 -0.03559404 1.644107 0.04474091 -0.02115577 1.600984 -0.01020628 -0.2046062 1.490421 0.3183612 -0.1846286 1.384087 0.04374009 0.02842813 1.593319 0.2465618 0.2185865 1.408461 0.2319319 0.3437124 1.366181 0.3667661 0.3111159 1.339661 0.4960598 0.2043091 1.361516 0.5392603 -0.04703736 1.366145 -0.08171451 0.2023053 1.468928 0.02409839 0.4109178 1.330982 0.1617034 0.4454413 1.333574 0.6963987 8.31433e-4 1.3502 0.5773569 -0.122813 1.369879 0.4395791 -0.2172005 1.33844 0.5485618 -0.1888293 1.357103 0.7901564 0.0596944 1.363305 0.6642018 -0.06093776 1.334729 0.6892037 0.1940701 1.352301 0.7410989 0.1925372 1.359026 0.8071422 0.1320731 1.386077 0.6685379 0.2620941 1.337762 0.6074819 0.2709785 1.32577 0.5048218 0.2780818 1.366928 0.4782831 0.330442 1.358253 0.3709318 -0.2886752 1.349725 0.07666444 -0.3345713 1.3779 0.1973121 -0.3925418 1.319768 0.3193628 -0.3914422 1.319634 0.6903886 0.1040301 1.38176 0.2808986 0.04708725 1.469592 0.5174373 0.07154029 1.404801 0.7636431 0.1234445 1.38161 -0.02675741 -0.01334089 1.794673 -0.06007158 -0.02015125 1.7921 -0.06268316 -0.1031332 1.740798 -0.2591477 0.01220858 1.609267 -0.3289189 -0.3731262 1.482768 -0.005101621 -0.1159896 1.73168 0.1573234 -0.4041093 1.511764 0.3060521 -0.4225652 1.461466 0.2302781 -0.5691658 1.429917 0.07031333 -0.6883913 1.455916 -0.2323489 -0.6672798 1.461424 0.2312839 -0.02015537 1.583698 0.4424501 -0.2013881 1.419593 0.4434562 -0.3701597 1.422676 -0.2214413 -0.8623955 1.442455 -0.3306808 -0.6898886 1.465866 -0.4008163 -0.5039992 1.428465 -0.3988307 -0.6379564 1.450667 -0.1799169 -0.9873762 1.458045 -0.2837219 -0.8077324 1.424049 0.003896474 -0.9086925 1.444954 -0.01254099 -0.9682289 1.452954 -0.1010774 -1.02746 1.485136 0.08834481 -0.9040359 1.427658 0.1158666 -0.835991 1.413392 0.1530881 -0.7193657 1.462355 0.221095 -0.7034955 1.452035 -0.4640111 -0.4044715 1.44189 -0.4338846 -0.05144858 1.475407 -0.5349712 -0.1744846 1.406252 -0.5681935 -0.3158358 1.406092 -0.1004875 -0.8846154 1.48 -0.05056321 -0.3953207 1.584489 -0.08915424 -0.6755728 1.507411 -0.09875512 -0.9747542 1.479822 -0.04320693 -0.03020113 1.785227 -0.02439475 -0.002988696 1.782724 -0.07842952 0.05704963 1.732812 0.1372078 0.1083155 1.604845 -0.07322335 0.4259197 1.481773 -0.1275263 0.02731126 1.723941 -0.4355826 0.1203091 1.509983 -0.5524639 0.03313696 1.461048 -0.5979475 0.1871141 1.430354 -0.5658711 0.3785479 1.455649 -0.3390906 0.5674933 1.461007 -0.2290233 -0.1991458 1.579969 -0.4993483 -0.214033 1.420309 -0.6136832 -0.09617817 1.423309 -0.478116 0.697184 1.442552 -0.2852516 0.6495756 1.465329 -0.1108406 0.566241 1.428941 -0.202424 0.6589855 1.450542 -0.5914251 0.7570039 1.45772 -0.3975721 0.7007243 1.424645 -0.6675464 0.577987 1.444983 -0.6960859 0.6308676 1.452767 -0.6737829 0.7320755 1.484076 -0.7237213 0.5178602 1.428156 -0.6972382 0.4515414 1.414276 -0.6448597 0.3445726 1.461913 -0.6819376 0.2876396 1.451872 5.51272e-4 0.5388874 1.442002 0.2170714 0.270668 1.474612 0.2052308 0.4251372 1.40733 0.1333965 0.546779 1.407174 -0.5780248 0.6313554 1.47908 -0.2836619 0.2540999 1.580738 -0.4452429 0.4769095 1.505748 -0.6399289 0.6934956 1.478907 -0.06097632 -0.01397317 1.972984 -0.03114032 -0.02676975 1.970528 0.01608729 0.03689044 1.921547 0.1073754 -0.1605362 1.795969 0.3718916 0.1036925 1.675194 -0.0220738 0.07832396 1.912842 0.007403731 0.3927265 1.702878 -0.09919482 0.4881765 1.654856 0.04005068 0.5618994 1.624734 0.2304221 0.5683145 1.649557 0.4563041 0.3869727 1.654815 -0.2596463 0.1318616 1.771557 -0.3265905 0.3889706 1.614877 -0.2354921 0.5218849 1.617821 0.55398 0.5459393 1.636705 0.5457345 0.3511679 1.659056 0.499534 0.1671907 1.623348 0.5709096 0.2733336 1.644546 0.5894584 0.6665688 1.651589 0.573065 0.4691587 1.619132 0.4024554 0.7049347 1.639091 0.4477618 0.7426794 1.646729 0.5494484 0.7409302 1.677454 0.3336877 0.7472602 1.622578 0.2750558 0.7088775 1.608957 0.1823665 0.6376742 1.655705 0.1203886 0.6622536 1.645851 0.4949095 0.05472552 1.636165 0.2790786 -0.2057456 1.668166 0.4253469 -0.1642858 1.60214 0.5283614 -0.07151287 1.601987 0.4712143 0.6292194 1.672551 0.1656629 0.27265 1.772312 0.3485126 0.4714389 1.698722 0.5189316 0.7008578 1.672381 -0.04499262 -0.03091883 2.082109 -0.06092661 -0.005352735 2.07983 -0.1306481 -0.0287854 2.034379 -0.09547096 0.1699619 1.91785 -0.4370141 0.1090229 1.805778 -0.1235603 -0.08057296 2.026301 -0.31273 -0.3043562 1.831467 -0.2821717 -0.4335682 1.786906 -0.4273001 -0.4158678 1.758955 -0.5756681 -0.3198018 1.781989 -0.6515125 -0.06192988 1.786868 0.02895885 -0.2473224 1.895197 -0.05640447 -0.4786081 1.749808 -0.1962575 -0.531513 1.752539 -0.8101893 -0.1311856 1.770063 -0.7006263 0.01275861 1.790804 -0.5678848 0.1283562 1.757668 -0.6785225 0.08537876 1.777338 -0.9011737 -0.2042303 1.783875 -0.7840068 -0.06259739 1.753756 -0.7791175 -0.3326104 1.772277 -0.8336331 -0.3373273 1.779365 -0.9101393 -0.2820724 1.807876 -0.7491961 -0.4013072 1.756954 -0.6841945 -0.4031707 1.744314 -0.5758545 -0.3981018 1.787693 -0.5416929 -0.4496846 1.77855 -0.5047248 0.2115452 1.769562 -0.2022475 0.29544 1.799257 -0.3356151 0.3414325 1.737988 -0.4632558 0.3254137 1.737847 -0.7913261 -0.238492 1.803326 -0.3695682 -0.1289966 1.895897 -0.6142214 -0.1834104 1.82761 -0.8656512 -0.2677404 1.803168 -0.06086754 0.01034015 2.135815 -0.05802941 -0.01957625 2.131228 -0.003043115 -0.02488452 2.064016 -0.1505181 -0.1885287 1.983608 0.1330784 -0.2682014 1.764961 0.00889635 0.02588158 2.053408 0.1989521 0.1613188 1.787133 0.2097151 0.2941876 1.741419 0.3191685 0.2195511 1.671546 0.4166073 0.06968152 1.656952 0.3808128 -0.1983666 1.663547 -0.09883642 0.2464823 1.959413 0.02039033 0.4294443 1.771667 0.1633955 0.4206317 1.725669 0.5403182 -0.1991301 1.591495 0.3947465 -0.2872191 1.65944 0.2230283 -0.3377274 1.680476 0.3422684 -0.3443349 1.660647 0.6526699 -0.1698538 1.569213 0.4850032 -0.2507643 1.590864 0.5945966 -0.001526117 1.583344 0.6459355 -0.0197969 1.572719 0.6992728 -0.102963 1.581596 0.5911934 0.07439714 1.571249 0.5316162 0.1032177 1.57919 0.4498836 0.1412872 1.654592 0.4379744 0.2029965 1.651386 0.1390064 -0.3886979 1.719606 -0.1465874 -0.3429632 1.849973 -0.0693776 -0.4374898 1.75482 0.0474019 -0.4750611 1.713517 0.5776064 -0.09413748 1.618416 0.1989172 -0.02544909 1.848171 0.4102365 -0.07309532 1.701905 0.6535385 -0.09772008 1.592326 -0.08311945 -0.02088576 2.289482 -0.05375969 -0.01355427 2.284726 -0.05688488 0.0405687 2.215827 0.1288449 -0.08280372 2.137548 0.1647068 0.2071328 1.911025 -0.1092712 0.04441612 2.205013 -0.2731981 0.2070932 1.93304 -0.4071404 0.1963812 1.88709 -0.3496047 0.3153467 1.814175 -0.2153393 0.4351133 1.79702 0.05710774 0.4408676 1.803752 -0.3123083 -0.09881263 2.113166 -0.5127224 -0.01228678 1.921937 -0.5259217 0.1304661 1.872527 0.03337299 0.5982518 1.727761 0.1434523 0.4683269 1.799093 0.2201663 0.30558 1.823818 0.2084088 0.4248929 1.801284 -0.01305824 0.7051314 1.702994 0.09330856 0.5511105 1.728174 -0.1717641 0.6217086 1.71889 -0.1614623 0.6754083 1.707047 -0.08685553 0.7415027 1.714644 -0.2468413 0.6063765 1.706968 -0.2663792 0.5427935 1.71631 -0.2917696 0.4571741 1.794113 -0.3513889 0.4357511 1.791292 0.2838289 0.2306067 1.864902 0.28214 -0.05798792 2.002442 0.3644661 0.0313934 1.904696 0.38394 0.1525614 1.860502 -0.07694649 0.6197969 1.754354 -0.08724182 0.23711 1.994065 -0.07220518 0.4517066 1.842084 -0.08504593 0.6953906 1.726442 -0.07971411 -0.01182216 2.359285 -0.07685369 -0.03685647 2.355282 -0.03227972 -0.04006189 2.297536 -0.1546958 -0.1801137 2.233214 0.07937234 -0.240819 2.04262 -0.02353173 0.002795159 2.288491 0.1266558 0.1208271 2.06085 0.1319301 0.2326297 2.02262 0.2234932 0.1723439 1.96111 0.3078254 0.04856747 1.946051 0.2832759 -0.1770644 1.951685 -0.1205607 0.1859643 2.212908 -0.02879285 0.3422821 2.053016 0.0901913 0.3378376 2.010905 0.4153007 -0.1743671 1.887336 0.2966213 -0.2513293 1.947642 0.1541185 -0.297171 1.969343 0.2537692 -0.3002983 1.949773 0.5084031 -0.1475174 1.86598 0.3699157 -0.2187889 1.88801 0.4567096 -0.007470011 1.87974 0.4998688 -0.02175474 1.869519 0.5464673 -0.09049487 1.875421 0.452055 0.05619335 1.869896 0.4017118 0.07917219 1.878098 0.3342577 0.109315 1.943464 0.3229687 0.1608626 1.941244 0.08561897 -0.3416987 2.004077 -0.1516164 -0.3093047 2.120562 -0.08732151 -0.3868622 2.038575 0.01035225 -0.4159688 2.000961 0.4451544 -0.08559405 1.909312 0.1318225 -0.03602153 2.111518 0.3064123 -0.07145935 1.983506 0.5082695 -0.08702993 1.885557 -0.08233696 -0.02907538 2.441318 -0.0794785 -0.006477713 2.43766 -0.1175571 0.005714416 2.385118 0.02034533 0.102489 2.327758 -0.1710318 0.2053331 2.153668 -0.1343288 -0.03009694 2.376905 -0.2899014 -0.102296 2.170055 -0.3181354 -0.1994989 2.135527 -0.3852896 -0.1271314 2.079197 -0.4328607 -4.0891e-4 2.064878 -0.3631659 0.1926192 2.069996 -0.08764964 -0.2119333 2.309401 -0.2005361 -0.3300799 2.164263 -0.3038386 -0.3008785 2.125312 -0.479296 0.2182754 2.010847 -0.3590108 0.2607119 2.066191 -0.2241681 0.2706264 2.086826 -0.3109211 0.2945976 2.068399 -0.5666822 0.214505 1.990874 -0.4299414 0.2476215 2.011759 -0.5512529 0.08044946 2.003791 -0.5860537 0.1021887 1.994223 -0.6123645 0.1725488 1.999171 -0.5606844 0.02349346 1.994968 -0.5214132 -0.007423162 2.002769 -0.4690344 -0.04814988 2.062387 -0.4701035 -0.09585785 2.060498 -0.1547183 0.2952133 2.118703 0.04600042 0.2163915 2.225788 0.006634294 0.2980655 2.151131 -0.07271075 0.3443987 2.116385 -0.5246292 0.1466988 2.03056 -0.2613122 0.0367456 2.215723 -0.4062584 0.1048427 2.098672 -0.5796127 0.1613754 2.008618 -0.05126827 -0.02039229 2.211589 -0.07735878 1.80146e-4 2.206439 -0.1228957 -0.03929805 2.131422 -0.1408148 0.2042657 2.044062 -0.4187915 0.03951752 1.798653 -0.0912218 -0.08748787 2.119616 -0.1250753 -0.3409292 1.822989 -0.02638715 -0.4505 1.772491 -0.1689733 -0.4807362 1.693764 -0.3632044 -0.4444194 1.676213 -0.5507483 -0.2114155 1.683557 0.1685612 -0.1686314 2.017299 0.2260412 -0.402179 1.80846 0.110389 -0.5096735 1.755822 -0.6722838 -0.3380619 1.601913 -0.6325248 -0.1548001 1.678715 -0.5422748 0.02112609 1.704012 -0.63829 -0.06921523 1.680611 -0.7342725 -0.4502252 1.575936 -0.6714768 -0.2543693 1.601819 -0.5552603 -0.5321517 1.592519 -0.6089398 -0.5592702 1.580113 -0.7163249 -0.5386629 1.589156 -0.4917179 -0.5872186 1.579294 -0.4232791 -0.5615223 1.588848 -0.3311787 -0.5256586 1.673298 -0.2726246 -0.5631427 1.669987 -0.5194271 0.1269996 1.748244 -0.2662819 0.31992 1.895993 -0.3999822 0.3308822 1.789673 -0.5187273 0.2662903 1.742508 -0.6168439 -0.4482027 1.631383 -0.2752744 -0.1989783 1.890226 -0.4731728 -0.330807 1.7258 -0.6773577 -0.5061025 1.601592 -0.07519376 -0.02715831 2.513956 -0.1042404 -0.01416116 2.508804 -0.1356987 -0.05978661 2.435045 -0.2090095 0.1642209 2.35574 -0.4231584 -0.04888063 2.110645 -0.09455299 -0.09665876 2.423532 -0.0599386 -0.3325169 2.13344 0.05880397 -0.4093911 2.085236 -0.06488513 -0.4695132 2.00578 -0.2535515 -0.4817299 1.985034 -0.4835188 -0.3104063 1.99221 0.167872 -0.1073812 2.330092 0.2809087 -0.3051816 2.126706 0.2002289 -0.4312447 2.071361 -0.5645494 -0.4549204 1.908549 -0.5728853 -0.2772548 1.986737 -0.5316585 -0.09304642 2.016633 -0.5987466 -0.1992363 1.990116 -0.5947841 -0.5731778 1.879944 -0.5838208 -0.3770391 1.91014 -0.4093158 -0.6069064 1.898493 -0.4524309 -0.6445811 1.884781 -0.5572074 -0.651317 1.891286 -0.3369165 -0.6425182 1.886247 -0.2797088 -0.6025684 1.897551 -0.2043345 -0.5494195 1.981393 -0.1409528 -0.5701513 1.978878 -0.5365849 0.009568333 2.061669 -0.3504459 0.2453536 2.213144 -0.4752399 0.2262899 2.108278 -0.5691542 0.139174 2.058956 -0.4872738 -0.5446639 1.935928 -0.2345486 -0.2383056 2.197096 -0.3837153 -0.4037741 2.032176 -0.529052 -0.6121042 1.904782 -0.09463739 -0.02091473 2.520543 -0.08138459 -0.03914529 2.516892 -0.0459963 -0.02223372 2.464625 -0.0800262 -0.1856913 2.408513 0.1265829 -0.1303985 2.234789 -0.05826401 0.01492577 2.456469 0.00357002 0.1719461 2.250927 -0.0422585 0.2610424 2.216788 0.05488812 0.2543194 2.160459 0.1750652 0.1952614 2.145713 0.2558702 0.008911073 2.150798 -0.2156941 0.1140733 2.390348 -0.2154179 0.2754001 2.246251 -0.1214148 0.3243539 2.206988 0.3565869 0.06906843 2.091472 0.2990602 -0.04297751 2.146911 0.2087661 -0.1415657 2.168159 0.2874217 -0.1000178 2.149324 0.4168643 0.1310288 2.071163 0.3409488 0.0144369 2.092621 0.314859 0.2171769 2.084335 0.3546251 0.2251035 2.0746 0.4213556 0.1922787 2.079179 0.2829511 0.2645879 2.075668 0.2337261 0.2602352 2.083702 0.1687152 0.2541972 2.143124 0.1371002 0.2892897 2.141351 0.1756089 -0.2063199 2.200092 -0.0218358 -0.2854424 2.307507 0.06149494 -0.3177769 2.233194 0.1498889 -0.2974115 2.198207 0.3407961 0.1514532 2.110852 0.07760113 0.05249553 2.296002 0.2275265 0.1014714 2.179098 0.3902348 0.17813 2.088758 -0.1027696 -0.03076863 2.590184 -0.08654689 -0.02813637 2.587504 -0.08595085 2.70054e-4 2.549242 0.009317994 -0.07575863 2.50868 0.04111051 0.07630747 2.38121 -0.1141793 0.004450321 2.543279 -0.1961698 0.09551465 2.392935 -0.2692435 0.09479457 2.368056 -0.2329813 0.1556459 2.326661 -0.1550691 0.2144663 2.315595 -0.007181882 0.2059299 2.319314 -0.2304423 -0.06576532 2.495434 -0.3354367 -0.01315051 2.390101 -0.3364627 0.06399446 2.361079 -0.01330316 0.2910516 2.27562 0.04078841 0.2170076 2.316412 0.07535284 0.1259174 2.332359 0.07411462 0.1907112 2.318297 -0.03386849 0.3505728 2.260514 0.0171411 0.2629367 2.276593 -0.1234573 0.3124741 2.270332 -0.1155659 0.3409375 2.263087 -0.07228094 0.373635 2.266253 -0.1648098 0.3072277 2.264046 -0.1781342 0.2737714 2.270076 -0.1955354 0.2296698 2.313639 -0.2287684 0.2205953 2.312398 0.1066429 0.08318305 2.355856 0.09336715 -0.07098072 2.434972 0.14177 -0.02760058 2.380546 0.1575211 0.03652179 2.354704 -0.07213628 0.3078855 2.289683 -0.09406775 0.1046761 2.425741 -0.07676136 0.2179623 2.339908 -0.07328206 0.3487583 2.273365 -0.1054624 -0.04476565 2.885205 -0.1155912 -0.03978717 2.883336 -0.1269946 -0.05522263 2.856808 -0.1500514 0.02548915 2.829558 -0.2275429 -0.04631555 2.740679 -0.1127896 -0.06872671 2.852686 -0.1021438 -0.1513106 2.748658 -0.06074362 -0.1797314 2.731601 -0.105006 -0.1991903 2.70263 -0.1719813 -0.2011903 2.694496 -0.251558 -0.137752 2.697068 -0.01947504 -0.07515352 2.820463 0.01909059 -0.145606 2.747693 -0.01078736 -0.189081 2.727096 -0.2816659 -0.1876228 2.666327 -0.2828422 -0.1249121 2.694963 -0.2661736 -0.06022113 2.706684 -0.2911108 -0.09695476 2.69647 -0.2936662 -0.2290607 2.655449 -0.2875919 -0.1597828 2.667224 -0.2283562 -0.2433062 2.662552 -0.2440363 -0.2560889 2.657329 -0.2813017 -0.2572739 2.659208 -0.203049 -0.2567285 2.658294 -0.1823344 -0.243293 2.662728 -0.1553069 -0.225759 2.693037 -0.1330613 -0.233847 2.692275 -0.2668921 -0.02399915 2.723178 -0.1987001 0.05665594 2.778851 -0.2427719 0.05190026 2.741074 -0.2769097 0.0223636 2.722767 -0.2554211 -0.2205014 2.675866 -0.1632152 -0.1161602 2.771078 -0.2174154 -0.1722458 2.711139 -0.2709083 -0.2437679 2.664307 -0.09346431 -0.02425241 2.667611 -0.1081755 -0.0403124 2.664039 -0.08557826 -0.07014667 2.613155 -0.2472689 -0.06922614 2.559829 -0.155762 -0.2528288 2.389955 -0.05281549 -0.05125701 2.605234 0.1067546 -0.07778829 2.405441 0.1820445 -0.01684421 2.372491 0.1942233 -0.1097146 2.317249 0.1615392 -0.2348625 2.302206 7.85995e-4 -0.347583 2.307147 0.01016283 0.1175545 2.542276 0.1621994 0.1496868 2.402379 0.226583 0.0704708 2.363447 0.0769723 -0.4308309 2.248723 -0.03998917 -0.3985214 2.303222 -0.150751 -0.3323152 2.324899 -0.09624755 -0.3985894 2.305871 0.1472306 -0.4757299 2.228348 0.02221179 -0.4266347 2.250174 0.2090848 -0.3625195 2.241614 0.2242542 -0.3985626 2.231838 0.206145 -0.4681555 2.235825 0.2477411 -0.3230388 2.233325 0.2341111 -0.2773325 2.241524 0.2161011 -0.2173917 2.299532 0.2431867 -0.180631 2.297952 -0.2183293 -0.3137261 2.356292 -0.3309828 -0.1429279 2.462087 -0.3458347 -0.2275515 2.389677 -0.3095877 -0.3070369 2.355034 0.1520259 -0.4000346 2.267276 0.008253335 -0.171411 2.44884 0.0830878 -0.3029924 2.334388 0.1867603 -0.441505 2.245401 -0.1061611 -0.02839797 2.773996 -0.1009758 -0.04767 2.770703 -0.06701463 -0.04485195 2.723906 -0.1473754 -0.1695238 2.67545 0.03889071 -0.1889428 2.518879 -0.06557345 -0.01022553 2.716629 0.03245741 0.1001603 2.533021 0.02213716 0.1883416 2.502846 0.09973651 0.152136 2.451858 0.1804514 0.06537413 2.437711 0.1887356 -0.1143736 2.442251 -0.1655344 0.1214026 2.659367 -0.1163334 0.2547884 2.530879 -0.02358722 0.2656875 2.494753 0.2903135 -0.0963273 2.388217 0.208105 -0.170944 2.438578 0.1025708 -0.2241234 2.458963 0.1805376 -0.2145074 2.441149 0.3594733 -0.06402224 2.369204 0.260177 -0.1366375 2.389702 0.3023144 0.03944659 2.381606 0.3376109 0.03347837 2.372479 0.3825815 -0.0147143 2.375933 0.2907163 0.08874672 2.37405 0.2486921 0.1006518 2.381761 0.1937202 0.1161723 2.435183 0.1785728 0.1551853 2.433795 0.0551328 -0.2672745 2.487972 -0.1318917 -0.2705236 2.585825 -0.07402467 -0.3235986 2.519201 0.005129218 -0.3346015 2.487076 0.3034289 -0.02312272 2.405137 0.05670797 -0.02202904 2.572715 0.1947755 -0.02878314 2.467164 0.3524814 -0.01662111 2.384853 -0.09595906 -0.03544503 2.829219 -0.1136423 -0.03904575 2.826235 -0.1129914 -0.06977927 2.783862 -0.2210369 0.009777545 2.740186 -0.2489441 -0.1570039 2.598303 -0.08181911 -0.07299804 2.777276 0.01234817 -0.1673323 2.611074 0.09251266 -0.1628834 2.583796 0.05551028 -0.2308214 2.537566 -0.027296 -0.2988135 2.524652 -0.1899914 -0.2962802 2.528762 0.04255461 0.009979605 2.725643 0.160202 -0.04165345 2.609362 0.1648705 -0.1259117 2.576543 -0.1793644 -0.388879 2.479734 -0.2421293 -0.3106037 2.525414 -0.2842456 -0.2124218 2.544023 -0.2799116 -0.2832987 2.527788 -0.1540613 -0.4530696 2.462427 -0.2140672 -0.3594348 2.481129 -0.05748862 -0.4072667 2.473723 -0.06484234 -0.4387766 2.465414 -0.1108456 -0.4766851 2.468469 -0.01234585 -0.3995341 2.466905 7.41292e-4 -0.3622806 2.473944 0.01781302 -0.3136163 2.522339 0.05386888 -0.3021169 2.521106 -0.3205484 -0.167248 2.570336 -0.3130582 0.001576185 2.659125 -0.3641865 -0.04758685 2.598789 -0.3785286 -0.1183631 2.569613 -0.1140236 -0.4048236 2.495007 -0.09928703 -0.1824743 2.646941 -0.1130774 -0.306542 2.551272 -0.1108892 -0.4494261 2.476584 -0.09551835 -0.03700357 2.695504 -0.1048726 -0.02064859 2.692409 -0.1353507 -0.03139036 2.648342 -0.09193271 0.1016271 2.602325 -0.2671362 0.07465642 2.455112 -0.1284068 -0.06336152 2.641484 -0.1920731 -0.1877874 2.468496 -0.1616489 -0.2658721 2.439996 -0.2413213 -0.2514204 2.392103 -0.3358199 -0.1915118 2.378987 -0.386362 -0.02935081 2.383265 -0.005816876 -0.1597068 2.587141 -0.01922774 -0.2934026 2.466034 -0.1014207 -0.325573 2.432227 -0.4749639 -0.07017755 2.332583 -0.4175904 0.01767057 2.379848 -0.3338798 0.09149259 2.398748 -0.4028287 0.06404662 2.38218 -0.5304477 -0.1162369 2.31486 -0.4570813 -0.02615875 2.333882 -0.4534687 -0.1970371 2.326406 -0.4871545 -0.2000381 2.317901 -0.5397357 -0.166783 2.321293 -0.4311092 -0.2392893 2.319246 -0.3898643 -0.2401019 2.326395 -0.3357942 -0.2410745 2.376652 -0.3126357 -0.273078 2.375302 -0.3007953 0.1422705 2.425974 -0.130497 0.1900645 2.517753 -0.1962324 0.2246247 2.455035 -0.2712399 0.2157092 2.424958 -0.4693809 -0.140145 2.34861 -0.243323 -0.08197057 2.506018 -0.3713317 -0.1089285 2.406817 -0.5126791 -0.1578339 2.329618 -0.1085608 -0.04421389 2.813718 -0.09871065 -0.03326332 2.811284 -0.1140723 -0.01340734 2.776712 -0.004572212 -0.01310837 2.741036 -0.0672937 0.109887 2.625297 -0.1360845 -0.02643275 2.771338 -0.2437028 -0.01023757 2.635723 -0.2941324 -0.05207955 2.613458 -0.3028643 0.01046818 2.575752 -0.28157 0.0952863 2.565235 -0.173618 0.172636 2.568589 -0.1773813 -0.1412491 2.729167 -0.2796531 -0.1644815 2.63428 -0.3236423 -0.1114696 2.607525 -0.2255697 0.2282298 2.528608 -0.1463748 0.2073531 2.565862 -0.07106262 0.1633985 2.581015 -0.1083302 0.2077904 2.56779 -0.2733451 0.2580527 2.514505 -0.1885064 0.2257688 2.529736 -0.3144459 0.1811045 2.523708 -0.3249266 0.2053472 2.516938 -0.3131601 0.252554 2.519445 -0.3403036 0.1541107 2.518141 -0.3307947 0.1233164 2.523872 -0.318349 0.08308988 2.563353 -0.3364157 0.05803674 2.562342 -0.0253055 0.1513893 2.602474 0.05178928 0.03698474 2.67488 0.06143826 0.09408134 2.625654 0.03646749 0.147481 2.601867 -0.2761704 0.2069517 2.541078 -0.1778212 0.05389976 2.665002 -0.2290489 0.1420076 2.586965 -0.2998915 0.2346921 2.526059 -0.1140503 -0.04359644 2.894046 -0.09840559 -0.04024541 2.891396 -0.09926486 -0.01305985 2.853785 -0.002740442 -0.08265864 2.815167 0.02046936 0.06527584 2.689146 -0.1269314 -0.01050162 2.847942 -0.2112852 0.07204657 2.700456 -0.2823172 0.06732845 2.676275 -0.2501356 0.1278404 2.635196 -0.1773453 0.1888659 2.623655 -0.03307771 0.1881219 2.627302 -0.2364364 -0.08528161 2.802273 -0.3412152 -0.04074126 2.699105 -0.3461289 0.03387457 2.669895 -0.04335075 0.270056 2.583709 0.0130155 0.2012961 2.624315 0.05125832 0.1146611 2.640945 0.04676407 0.1774384 2.626456 -0.06637448 0.3267111 2.568278 -0.01231265 0.2442721 2.584985 -0.1515738 0.2852294 2.578355 -0.1453438 0.3132223 2.570946 -0.1049063 0.3472589 2.573604 -0.1915258 0.2779494 2.57232 -0.2027862 0.2448098 2.578611 -0.2174748 0.201572 2.621585 -0.2493359 0.1910435 2.620506 0.08385926 0.07497948 2.664335 0.07877033 -0.07464903 2.743283 0.1236487 -0.03067165 2.689722 0.1357136 0.03217083 2.663759 -0.1014281 0.2836117 2.597229 -0.1124501 0.08654594 2.732236 -0.1013637 0.1965425 2.647247 -0.1046171 0.3231025 2.580836 -0.1003664 -0.04455316 2.91377 -0.1011526 -0.05490022 2.91205 -0.08409106 -0.05935096 2.88765 -0.1451049 -0.1066268 2.862619 -0.05736106 -0.1481985 2.780851 -0.077425 -0.04260879 2.88386 -0.01062792 -0.005268692 2.788185 -5.3636e-4 0.03978669 2.772503 0.03119468 0.008667469 2.745846 0.05580127 -0.04780995 2.738348 0.02887123 -0.1374214 2.740713 -0.1038645 0.03923553 2.854257 -0.05695509 0.09625232 2.787334 -0.009641885 0.08562147 2.768372 0.08171725 -0.1460599 2.712421 0.02860969 -0.1685124 2.738773 -0.03229784 -0.1764096 2.749578 0.007576823 -0.1851302 2.740167 0.1211826 -0.1421303 2.702401 0.05998319 -0.1606382 2.713255 0.1110104 -0.0815187 2.708945 0.1272799 -0.09052962 2.704134 0.1410356 -0.12193 2.70585 0.11381 -0.0553289 2.705033 0.09526139 -0.04224437 2.70912 0.07106751 -0.0251767 2.737002 0.07036292 -0.003424525 2.736305 -0.06295955 -0.1894116 2.764757 -0.1550918 -0.1587991 2.815995 -0.1359788 -0.1947826 2.781246 -0.09910398 -0.2138159 2.764394 0.1008081 -0.1124183 2.721187 -0.01973396 -0.06941533 2.808794 0.04664188 -0.09648728 2.753647 0.1259565 -0.1176786 2.710546 -0.03593057 -0.03192263 0.657162 -0.1052032 -0.05437046 0.5912247 -0.05405277 -0.03779512 0.675988 -0.1155334 -0.05771797 0.6219057 -0.1545521 -0.07036203 0.6463159 -0.1410441 -0.06598472 0.6035671 -0.1637555 -0.0733444 0.6347748 -0.2007406 -0.08532947 0.5580982 -0.1832377 -0.07965761 0.5333154 -0.03591954 -0.03195673 0.657162 -0.1051921 -0.05440455 0.5912247 -0.05404174 -0.03782922 0.675988 -0.1155223 -0.05775207 0.6219057 -0.154541 -0.07039612 0.6463159 -0.1410331 -0.06601881 0.6035671 -0.1637444 -0.0733785 0.6347748 -0.2007296 -0.08536356 0.5580982 -0.1832267 -0.0796917 0.5333154 -0.01083499 -0.02931994 0.9460763 -0.04482972 0.01755124 0.8936469 -0.01972824 -0.01705813 0.9610456 -0.04989922 0.02454084 0.9180426 -0.06904721 0.05094164 0.9374521 -0.06241828 0.04180186 0.9034609 -0.07356363 0.05716884 0.9282754 -0.09171372 0.08219379 0.8673067 -0.08312433 0.07035094 0.8476009 -0.1219589 0.1238951 0.8195433 -0.1239525 0.1266439 0.8427388 -0.1432183 0.1532071 0.8574464 -0.1399025 0.1486354 0.8316259 -0.1473168 0.1588581 0.8459161 -0.1704342 0.1907318 0.8121386 -0.1389386 0.1473063 0.8080343 -0.1661022 0.184759 0.7933449 -0.1417865 0.1512329 0.7446361 -0.1345053 0.1411939 0.7395111 -0.2007256 0.2324969 0.7590119 -0.2060804 0.23988 0.7740943 -0.2590413 0.3129011 0.8045946 -0.2215055 0.2611477 0.7582066 -0.2158119 0.2532975 0.7454664 -0.2658005 0.3222206 0.6939785 -0.2180035 0.2563192 0.725269 -0.2113482 0.247143 0.7195302 -0.2686309 0.3261232 0.7063454 -0.2603506 0.3147065 0.789398 -0.01085805 -0.02933669 0.9460763 -0.04485279 0.01753449 0.8936469 -0.01975131 -0.01707482 0.9610456 -0.04992228 0.02452409 0.9180426 -0.06907027 0.05092489 0.9374521 -0.06244134 0.04178518 0.9034609 -0.0735867 0.05715215 0.9282754 -0.09173679 0.08217704 0.8673067 -0.0831474 0.07033425 0.8476009 -0.1219819 0.1238784 0.8195433 -0.1239756 0.1266272 0.8427388 -0.1432414 0.1531904 0.8574464 -0.1399256 0.1486187 0.8316259 -0.1473399 0.1588413 0.8459161 -0.1704573 0.190715 0.8121386 -0.1389616 0.1472896 0.8080343 -0.1661253 0.1847422 0.7933449 -0.1418095 0.1512162 0.7446361 -0.1345284 0.1411772 0.7395111 -0.2007486 0.2324801 0.7590119 -0.2061035 0.2398633 0.7740943 -0.2590643 0.3128845 0.8045946 -0.2215285 0.261131 0.7582066 -0.215835 0.2532808 0.7454664 -0.2658236 0.3222039 0.6939785 -0.2180266 0.2563025 0.725269 -0.2113713 0.2471264 0.7195302 -0.268654 0.3261064 0.7063454 -0.2603737 0.3146897 0.789398 -0.1837952 -0.07527208 2.951061 -0.1475046 -0.1515805 2.83053 -0.1186941 -0.04354536 3.070738 -0.04373973 -0.08021414 2.942636 -0.07352179 -0.1505539 2.831418 -0.101279 -0.04350703 3.07073 -0.1115796 -0.1690202 2.821876 -0.1099951 -0.04028201 3.077797 -0.1112906 -0.1462698 2.862974 -0.1103897 -0.07786327 2.994096 -0.06326532 -0.1182257 2.915174 -0.006043195 -0.06425029 2.790344 -0.1015393 -0.05197888 3.036279 -0.09244155 0.03580182 2.906451 -0.02462226 0.01642543 2.791281 -0.1057302 -0.03294867 3.03627 0.001705467 -0.02142989 2.780609 -0.106304 -0.04305261 3.043511 -0.01765936 -0.02530193 2.822961 -0.07539016 -0.03679853 2.957816 -0.008548796 -0.01508098 1.525404 -0.008621037 -0.07680732 1.469511 -0.00856769 -0.03122901 1.541362 -0.008631765 -0.08601218 1.495518 -0.008672475 -0.1207804 1.51621 -0.008658409 -0.1087439 1.479973 -0.008682072 -0.1289812 1.506427 -0.008720636 -0.1619373 1.441431 -0.008702397 -0.1463411 1.420423 -0.008784949 -0.2168552 1.390512 -0.008789181 -0.2204753 1.41524 -0.00883013 -0.2554574 1.430919 -0.008823037 -0.2494366 1.403393 -0.008838832 -0.2628992 1.418627 -0.00882101 -0.2476863 1.378243 -0.00882709 -0.2528574 1.310656 -0.008811593 -0.2396367 1.305193 -0.008518397 -0.01508104 1.525404 -0.008590638 -0.07680737 1.469511 -0.008537292 -0.03122907 1.541362 -0.008601427 -0.08601224 1.495518 -0.008642137 -0.1207804 1.51621 -0.00862801 -0.1087439 1.479973 -0.008651733 -0.1289812 1.506427 -0.008690297 -0.1619374 1.441431 -0.008672058 -0.1463412 1.420423 -0.008754551 -0.2168552 1.390512 -0.008758783 -0.2204753 1.41524 -0.008799731 -0.2554574 1.430919 -0.008792698 -0.2494367 1.403393 -0.008808434 -0.2628993 1.418627 -0.008790612 -0.2476863 1.378243 -0.008796691 -0.2528575 1.310656 -0.008781194 -0.2396367 1.305193 -0.0368238 -0.03230959 1.886499 -0.09504079 -0.01339638 1.831072 -0.0520538 -0.02736175 1.902324 -0.1037223 -0.01057595 1.856862 -0.1365138 7.71359e-5 1.877382 -0.1251617 -0.003610849 1.841447 -0.1442484 0.002589881 1.86768 -0.1753309 0.0126878 1.803225 -0.1606214 0.007909059 1.782393 -0.2271265 0.0295149 1.752731 -0.2305407 0.03062409 1.777252 -0.263534 0.04134273 1.792801 -0.2578555 0.03949797 1.765504 -0.2705527 0.04362297 1.780611 -0.3101419 0.05648446 1.744903 -0.2562047 0.03896164 1.740563 -0.3027232 0.05407434 1.725034 -0.2610818 0.04054611 1.67354 -0.2486127 0.0364952 1.668122 -0.3620167 0.07333731 1.688738 -0.3711871 0.07631653 1.704683 -0.4618839 0.1057816 1.736927 -0.3976029 0.08489835 1.687886 -0.3878524 0.08173066 1.674418 -0.4734593 0.1095421 1.619986 -0.3916056 0.08294999 1.653065 -0.3802083 0.07924729 1.646999 -0.4783064 0.1111169 1.63306 -0.4641262 0.1065101 1.720861 -0.03683316 -0.03233826 1.886499 -0.09505015 -0.01342499 1.831072 -0.0520631 -0.02739042 1.902324 -0.1037317 -0.01060461 1.856862 -0.1365231 4.84809e-5 1.877382 -0.125171 -0.003639519 1.841447 -0.1442577 0.002561211 1.86768 -0.1753402 0.01265913 1.803225 -0.1606307 0.007880389 1.782393 -0.2271358 0.02948623 1.752731 -0.23055 0.03059542 1.777252 -0.2635433 0.04131406 1.792801 -0.2578649 0.0394693 1.765504 -0.2705621 0.0435943 1.780611 -0.3101512 0.05645579 1.744903 -0.256214 0.03893297 1.740563 -0.3027326 0.05404567 1.725034 -0.2610911 0.04051744 1.67354 -0.2486221 0.03646653 1.668122 -0.362026 0.07330864 1.688738 -0.3711964 0.07628786 1.704683 -0.4618932 0.105753 1.736927 -0.3976122 0.08486968 1.687886 -0.3878617 0.08170199 1.674418 -0.4734686 0.1095135 1.619986 -0.3916149 0.08292132 1.653065 -0.3802175 0.07921862 1.646999 -0.4783158 0.1110882 1.63306 -0.4641354 0.1064814 1.720861 -0.05434602 -0.0199238 2.138457 -0.08443474 0.02170312 2.091948 -0.06221747 -0.009033918 2.151736 -0.08892172 0.0279107 2.113589 -0.1058695 0.05135762 2.130807 -0.1000024 0.04324048 2.100654 -0.1098671 0.05688816 2.122666 -0.1259317 0.07911312 2.068583 -0.1183292 0.06859534 2.051102 -0.1527016 0.1161487 2.026213 -0.1544662 0.1185899 2.046789 -0.1715183 0.1421811 2.059836 -0.1685835 0.1381209 2.036931 -0.1751459 0.1471998 2.049607 -0.195607 0.1755073 2.019644 -0.1677303 0.1369405 2.016003 -0.1917728 0.1702027 2.002973 -0.170251 0.1404277 1.959764 -0.1638064 0.131512 1.955218 -0.2224178 0.2125994 1.972517 -0.2271575 0.2191565 1.985896 -0.274033 0.2840077 2.012952 -0.2408102 0.2380447 1.971802 -0.2357707 0.2310727 1.960501 -0.2800155 0.2922844 1.914827 -0.2377105 0.2337564 1.942584 -0.2318199 0.2256069 1.937494 -0.2825208 0.2957503 1.925798 -0.2751919 0.2856109 1.999472 -0.05436652 -0.01993864 2.138457 -0.08445525 0.02168834 2.091948 -0.06223797 -0.0090487 2.151736 -0.08894217 0.02789592 2.113589 -0.10589 0.05134284 2.130807 -0.1000228 0.0432257 2.100654 -0.1098875 0.05687332 2.122666 -0.1259521 0.07909828 2.068583 -0.1183497 0.0685805 2.051102 -0.1527221 0.1161338 2.026213 -0.1544867 0.1185751 2.046789 -0.1715388 0.1421663 2.059836 -0.168604 0.1381061 2.036931 -0.1751664 0.1471849 2.049607 -0.1956275 0.1754924 2.019644 -0.1677508 0.1369256 2.016003 -0.1917933 0.1701879 2.002973 -0.1702715 0.1404129 1.959764 -0.163827 0.1314972 1.955218 -0.2224383 0.2125846 1.972517 -0.227178 0.2191417 1.985896 -0.2740535 0.2839928 2.012952 -0.2408307 0.2380299 1.971802 -0.2357912 0.231058 1.960501 -0.280036 0.2922696 1.914827 -0.237731 0.2337416 1.942584 -0.2318404 0.2255921 1.937494 -0.2825412 0.2957355 1.925798 -0.2752123 0.2855961 1.999472 -0.03134393 -0.03771543 2.950446 -0.04794692 0.04651641 2.830782 -0.1130316 -0.04312044 3.069457 -0.1847171 0.01809167 2.942081 -0.1300869 0.07261198 2.831663 -0.132304 -0.03678816 3.069448 -0.08227419 0.0759505 2.822243 -0.1236562 -0.04296606 3.076471 -0.08960282 0.05492162 2.86306 -0.1116636 -0.008264958 2.993303 -0.02237105 -0.05074739 1.86515 -0.03131002 -0.06020742 1.864166 -0.01387876 -0.08677828 1.844529 -0.1007931 -0.09385061 1.794184 -0.03790807 -0.2299123 1.745764 0.00698775 -0.07814264 1.841039 0.1212356 -0.1326841 1.756863 0.1718881 -0.1057575 1.73761 0.1803901 -0.1683488 1.725534 0.1564965 -0.2408792 1.735486 0.05703562 -0.300827 1.737594 0.05996662 0.003866255 1.784397 0.1659775 -0.006470561 1.721583 0.203409 -0.05912202 1.722763 0.1033626 -0.359554 1.730334 0.03120237 -0.329535 1.739295 -0.03165048 -0.2867239 1.724979 -0.001568496 -0.3282533 1.733477 0.1438573 -0.3895759 1.736301 0.07182985 -0.356126 1.723289 0.1841381 -0.3245016 1.73129 0.1920818 -0.346768 1.734353 0.1773713 -0.3847949 1.74667 0.20957 -0.3044708 1.72467 0.2032276 -0.2771012 1.719209 0.18924 -0.232379 1.737951 0.207055 -0.2124511 1.734 -0.07333624 -0.2694417 1.730117 -0.1415352 -0.1522213 1.742947 -0.1461454 -0.212997 1.716476 -0.1254673 -0.2645857 1.716415 0.1461417 -0.3399149 1.744705 0.05417609 -0.1756493 1.784699 0.1037194 -0.2719336 1.755197 0.1665077 -0.3677725 1.744637 -0.1054052 -0.03467297 2.658496 -0.09355044 -0.01695787 2.614613 -0.09858238 -0.02447736 2.663635 -0.08760327 -0.008070707 2.626733 -0.07457655 0.01139569 2.63037 -0.08262443 -6.30613e-4 2.613311 -0.07328844 0.01332062 2.623259 -0.07123726 0.01638579 2.580724 -0.07850772 0.005521118 2.57272 -0.060835 0.03193038 2.541035 -0.05673164 0.03806227 2.553681 -0.04425019 0.05671387 2.554548 -0.04941982 0.04898869 2.540905 -0.04349678 0.05783975 2.546239 -0.03519189 0.07025021 2.517484 -0.05300951 0.0436244 2.52762 -0.04000753 0.06305396 2.508317 -0.05967158 0.03366899 2.489758 -0.06433236 0.02670407 2.489681 -0.02546006 0.08479291 2.474669 -0.02056455 0.0921086 2.48128 0.01245784 0.1414556 2.477908 -0.01416033 0.1016787 2.465946 -0.01893788 0.09453934 2.460827 0.001816511 0.1255538 2.411135 -0.02035546 0.09242105 2.448255 -0.02475243 0.08585035 2.447574 0.004974365 0.1302726 2.417175 0.01120483 0.1395832 2.468583 -0.1054199 -0.03466308 2.658496 -0.09356522 -0.01694792 2.614613 -0.09859716 -0.02446746 2.663635 -0.08761805 -0.008060812 2.626733 -0.07459133 0.01140558 2.63037 -0.08263921 -6.20715e-4 2.613311 -0.07330322 0.01333051 2.623259 -0.07125204 0.01639568 2.580724 -0.07852256 0.005531013 2.57272 -0.06084984 0.03194028 2.541035 -0.05674642 0.03807222 2.553681 -0.04426503 0.05672377 2.554548 -0.0494346 0.04899859 2.540905 -0.04351162 0.05784964 2.546239 -0.03520667 0.0702601 2.517484 -0.05302429 0.04363429 2.52762 -0.04002231 0.06306385 2.508317 -0.05968636 0.03367888 2.489758 -0.0643472 0.02671396 2.489681 -0.02547484 0.0848028 2.474669 -0.02057933 0.0921185 2.48128 0.012443 0.1414655 2.477908 -0.01417511 0.1016886 2.465946 -0.01895266 0.09454923 2.460827 0.001801729 0.1255637 2.411135 -0.02037024 0.09243094 2.448255 -0.02476722 0.08586025 2.447574 0.004959523 0.1302826 2.417175 0.01119005 0.1395931 2.468583 -0.2207556 -0.01560091 2.869932 -0.2049799 -0.09244799 2.740192 -0.1326244 -0.04742693 2.992772 -0.04923707 -0.1159448 2.860867 -0.1129612 -0.1429417 2.741185 -0.1110482 -0.05946284 2.992763 -0.1684134 -0.1313881 2.729252 -0.1207352 -0.05146986 3.000205 -0.1597054 -0.1167848 2.773044 -0.1339783 -0.07378667 2.912197 -0.1231399 0.03947299 2.897709 -0.2048949 0.02979052 2.77874 -0.1176123 -0.03323411 3.01619 -0.1764189 -0.09324574 2.889394 -0.229742 -0.04151546 2.779615 -0.1236461 -0.04995191 3.016181 -0.2333494 0.001124083 2.770295 -0.1177026 -0.04264795 3.023168 -0.2128849 -0.006630897 2.810887 -0.1514189 -0.02995938 2.940427</float_array>
          <technique_common>
            <accessor source="#Vert_019-mesh-positions-array" count="1559" stride="3">
              <param name="X" type="float"/>
              <param name="Y" type="float"/>
              <param name="Z" type="float"/>
            </accessor>
          </technique_common>
        </source>
        <source id="Vert_019-mesh-normals">
          <float_array id="Vert_019-mesh-normals-array" count="8139">0.4716408 -0.2374048 0.8492315 -0.1909801 -0.5955501 0.7802864 0.3919213 0.1083801 0.9135926 0.3909518 0.09799271 0.9151799 0.3930262 0.1208183 0.9115555 0.4543314 -0.2536896 0.8539465 0.2687548 0.1784325 0.9465373 0.268462 0.1758288 0.9471074 0.2690593 0.181157 0.945933 0.344653 0.1254165 0.9303146 0.4276731 0.1570623 0.8901839 0.5235257 0.366988 0.7689218 0.1432167 0.2802975 0.9491693 0.1458138 0.2723478 0.9510863 0.1510918 0.2560267 0.9547889 -0.012147 -0.3880549 0.9215562 -0.002487242 -0.384252 0.923225 0.02042186 -0.3750633 0.9267742 0.4046475 0.3588567 0.8411197 -0.0975728 -0.3731011 0.9226458 0.1211314 0.2363104 0.9640979 -0.1246843 -0.07278329 0.9895234 -0.05752056 -0.30817 0.9495909 -0.1687752 0.1014058 0.9804244 -0.1878013 0.001681745 0.9822057 -0.06968837 -0.3221204 0.9441303 -0.06883412 -0.3218035 0.944301 -0.067532 -0.3213198 0.9445598 0.4199085 -0.2146222 0.8818244 -0.1540561 -0.2330557 0.9601832 -0.1527919 -0.2326256 0.9604895 -0.1281761 -0.2241823 0.9660814 -0.2345708 -0.1772853 0.9557963 -0.008007884 0.2299361 0.9731728 0.3184655 0.2271881 0.9203072 -0.2706682 0.2339482 0.9338131 -0.1148856 0.1182238 0.9863187 -0.2029711 -0.2286535 0.9521136 -0.1508156 -0.5652085 0.811045 -0.1255593 -0.4507032 0.8837996 -0.1974262 -0.2023372 0.9592095 0.553349 -0.01924085 0.8327274 0.0797981 0.2917181 0.9531699 0.2135208 -0.5245888 0.8241453 -0.5367377 -0.2377653 0.8095557 -0.3986915 0.5046046 0.7657803 -0.2219376 -0.393062 0.8923262 -0.2295399 -0.3858467 0.8935513 -0.2127903 -0.401655 0.8907265 -0.5389775 -0.2141802 0.814635 -0.09289759 -0.341443 0.9353004 -0.09478312 -0.3395994 0.9357823 -0.09092277 -0.3433706 0.9347886 -0.1803706 -0.3671851 0.912492 -0.2046453 -0.4508885 0.8688038 -0.09238207 -0.6543048 0.7505671 0.06448853 -0.3072111 0.9494538 0.05654442 -0.3043097 0.9508935 0.04028421 -0.2983061 0.9536198 -0.3579244 0.2323524 0.9043797 -0.3610879 0.222402 0.905623 -0.3684307 0.1987062 0.9081711 -0.02964603 -0.5580024 0.8293097 -0.2931587 0.2896424 0.9111341 0.04292911 -0.2628028 0.9638941 -0.04672896 0.1216598 0.9914714 -0.2693164 0.2172285 0.9382326 0.1171361 0.04738438 0.9919849 0.05111497 0.1245239 0.9908992 -0.2722428 0.2355588 0.9329501 -0.272539 0.2346901 0.9330826 -0.27299 0.2333657 0.9332829 -0.4889954 -0.2123329 0.8460487 -0.1513811 0.2453806 0.9575344 -0.1518536 0.2441188 0.957782 -0.1609774 0.2195156 0.9622366 -0.05748492 0.2734404 0.9601697 0.1177346 -0.158243 0.9803559 -0.08404403 -0.4101467 0.9081389 0.2870831 0.04504305 0.9568462 0.09629285 -0.005303442 0.995339 -0.1169432 0.2809705 0.9525649 -0.4021449 0.4536435 0.7952907 -0.3335761 0.360813 0.8709427 -0.1003677 0.2600435 0.9603665 -0.4164047 -0.4375312 0.7969779 0.1126064 -0.2649485 0.957665 -0.5982015 0.1436809 0.7883597 0.1489697 0.5065715 0.849231 0.6201454 -0.08107054 0.7802866 -0.1769148 0.3661281 0.9135925 -0.1665216 0.3670374 0.9151799 -0.1893498 0.3649843 0.9115554 0.1680927 0.4924641 0.8539462 -0.2237408 0.2323951 0.9465372 -0.2211267 0.2325739 0.9471074 -0.2264759 0.2322062 0.9459329 -0.1851962 0.3165709 0.9303146 -0.2312183 0.3925684 0.8901845 -0.4549326 0.4492167 0.7689219 -0.3014397 0.09062176 0.949169 -0.2940843 0.09460258 0.9510861 -0.2789738 0.1027224 0.9547889 0.3839412 0.05764836 0.9215562 0.3784675 0.06646937 0.923225 0.3653193 0.08735895 0.9267742 -0.4256125 0.3337246 0.8411196 0.3845519 -0.02907556 0.9226453 -0.2542039 0.07678484 0.9640978 0.09396523 -0.1096085 0.9895234 0.3134896 -0.001317083 0.9495908 -0.06949186 -0.1842253 0.9804244 0.03202736 -0.1850576 0.9822056 0.3293956 -0.01078546 0.9441305 0.3289306 -0.01000201 0.9443012 0.3282214 -0.008807957 0.9445598 0.1358321 0.4515928 0.8818241 0.2569075 -0.1097587 0.9601832 0.2562576 -0.1085922 0.9604893 0.2435358 -0.0858913 0.9660813 0.2164781 -0.1989695 0.9557973 -0.2247716 -0.04911762 0.9731727 -0.2806215 0.2725544 0.9203075 -0.1816105 -0.3082377 0.9338133 -0.09570163 -0.1342258 0.9863188 0.26135 -0.1586702 0.9521135 0.5830928 -0.04699921 0.811045 0.4659143 -0.04268938 0.8837995 0.2344651 -0.1579354 0.9592093 -0.08031576 0.5478273 0.8327273 -0.3012994 0.02618455 0.9531701 0.4777875 0.304144 0.8241453 -0.5157072 -0.1133621 0.8492322 -0.2275547 0.5825567 0.7802863 -0.2357026 -0.3313501 0.9135926 -0.2415039 -0.3226792 0.9151799 -0.2287126 -0.3416974 0.9115555 -0.5125528 -0.08980613 0.8539465 -0.09594607 -0.3079963 0.9465372 -0.09736174 -0.3057914 0.9471074 -0.09446316 -0.3103024 0.9459329 -0.1882805 -0.3147465 0.9303146 -0.2327275 -0.3916761 0.8901842 -0.1746556 -0.6150243 0.7689217 0.06572115 -0.3078283 0.9491695 0.05869084 -0.3032992 0.9510863 0.044299 -0.2939668 0.9547886 -0.2353978 0.3087431 0.9215561 -0.2404932 0.2996982 0.9232248 -0.2524706 0.2781159 0.9267741 -0.0875523 -0.533716 0.8411195 -0.159683 0.3510363 0.9226456 0.05510556 -0.259767 0.9640979 0.05081975 0.1351328 0.9895234 -0.1497945 0.2753886 0.9495908 0.1949234 0.02780175 0.9804245 0.14677 0.1171778 0.9822057 -0.1491551 0.2938891 0.9441303 -0.1496178 0.2931041 0.9443011 -0.1503228 0.2919072 0.9445599 -0.4611983 -0.09840005 0.881824 -0.0275073 0.2780137 0.9601833 -0.02821671 0.2768824 0.9604895 -0.04198718 0.2548031 0.966081 0.07014739 0.2855382 0.9557967 0.1512776 -0.1733486 0.9731729 -0.1037544 -0.377186 0.9203074 0.3576005 -0.01074934 0.9338129 0.163722 -0.01924502 0.9863188 0.01322197 0.3054586 0.9521136 -0.2395746 0.5336763 0.8110447 -0.1869286 0.428901 0.8837996 0.0255233 0.2815423 0.9592093 -0.4414654 -0.3341768 0.832727 0.1221299 -0.2766807 0.9531696 -0.4966243 0.2723028 0.8241454 -0.1582996 -0.5037335 0.8492314 -0.618543 0.0925095 0.7802863 0.1701227 -0.3693332 0.9135925 0.1597146 -0.3700503 0.9151798 0.1825764 -0.3684191 0.9115555 -0.1771585 -0.4892757 0.8539463 0.2194105 -0.2364873 0.9465373 0.216794 -0.2366177 0.9471074 0.2221482 -0.2363489 0.9459331 0.1793186 -0.3199373 0.9303145 0.2239298 -0.396772 0.8901839 0.4465589 -0.457542 0.7689216 0.2997138 -0.09617394 0.9491693 0.2922859 -0.1000182 0.9510865 0.2770274 -0.1078574 0.9547894 -0.3849409 -0.05054789 0.921556 -0.3796311 -0.0594685 0.9232246 -0.3668709 -0.08059751 0.9267739 0.4193764 -0.3415281 0.8411196 -0.3839487 0.03617191 0.9226458 0.2527426 -0.08146601 0.9640978 -0.09192448 0.1113254 0.9895234 -0.3134108 0.007106602 0.9495911 0.07288247 0.1829109 0.9804243 -0.02860474 0.1856177 0.9822057 -0.3291407 0.01686698 0.9441303 -0.3286901 0.01607507 0.944301 -0.3280029 0.01486814 0.9445597 -0.1441469 -0.4490075 0.8818243 -0.2548356 0.114485 0.9601833 -0.2542073 0.1133067 0.9604896 -0.2419068 0.09037417 0.9660816 -0.2127683 0.2029337 0.9557968 0.2256402 0.0449568 0.9731729 0.2755397 -0.2776903 0.9203075 0.1872702 0.30483 0.933814 0.09816408 0.1324354 0.9863188 -0.2583745 0.1634696 0.9521137 -0.582125 0.05775982 0.8110452 -0.4650474 0.05128657 0.883799 -0.2315086 0.1622388 0.9592093 0.07018351 -0.5492175 0.8327272 0.3007632 -0.03174412 0.9531704 -0.4833229 -0.2952682 0.8241454 -0.08939164 0.520398 0.8492322 0.592455 0.2003758 0.7802861 -0.3200976 0.250771 0.9135926 -0.3111676 0.256165 0.9151799 -0.330757 0.2442669 0.9115556 -0.06601381 0.5161568 0.8539463 -0.3032308 0.1100841 0.9465372 -0.3009627 0.1113958 0.9471074 -0.305603 0.1087098 0.945933 -0.3057041 0.2026321 0.9303146 -0.3804964 0.2505884 0.8901842 -0.6062908 0.2029054 0.768922 -0.3105382 -0.05141806 0.9491692 -0.3056887 -0.04460448 0.9510862 -0.2957006 -0.03065925 0.9547886 0.3192963 0.220871 0.9215563 0.3104966 0.2263792 0.9232249 0.2894911 0.2393416 0.9267743 -0.5290971 0.112135 0.8411196 0.3580428 0.1432822 0.9226461 -0.2620374 -0.04303622 0.9640977 0.1326382 -0.05701339 0.9895235 0.2820199 0.1369015 0.9495909 0.01875883 -0.1960006 0.9804244 0.1102676 -0.1520316 0.9822055 0.3004709 0.1354072 0.9441304 0.2997083 0.1359058 0.9443012 0.2985454 0.1366654 0.9445598 -0.07697159 0.4652546 0.881824 0.2789885 0.01462322 0.9601832 0.2778912 0.01538419 0.9604895 0.2564716 0.03016149 0.9660812 0.2819917 -0.08327472 0.955796 -0.1801575 -0.1431024 0.9731727 -0.3719857 0.1210833 0.9203073 -0.02727252 -0.3567201 0.9338132 -0.02679336 -0.1626574 0.9863188 0.3045205 -0.02733111 0.9521136 0.544182 0.2146429 0.8110454 0.4370861 0.1668983 0.8837991 0.2800604 -0.03851306 0.9592095 -0.3134085 0.4564437 0.832727 -0.2820308 -0.1092082 0.9531696 0.2949733 0.4835031 0.8241454 0.492677 0.189933 0.849232 0.312912 -0.5415161 0.7802863 0.182966 0.3631421 0.9135925 0.1900099 0.3554465 0.9151798 0.1744938 0.3723155 0.9115554 0.4931148 0.1661728 0.8539464 0.04833865 0.3189526 0.9465373 0.05007034 0.3169867 0.9471074 0.04652518 0.3210084 0.9459329 0.1385951 0.3395681 0.9303145 0.1709157 0.4223271 0.8901841 0.07978391 0.6343454 0.7689216 -0.1114513 0.2943746 0.9491693 -0.1038177 0.2909588 0.9510862 -0.08818137 0.283906 0.9547888 0.2793191 -0.2696576 0.9215561 0.2829902 -0.259947 0.9232249 0.2915711 -0.2368034 0.9267742 0.005956709 0.5408164 0.8411196 0.2108591 -0.3228986 0.9226457 -0.09369826 0.2484678 0.9640978 -0.02983212 -0.1412571 0.9895235 0.1896606 -0.249612 0.9495909 -0.1884903 -0.05691623 0.9804244 -0.1273957 -0.1379972 0.9822052 0.1918226 -0.2679962 0.9441304 0.1921616 -0.2671504 0.9443011 0.1926779 -0.2658607 0.9445599 0.4410516 0.1669139 0.881824 0.06917172 -0.270672 0.9601834 0.06970214 -0.2694465 0.9604896 0.07998061 -0.2455406 0.9660812 -0.02622759 -0.292856 0.9557968 -0.1757193 0.1485165 0.973173 0.04561007 0.3885285 0.9203073 -0.3551211 -0.04337191 0.9338137 -0.1647516 -0.005697667 0.9863187 0.03305345 -0.3039521 0.9521138 0.3174127 -0.4913808 0.8110451 0.2495505 -0.395757 0.8837992 0.01728242 -0.2821681 0.9592094 0.3859414 0.3970069 0.8327274 -0.162508 0.2550647 0.9531701 0.5320479 -0.1941897 0.8241453 0.03715473 -0.5267127 0.8492311 -0.609459 -0.1404032 0.7802864 0.2935441 -0.2813904 0.9135925 0.2841215 -0.2858688 0.9151799 0.3047983 -0.2759798 0.9115554 0.01429659 -0.5201649 0.8539462 0.2907653 -0.1397233 0.9465374 0.288378 -0.1408028 0.9471076 0.2932626 -0.1385919 0.9459331 0.2840146 -0.2320576 0.9303145 0.3536612 -0.2872213 0.8901841 0.5830808 -0.2622522 0.7689217 0.314114 0.02024984 0.9491694 0.30861 0.01395291 0.9510864 0.2972824 0.001071274 0.9547891 -0.3396981 -0.1879887 0.921556 -0.3314905 -0.1943455 0.9232248 -0.3118796 -0.2093346 0.926774 0.5153061 -0.1642487 0.8411196 -0.3705285 -0.1069281 0.9226457 0.2650197 0.01673686 0.9640978 -0.1263029 0.06993424 0.9895235 -0.294247 -0.108147 0.949591 8.46836e-4 0.1968944 0.9804244 -0.09458416 0.162253 0.9822057 -0.3124572 -0.1048239 0.9441307 -0.3117485 -0.1053957 0.9443012 -0.3106678 -0.1062671 0.9445596 0.03026986 -0.4706059 0.8818243 -0.279058 0.01322269 0.9601833 -0.278042 0.01235628 0.9604895 -0.2582013 -0.004479527 0.9660809 -0.272298 0.1109317 0.955797 0.1935077 0.1244561 0.9731729 0.3580837 -0.1575125 0.9203075 0.06264597 0.352232 0.9338137 0.04285335 0.1591821 0.9863188 -0.300287 0.05750983 0.9521137 -0.5628468 -0.1594048 0.8110447 -0.4515288 -0.1225586 0.8837993 -0.2748371 0.06620168 0.9592091 0.2664128 -0.4853757 0.8327273 0.2915008 0.0805906 0.9531697 -0.3416397 -0.4517374 0.8241454 -0.4841063 0.210827 0.8492309 0.1575887 0.6052429 0.7802864 -0.3852926 -0.1299928 0.9135927 -0.3849017 -0.1195675 0.9151799 -0.3857046 -0.142473 0.9115555 -0.4677274 0.2280494 0.8539465 -0.2584239 -0.1930921 0.9465372 -0.2582763 -0.1904761 0.9471074 -0.2585765 -0.1958294 0.945933 -0.3371508 -0.1443757 0.9303145 -0.4182831 -0.1805867 0.8901841 -0.5023223 -0.3955146 0.7689217 -0.1274172 -0.2878234 0.9491694 -0.1304522 -0.2800301 0.9510865 -0.1366294 -0.264027 0.9547891 -0.009437203 0.3881305 0.9215562 -0.01887077 0.3837966 0.9232249 -0.04123407 0.3733492 0.9267742 -0.3840794 -0.3807896 0.8411197 0.07668834 0.3779472 0.9226456 -0.1078113 -0.2426771 0.9640979 0.1204468 0.07959944 0.9895234 0.04030603 0.3108894 0.9495912 0.1741495 -0.09186983 0.9804244 0.1876034 0.008756399 0.9822059 0.0516799 0.3254954 0.9441303 0.05084425 0.3251313 0.9443011 0.04957056 0.324576 0.9445598 -0.4311867 0.1909555 0.8818243 0.1408663 0.241257 0.9601832 0.1396281 0.2407573 0.9604895 0.1155213 0.2309593 0.9660811 0.2243534 0.1900466 0.955797 0.02077484 -0.2291356 0.9731728 -0.3053473 -0.2445346 0.9203076 0.283251 -0.2185438 0.9338135 0.121277 -0.1116566 0.9863188 0.1899501 0.2395797 0.9521137 0.1191726 0.5727165 0.8110449 0.1003193 0.4569842 0.8837995 0.1858773 0.212996 0.9592093 -0.5535635 -0.01153975 0.832727 -0.06346422 -0.2957022 0.9531698 -0.2423435 0.5119123 0.8241453 0.354115 -0.3916741 0.8492314 -0.3931157 -0.4864287 0.7802866 0.4046158 -0.04042971 0.9135927 0.3999615 -0.04976648 0.9151799 0.4101367 -0.02922946 0.9115557 0.3320944 -0.4006113 0.8539461 0.3150488 0.06936573 0.9465372 0.3138357 0.06704348 0.9471074 0.3163164 0.07179647 0.945933 0.3666853 -0.007476985 0.930315 0.4555325 -0.00793904 0.8901838 0.6207121 0.1532204 0.7689213 0.234755 0.2096847 0.9491694 0.2343071 0.2013334 0.9510864 0.2333374 0.1842072 0.9547887 -0.1514319 -0.3574953 0.9215561 -0.1410503 -0.3574364 0.9232248 -0.1163683 -0.3571388 0.9267742 0.5069166 0.1885576 0.8411192 -0.2256983 -0.3127079 0.9226452 0.1982787 0.1766384 0.9640978 -0.1425512 -0.02285736 0.9895235 -0.1649021 -0.2666164 0.9495911 -0.1207786 0.1555012 0.9804244 -0.1745257 0.06937259 0.9822058 -0.1812867 -0.2752331 0.9441303 -0.1803755 -0.2752457 0.944301 -0.1789864 -0.2752646 0.9445598 0.3140952 -0.3517515 0.8818249 -0.2278075 -0.1617152 0.9601834 -0.2264732 -0.1617704 0.9604896 -0.2004694 -0.1627838 0.9660816 -0.2827513 -0.08063858 0.9557977 0.07554787 0.2173177 0.973173 0.3790087 0.09688526 0.9203075 -0.1679475 0.3158878 0.9338141 -0.06445294 0.1517274 0.9863188 -0.2718339 -0.1399495 0.9521137 -0.3447065 -0.4726346 0.8110451 -0.2798136 -0.3749715 0.8837991 -0.2571622 -0.1174104 0.9592093 0.509079 -0.2177251 0.8327271 0.1797349 0.2432305 0.9531707 0.009719431 -0.5662952 0.8241452 -0.3682925 -0.3783768 0.8492301 -0.5105127 0.3612892 0.7802864 -0.01453894 -0.4063711 0.9135926 -0.02415382 -0.4023216 0.9151797 -0.00300914 -0.4111664 0.9115554 -0.3786133 -0.3569702 0.8539463 0.08931964 -0.309983 0.9465371 0.08692443 -0.3089203 0.9471074 0.09182667 -0.3110933 0.9459329 0.01592695 -0.366417 0.9303144 0.02113324 -0.455111 0.890184 0.1925001 -0.6096745 0.7689219 0.2242307 -0.2209031 0.9491693 0.2158697 -0.2209883 0.9510859 0.1987206 -0.2211118 0.9547879 -0.3664265 0.1283206 0.9215561 -0.3657058 0.1179643 0.9232246 -0.363835 0.09335213 0.9267738 0.220507 -0.4938569 0.8411196 -0.3264655 0.2052925 0.9226458 0.1889257 -0.1866089 0.9640977 -0.03190326 0.1408039 0.9895234 -0.276592 0.1475613 0.9495908 0.1474813 0.130452 0.9804242 0.0580995 0.1785969 0.9822056 -0.286236 0.1633619 0.9441303 -0.2861904 0.162452 0.9443011 -0.2861204 0.1610649 0.9445598 -0.3309997 -0.3358942 0.8818244 -0.1759171 0.2170284 0.9601833 -0.1758871 0.2156935 0.9604895 -0.1752402 0.1896797 0.9660811 -0.09851294 0.2770346 0.9557966 0.2216917 -0.06153535 0.9731733 0.1208633 -0.3720568 0.9203075 0.3045355 0.1877535 0.933813 0.147308 0.07399952 0.9863187 -0.1570024 0.2623537 0.9521139 -0.4936598 0.3138583 0.8110445 -0.392055 0.255326 0.8837995 -0.1335743 0.2491492 0.9592094 -0.1848097 -0.5219299 0.8327273 0.2541996 -0.1638603 0.9531697 -0.5645223 -0.04582095 0.824145 -0.3339341 0.4090163 0.8492313 0.4171228 0.4660056 0.7802867 -0.4020653 0.06076312 0.9135925 -0.3969461 0.06985354 0.9151799 -0.408144 0.04985529 0.9115553 -0.3114895 0.4168332 0.8539464 -0.3181446 -0.05340534 0.9465368 -0.3168159 -0.0511471 0.947107 -0.3195334 -0.0557692 0.9459325 -0.3658442 0.02594143 0.9303145 -0.4545532 0.03087913 0.8901842 -0.6276426 -0.1217541 0.7689217 -0.2450204 -0.1975914 0.9491695 -0.244152 -0.1892736 0.9510864 -0.2423198 -0.1722187 0.9547889 0.1692496 0.3494122 0.9215562 0.1588785 0.3498764 0.9232249 0.1342132 0.3508225 0.9267743 -0.5157716 -0.1627797 0.8411198 0.2411665 0.3009397 0.9226452 -0.2069277 -0.1664245 0.9640974 0.1435225 0.01564723 0.9895234 0.1781258 0.2579706 0.9495907 0.1127917 -0.1613881 0.9804244 0.1708104 -0.07807743 0.9822056 0.194923 0.2657505 0.9441302 0.1940141 0.2658089 0.944301 0.1926286 0.2658976 0.9445595 -0.2959737 0.367129 0.8818253 0.2356656 0.1500329 0.9601833 0.2343358 0.1501554 0.9604895 0.2084165 0.1524776 0.9660813 0.2864586 0.06629031 0.9557966 -0.08640384 -0.2132356 0.9731726 -0.3834064 -0.07766777 0.9203084 0.1518155 -0.3239519 0.9338133 0.05672484 -0.1547819 0.9863189 0.2785401 0.1260774 0.9521134 0.3680814 0.4546678 0.8110445 0.2983489 0.3603981 0.8837993 0.2627493 0.1043043 0.9592099 -0.4974642 0.2430956 0.8327268 -0.1917633 -0.2338666 0.9531702 0.01882243 0.5660655 0.8241454 0.5251801 -0.05472576 0.8492296 0.03262192 -0.6245709 0.7802867 0.3280184 0.2403178 0.9135926 0.3307954 0.2302615 0.9151799 0.3246408 0.2523395 0.9115554 0.5147672 -0.07609128 0.8539467 0.188014 0.2621407 0.9465374 0.1886635 0.259602 0.9471077 0.1873326 0.2647965 0.9459331 0.2777807 0.2394846 0.9303145 0.3441811 0.2985139 0.8901848 0.359364 0.528788 0.7689218 0.03451055 0.3128675 0.9491696 0.0397576 0.3063557 0.9510866 0.05047976 0.2929677 0.9547888 0.1262534 -0.3671437 0.9215561 0.1339365 -0.3601623 0.9232249 0.1520979 -0.3434468 0.9267743 0.251095 0.4790298 0.8411194 0.04107618 -0.3834558 0.9226453 0.02945971 0.263909 0.9640976 -0.09077095 -0.1122683 0.9895234 0.05549967 -0.3085406 0.9495908 -0.1937664 0.03496521 0.9804244 -0.1761928 -0.06502342 0.9822057 0.04906845 -0.3258985 0.9441305 0.04975426 -0.3252992 0.9443013 0.05079942 -0.3243852 0.9445601 0.4687295 -0.05176943 0.8818235 -0.06139868 -0.2725399 0.9601835 -0.06036925 -0.2716895 0.9604898 -0.04034876 -0.2550674 0.9660812 -0.1564577 -0.2489455 0.9557967 -0.08902567 0.2121536 0.9731729 0.2172042 0.3253563 0.9203073 -0.336035 0.1227601 0.933815 -0.1493423 0.06980031 0.9863188 -0.1086969 -0.2857708 0.9521135 0.05941641 -0.5819584 0.8110451 0.04242682 -0.4659388 0.8837993 -0.112843 -0.2591971 0.9592098 0.5242107 0.1782353 0.8327277 -0.0288338 0.301058 0.9531699 0.3856707 -0.4147796 0.8241457 0.5012927 0.1658561 0.8492335 0.2863302 -0.5560293 0.7802861 0.2003315 0.3538588 0.9135925 0.2069953 0.3458312 0.9151797 0.1923125 0.3634315 0.9115555 0.5005821 0.1421066 0.8539458 0.06372123 0.3162383 0.9465374 0.06535637 0.3141907 0.9471076 0.06200891 0.3183796 0.9459331 0.1548712 0.3324605 0.9303144 0.1911592 0.413558 0.8901843 0.1103993 0.6297394 0.7689215 -0.0970664 0.299425 0.9491696 -0.08960729 0.2956432 0.9510865 -0.07433152 0.2878411 0.9547892 0.2659369 -0.2828633 0.9215564 0.2700739 -0.273342 0.923225 0.2797656 -0.2506412 0.9267741 0.03213042 0.5398938 0.8411197 0.194979 -0.3327276 0.922646 -0.08156025 0.2527121 0.9640978 -0.03663468 -0.1396465 0.9895236 0.1773551 -0.2585001 0.9495909 -0.191024 -0.04772394 0.9804246 -0.1339243 -0.1316687 0.9822056 0.178624 -0.2769688 0.9441302 0.1790035 -0.2761405 0.944301 0.1795816 -0.2748776 0.9445596 0.4486152 0.1453669 0.8818236 0.05598771 -0.2737035 0.9601832 0.05657684 -0.2725052 0.9604895 0.06800091 -0.2491244 0.9660813 -0.04037278 -0.2912434 0.9557968 -0.1683177 0.1568508 0.9731737 0.06436425 0.3858642 0.9203077 -0.3568067 -0.02612948 0.9338128 -0.1648333 0.002284467 0.9863189 0.01829892 -0.3051965 0.9521136 0.2932522 -0.5061713 0.811045 0.2300994 -0.4073737 0.8837992 0.003601312 -0.282673 0.9592096 0.4047079 0.3778578 0.8327275 -0.1499783 0.262632 0.953169 0.5220237 -0.2197183 0.8241452 0.04202914 -0.5263449 0.8492318 -0.6081318 -0.1460428 0.7802867 0.2961388 -0.2786593 0.9135923 0.286758 -0.2832247 0.9151797 0.3073425 -0.2731447 0.9115551 0.01912242 -0.5200096 0.8539465 0.2920475 -0.1370235 0.9465373 0.2896702 -0.1381253 0.9471075 0.2945342 -0.1358689 0.9459331 0.2861509 -0.2294168 0.9303148 0.3563061 -0.283933 0.8901844 0.5854855 -0.2568396 0.7689215 0.3139132 0.02315783 0.9491693 0.3084679 0.01681053 0.9510862 0.2972605 0.003825247 0.9547888 -0.337942 -0.1911271 0.9215562 -0.3296757 -0.1974077 0.9232249 -0.3099266 -0.2122147 0.9267743 0.516806 -0.1594679 0.8411192 -0.3695238 -0.1103565 0.9226449 0.2648518 0.0191909 0.9640982 -0.1269467 0.06876134 0.9895234 -0.2932321 -0.1108678 0.9495911 -9.79626e-4 0.1968939 0.9804243 -0.09608507 0.1613695 0.9822055 -0.3114728 -0.107714 0.9441305 -0.3107579 -0.1082795 0.9443014 -0.3096676 -0.1091412 0.9445604 0.03463327 -0.4703052 0.881824 -0.2791683 0.01063728 0.9601833 -0.2781442 0.009780287 0.9604896 -0.2581464 -0.006871342 0.9660815 -0.273315 0.1084052 0.9557966 0.1923502 0.1262419 0.9731724 0.3595275 -0.1541877 0.9203076 0.05938011 0.3528009 0.9338124 0.04137665 0.1595723 0.9863188 -0.3008067 0.05472511 0.9521138 -0.5613468 -0.1646118 0.8110442 -0.4503735 -0.1267361 0.8837996 -0.2754389 0.06365227 0.959209 0.2708983 -0.4828867 0.8327273 0.2907423 0.08328747 0.9531695 -0.3374413 -0.4548828 0.8241451 -0.3945741 0.3508788 0.8492323 0.3379365 0.5262631 0.780286 -0.4066132 -0.003773689 0.9135926 -0.4030008 0.006013572 0.91518 -0.4108847 -0.01550751 0.9115554 -0.3736533 0.3621558 0.8539476 -0.305647 -0.1031867 0.9465371 -0.3046935 -0.1007465 0.9471073 -0.3066428 -0.1057407 0.945933 -0.3653276 -0.03241026 0.9303147 -0.4536985 -0.04160404 0.8901836 -0.6003888 -0.2197573 0.7689213 -0.210583 -0.2339496 0.9491694 -0.2110445 -0.2255991 0.9510865 -0.2119399 -0.2084687 0.9547891 0.1116919 0.3718329 0.9215559 0.1013785 0.3706464 0.9232246 0.07687544 0.3676689 0.9267739 -0.4834263 -0.2425208 0.8411199 0.1903827 0.3353797 0.9226456 -0.1779139 -0.1971362 0.9640976 0.1392244 0.03821104 0.9895234 0.1349574 0.2829551 0.9495911 0.1369603 -0.1414572 0.9804244 0.1810317 -0.04999935 0.9822055 0.1503082 0.2933015 0.9441302 0.1494011 0.2932152 0.944301 0.1480183 0.2930832 0.9445596 -0.3504575 0.3155399 0.8818243 0.2088868 0.185512 0.9601832 0.2075543 0.185422 0.9604894 0.1815939 0.1836041 0.9660815 0.2723197 0.110883 0.9557965 -0.051485 -0.2242404 0.973173 -0.3662401 -0.1374933 0.9203064 0.2012798 -0.2957722 0.9338122 0.08055591 -0.143826 0.9863188 0.255018 0.1686577 0.9521137 0.2913106 0.507291 0.811045 0.2374123 0.4031544 0.8837997 0.24288 0.1446568 0.95921 -0.5297228 0.1611212 0.8327267 -0.1522402 -0.2613205 0.9531708 -0.07119333 0.5618863 0.8241453 0.2656251 0.4563398 0.8492333 0.5828428 -0.2268208 0.7802863 -0.0843603 0.3977839 0.9135925 -0.07405185 0.3961849 0.9151797 -0.09670716 0.3996427 0.9115555 0.2808356 0.4380733 0.8539456 -0.1617695 0.279102 0.9465372 -0.1591879 0.2786514 0.9471076 -0.164471 0.2795716 0.9459329 -0.1042388 0.3516383 0.9303144 -0.1307791 0.436427 0.8901844 -0.3344927 0.5448614 0.7689218 -0.2710739 0.159987 0.9491697 -0.2629812 0.162096 0.9510866 -0.2463697 0.1663721 0.9547892 0.3866001 -0.03570806 0.9215559 0.3833913 -0.02583521 0.9232246 0.3756123 -0.002410411 0.9267738 -0.3336018 0.4257089 0.8411195 0.3664792 -0.120067 0.9226468 -0.2285121 0.1352679 0.9640979 0.06507188 -0.1288766 0.9895235 0.3041041 -0.07614266 0.9495909 -0.1114742 -0.1622997 0.9804247 -0.01309257 -0.1873509 0.9822058 0.3172898 -0.0891366 0.9441303 0.3170258 -0.08826464 0.9443008 0.316623 -0.08693546 0.9445592 0.2397506 0.4060887 0.8818229 0.2232614 -0.1679348 0.9601835 0.2229089 -0.1666468 0.9604897 0.215977 -0.1415638 0.9660816 0.1627017 -0.2449121 0.9557962 -0.2299984 0.005981922 0.9731726 -0.2074149 0.3316833 0.9203072 -0.2499639 -0.2559491 0.9338138 -0.1249854 -0.1074888 0.9863188 0.2158935 -0.2164924 0.952114 0.5549986 -0.1848869 0.8110446 0.4422399 -0.1527187 0.883799 0.189968 -0.2093588 0.9592086 0.05283367 0.5511569 0.8327273 -0.2863314 0.09737807 0.9531694 0.5365957 0.1812444 0.8241454 -0.4787665 -0.2226788 0.8492331 -0.3486759 0.51921 0.780286 -0.1580902 -0.3746413 0.9135926 -0.1656364 -0.3674376 0.9151799 -0.1490195 -0.3832231 0.9115555 -0.480806 -0.1990112 0.853944 -0.02674478 -0.3214845 0.9465371 -0.02860432 -0.3196397 0.9471074 -0.02479773 -0.3234134 0.9459329 -0.1154074 -0.3481317 0.9303148 -0.1420813 -0.4328801 0.8901841 -0.03687494 -0.6382786 0.7689218 0.1310216 -0.2861993 0.9491699 0.1231744 -0.283305 0.951087 0.1070973 -0.2773206 0.9547898 -0.2968471 0.2502315 0.9215564 -0.2998563 0.2402956 0.923225 -0.3068597 0.2166265 0.926774 0.03048419 -0.5399894 0.8411195 -0.2321293 0.3079633 0.9226455 0.1102232 -0.2415932 0.9640973 0.02024918 0.1429457 0.9895235 -0.206043 0.2362698 0.9495909 0.1842278 0.06948339 0.9804245 0.1178059 0.1462653 0.9822059 -0.2094384 0.2544674 0.9441303 -0.2097194 0.2536006 0.9443011 -0.2101473 0.2522792 0.9445599 -0.4288077 -0.1962438 0.8818234 -0.08724725 0.2653979 0.9601833 -0.08769392 0.2641394 0.9604895 -0.09633958 0.2395948 0.9660813 0.006440937 0.2939581 0.9557966 0.1853265 -0.1363459 0.9731721 -0.01933485 -0.3907185 0.9203072 0.3513944 0.06719231 0.9338133 0.1639924 0.01678073 0.9863189 -0.05345213 0.3010358 0.9521136 -0.3497896 0.4688847 0.8110452 -0.2756403 0.3780496 0.8837993 -0.03624761 0.280362 0.9592097 -0.358324 -0.422101 0.8327273 0.1793261 -0.2435376 0.9531692 -0.5439198 0.1579118 0.8241451 0.7728408 -0.02389848 0.6341499 0.3443734 -0.6453737 0.6818357 0.5781103 0.2428793 0.7789725 0.5822491 0.2331733 0.7788557 0.5730633 0.2544806 0.7789981 0.7667069 -0.04651987 0.6403098 0.4546627 0.2465904 0.8558475 0.4557133 0.2441273 0.855995 0.4535592 0.2491674 0.8556866 0.5362613 0.2354305 0.8105531 0.5799423 0.3034327 0.7560395 0.5320547 0.5383086 0.6535609 0.3058545 0.2785177 0.910429 0.3120669 0.27261 0.9101089 0.3247008 0.260465 0.9092455 0.451954 -0.3841658 0.8050803 0.4590207 -0.3763866 0.8047566 0.4755766 -0.3577719 0.8036332 0.4583202 0.473294 0.7522869 0.3737451 -0.4105453 0.8317254 0.3108289 0.2287755 0.9225222 0.2437281 -0.1597437 0.9565974 0.3884259 -0.3355205 0.8582257 0.1289736 -0.02560096 0.9913176 0.15618 -0.1227765 0.9800683 0.3823685 -0.3533024 0.8537985 0.383009 -0.3526326 0.8537883 0.3839846 -0.3516111 0.8537714 0.7298595 -0.02893561 0.6829845 0.2781241 -0.3141415 0.9077236 0.279106 -0.3131867 0.9077522 0.2980769 -0.2945203 0.9079692 0.1848294 -0.3018985 0.9352516 0.2074 0.1629585 0.9645879 0.4673451 0.3137837 0.8265158 -0.0288341 0.04631316 0.9985108 0.1691839 0.01403307 0.9854846 0.2323323 -0.3325999 0.9140017 0.3751869 -0.6010684 0.705657 0.3708561 -0.490746 0.7884379 0.228027 -0.3070009 0.9239882 0.7431324 0.2077411 0.63608 0.2486845 0.2590984 0.9332868 0.6697369 -0.3968054 0.6276926 -0.09490108 0.7807387 0.6176091 0.5846834 0.4533212 0.6727891 -0.3289225 0.5506749 0.7671813 -0.3199623 0.5562444 0.7669526 -0.339617 0.5439167 0.7673429 -0.07161653 0.7782651 0.6238385 -0.313794 0.4297728 0.8466573 -0.3115211 0.4311901 0.8467762 -0.3161713 0.4282857 0.8465265 -0.315193 0.5111362 0.7996206 -0.3890309 0.5427477 0.7443655 -0.6137554 0.4573848 0.6435087 -0.32266 0.279026 0.904453 -0.3177698 0.2860605 0.9039866 -0.3076957 0.3003817 0.9028257 0.3100132 0.5223456 0.7943846 0.3012462 0.5281329 0.793931 0.2803221 0.5416237 0.7925044 -0.5383173 0.39656 0.7436093 0.3480082 0.4496669 0.8226118 -0.2742713 0.2917984 0.9163128 0.1199147 0.2855602 0.950829 0.2716006 0.4532799 0.8489822 0.004848539 0.1524302 0.9883024 0.09672701 0.1939104 0.976239 0.2901036 0.4499158 0.8446394 0.2893433 0.4504462 0.8446174 0.2881841 0.4512539 0.8445827 -0.08339953 0.7400793 0.6673284 0.2672828 0.3420855 0.9008537 0.266189 0.3429105 0.9008639 0.2448412 0.358809 0.900727 0.2694123 0.2486225 0.9303784 -0.1934567 0.2005521 0.9603923 -0.3821153 0.4314187 0.8172307 -0.04212641 -0.01430368 0.99901 -0.04046076 0.1859807 0.98172 0.292515 0.2997924 0.9080526 0.5361699 0.4775075 0.6960664 0.4277421 0.4581419 0.7791937 0.267867 0.2918399 0.9181922 -0.3192952 0.7160496 0.6207444 -0.2947542 0.2259928 0.928465 0.2893742 0.7356817 0.612401 0.7913823 -0.007326364 0.6112778 0.3792781 -0.6389074 0.6692874 0.5947242 0.254364 0.7626284 0.5990861 0.2447588 0.7623576 0.5894073 0.2658427 0.7628413 0.7859696 -0.03009945 0.6175321 0.4735226 0.2549378 0.8430796 0.4746344 0.2525001 0.843188 0.4723548 0.257488 0.8429597 0.5540041 0.2458379 0.7953888 0.594455 0.3150078 0.7398605 0.5380671 0.5489624 0.6396282 0.3256586 0.2831817 0.9020836 0.3319981 0.277423 0.9015619 0.3448874 0.2655819 0.9002882 0.4842187 -0.3755632 0.7902435 0.491087 -0.367618 0.7897409 0.5071581 -0.3486138 0.7881999 0.4688001 0.4819486 0.7402378 0.4074645 -0.4038624 0.8190654 0.3321608 0.2335392 0.9138538 0.2752695 -0.1565552 0.9485343 0.4211403 -0.3285846 0.8453834 0.1584442 -0.02526384 0.9870448 0.1875939 -0.1217402 0.9746732 0.4153779 -0.346491 0.8410739 0.416002 -0.3458063 0.8410473 0.4169524 -0.3447623 0.8410052 0.7499782 -0.01351052 0.6613246 0.3118581 -0.3099589 0.8981481 0.3128175 -0.3089811 0.8981513 0.3313395 -0.2898708 0.8978804 0.2191383 -0.300005 0.9284263 0.231581 0.1651707 0.9586913 0.4837546 0.3224943 0.8136208 -7.12282e-4 0.04287004 0.9990805 0.1975185 0.01532745 0.9801794 0.2667156 -0.3295161 0.9056942 0.4097207 -0.5939499 0.692353 0.405209 -0.4839881 0.7756038 0.2620987 -0.3040543 0.9158904 0.7562859 0.2235385 0.6148677 0.2696557 0.2623481 0.9265308 0.6969659 -0.3825514 0.6065419 -0.7719562 0.1955596 0.6048472 -0.2228666 0.7121563 0.6657056 -0.6438109 -0.1047602 0.7579795 -0.6457798 -0.0943976 0.7576658 -0.6413558 -0.1171689 0.7582442 -0.7613757 0.2164228 0.6111204 -0.5267921 -0.1337164 0.8394106 -0.5272983 -0.1310857 0.8395078 -0.526258 -0.1364697 0.8393025 -0.6024808 -0.106001 0.7910631 -0.657691 -0.1638135 0.7352603 -0.6573562 -0.4047333 0.6356681 -0.3902348 -0.1959118 0.8996307 -0.3950312 -0.1888206 0.8990536 -0.4047499 -0.1742744 0.8976669 -0.3879346 0.4813499 0.7860083 -0.3964801 0.4752496 0.7854563 -0.4165703 0.4605725 0.7837999 -0.5750047 -0.3556979 0.7367827 -0.3068932 0.4908057 0.8154302 -0.3849213 -0.1461046 0.9113118 -0.2378165 0.2196244 0.9461545 -0.3381566 0.4209533 0.8416939 -0.1555858 0.06456696 0.98571 -0.1610435 0.165165 0.9730291 -0.3282946 0.4369843 0.8374171 -0.3290621 0.4364659 0.8373863 -0.3302313 0.435675 0.8373379 -0.7306554 0.1919229 0.6552163 -0.2367711 0.3772009 0.8953542 -0.2379344 0.3764773 0.8953503 -0.2604441 0.3622792 0.8949429 -0.1492591 0.345723 0.9263894 -0.2713899 -0.1032925 0.9569109 -0.5524579 -0.1970253 0.8099206 -0.01708549 -0.03917562 0.9990863 -0.2030858 0.03433418 0.9785588 -0.1883456 0.385565 0.9032528 -0.2632369 0.6757182 0.6885574 -0.2854532 0.5680192 0.7719267 -0.1899511 0.3597635 0.9135037 -0.7923866 -0.03706026 0.6088925 -0.3310939 -0.1888217 0.9245125 -0.5915998 0.5378732 0.6005848 -0.5554836 -0.5478759 0.6255159 -0.7107531 0.190579 0.6771335 -0.229236 -0.5917543 0.7728375 -0.23912 -0.5880605 0.772662 -0.217352 -0.5960962 0.7729344 -0.5676918 -0.5278864 0.6317136 -0.1421151 -0.5054374 0.8510795 -0.1446245 -0.5045017 0.8512119 -0.1394868 -0.5064132 0.8509343 -0.2060571 -0.5565296 0.8048698 -0.1864348 -0.6346611 0.7499648 0.01760023 -0.7611562 0.6483299 -0.01687407 -0.42004 0.9073488 -0.02543526 -0.4204658 0.9069519 -0.04293859 -0.4212403 0.9059322 -0.5967435 -0.0682953 0.7995206 -0.5959762 -0.07877445 0.799129 -0.5938934 -0.1035907 0.7978469 0.02048075 -0.6636286 0.7477818 -0.5621713 0.006353259 0.8269965 -0.05644941 -0.3894413 0.9193199 -0.2919388 -0.07324695 0.9536282 -0.51817 -0.05618953 0.8534299 -0.115961 -0.08284056 0.9897932 -0.2050054 -0.03547883 0.9781177 -0.5268388 -0.0395115 0.8490464 -0.5267949 -0.0404374 0.8490301 -0.526727 -0.04184848 0.8490037 -0.5299184 -0.5136202 0.6748191 -0.4270755 0.008620858 0.904175 -0.4270607 0.007251024 0.9041939 -0.4266164 -0.01936227 0.9042254 -0.3541343 0.06756627 0.9327507 -0.03319662 -0.269443 0.962444 -0.1019312 -0.560737 0.8216959 0.0448383 -0.01816391 0.9988292 -0.1149126 -0.1392486 0.9835675 -0.4089372 0.05447292 0.9109353 -0.7001007 0.1375465 0.700671 -0.6179089 0.06403988 0.7836375 -0.387506 0.03987318 0.9210045 -0.367216 -0.6860532 0.6280792 0.008265018 -0.3653993 0.9308143 -0.7544965 -0.2160778 0.6197142 -0.4129946 -0.6851804 0.5999695 -0.7485655 -0.01026886 0.6629814 -0.08897852 -0.6503008 0.7544481 -0.09946542 -0.6491811 0.7541025 -0.07639223 -0.6515476 0.7547516 -0.4299173 -0.6690333 0.6062719 -0.02765434 -0.5470966 0.8366127 -0.0303201 -0.5468192 0.8367015 -0.02486318 -0.5473826 0.8365131 -0.07593739 -0.6112679 0.7877722 -0.03639739 -0.6805821 0.7317672 0.194641 -0.7495713 0.6326593 0.07122033 -0.4347136 0.8977483 0.06304615 -0.4372472 0.8971289 0.046314 -0.4423286 0.8956564 -0.575915 -0.2357251 0.7827872 -0.5725502 -0.2456694 0.7821974 -0.5643178 -0.2691438 0.7804531 0.1712066 -0.6570469 0.734151 -0.5615896 -0.1555684 0.8126597 0.02504593 -0.4152579 0.9093589 -0.2825 -0.1686737 0.9443214 -0.5038872 -0.2058573 0.8388806 -0.1104133 -0.1350939 0.9846617 -0.2082409 -0.1111057 0.9717465 -0.5163592 -0.1917546 0.8346278 -0.5160852 -0.1926398 0.8345934 -0.5156667 -0.1939886 0.8345395 -0.3977274 -0.6469484 0.6505927 -0.43283 -0.1217631 0.8932145 -0.4324743 -0.1230859 0.8932055 -0.4254034 -0.1487394 0.8926973 -0.3774648 -0.04728436 0.924816 0.01680153 -0.294422 0.9555279 0.02560669 -0.5898572 0.8071016 0.02896201 -0.03267687 0.9990463 -0.09520912 -0.1892809 0.9772962 -0.4268367 -0.07303345 0.9013749 -0.7254669 -0.05957943 0.6856735 -0.629127 -0.1124587 0.7691245 -0.4026407 -0.08209675 0.9116691 -0.1962848 -0.7721471 0.6043685 0.08148193 -0.3761738 0.9229595 -0.6883555 -0.4133537 0.5960751 0.699716 0.3885923 0.5994945 0.654585 -0.3637736 0.6627122 0.401467 0.519766 0.7541005 0.4100016 0.5135722 0.7537523 0.3911755 0.527116 0.7544075 0.7063533 0.3661619 0.6057975 0.2969319 0.4608393 0.8363365 0.2991071 0.4592707 0.8364242 0.2946523 0.4624779 0.8362382 0.3707347 0.4924242 0.7874479 0.3709434 0.5722073 0.7314232 0.2049097 0.7470803 0.632363 0.155248 0.4126506 0.897562 0.1635989 0.4107758 0.8969385 0.1806405 0.4068472 0.8954577 0.6172317 -0.0822494 0.7824705 0.6192665 -0.07195073 0.7818773 0.6238183 -0.04749566 0.780125 0.1791993 0.6552025 0.7338919 0.5649031 -0.1446135 0.8123863 0.1856082 0.3727819 0.9091663 0.3294947 0.005789637 0.9441397 0.5399287 -0.0722596 0.8386033 0.1635701 0.06239277 0.9845567 0.2364281 -0.007125675 0.9716229 0.5437175 -0.09070247 0.8343527 0.5439204 -0.08979868 0.8343182 0.5442287 -0.08842104 0.8342643 0.6674628 0.3630567 0.650141 0.4364545 -0.1097744 0.8930045 0.4368051 -0.1084499 0.8929949 0.4434533 -0.08267974 0.8924759 0.351359 -0.1467732 0.9246646 0.1326056 0.2639068 0.9553895 0.2720264 0.5244355 0.8068265 -0.008303582 0.04299682 0.9990408 0.1773685 0.1169476 0.9771714 0.4069899 -0.149044 0.9011911 0.6591275 -0.3095051 0.6853887 0.6019713 -0.2156441 0.7688486 0.3905286 -0.1291279 0.9114898 0.5551211 0.5719403 0.6039247 0.117209 0.3670001 0.9228072 0.8031042 0.01572984 0.595631 -0.03188163 0.8027407 0.5954755 0.6196386 0.4240828 0.6604558 -0.283242 0.5962416 0.7511792 -0.2738671 0.6010736 0.7508046 -0.2944402 0.5903607 0.7515179 -0.008868098 0.7986012 0.6017954 -0.2776598 0.4767863 0.8340144 -0.2752795 0.4780217 0.8340963 -0.2801496 0.4754892 0.8339223 -0.2726567 0.5566586 0.7847226 -0.3438121 0.5924786 0.7285344 -0.5747296 0.5224395 0.6298754 -0.2983973 0.3288866 0.895987 -0.2929604 0.3354969 0.8953301 -0.2817737 0.3489391 0.8937814 0.3514605 0.5180568 0.779803 0.3431808 0.5245064 0.7791792 0.323394 0.5395697 0.7773551 -0.5042374 0.4586361 0.7317088 0.3835961 0.443409 0.810088 -0.2491273 0.3381072 0.9075347 0.1433564 0.301566 0.9426066 0.3077568 0.4538078 0.8362681 0.01812893 0.1790876 0.9836662 0.1130135 0.2127918 0.9705399 0.325929 0.4488666 0.8320391 0.3252148 0.4494546 0.8320012 0.3241256 0.4503501 0.8319421 -0.0235812 0.7626996 0.646323 0.2946888 0.3448005 0.891219 0.293664 0.3457096 0.891205 0.2736473 0.3632417 0.8906025 0.2894298 0.2523193 0.9233447 -0.1757619 0.2419987 0.9542246 -0.3456695 0.4830279 0.8044853 -0.04191237 0.0169627 0.9989774 -0.02437204 0.2159339 0.9761039 0.3164929 0.3008523 0.8996223 0.5732277 0.4526826 0.6829997 0.4637055 0.4443134 0.7665265 0.2913023 0.2951678 0.9099555 -0.2606955 0.7561793 0.6001923 -0.274759 0.2744963 0.9214984 0.3476013 0.7271951 0.5919128 -0.4420629 -0.6795799 0.5854499 -0.7557957 0.005163729 0.6547872 -0.1188153 -0.6576993 0.7438512 -0.1292567 -0.6562264 0.7434109 -0.1062791 -0.6593688 0.7442699 -0.4585275 -0.6629555 0.591813 -0.05501765 -0.5577764 0.8281658 -0.05767673 -0.5574116 0.8282305 -0.05223327 -0.5581541 0.8280917 -0.104851 -0.6196036 0.7778803 -0.06701076 -0.689386 0.7212882 0.1626951 -0.7645984 0.6236343 0.04683965 -0.4496288 0.8919866 0.03859525 -0.4518798 0.8912436 0.02172505 -0.45638 0.8895198 -0.5920451 -0.2276007 0.7730981 -0.5890045 -0.2376419 0.7723988 -0.5815334 -0.2613495 0.7703995 0.1412128 -0.6728066 0.7262164 -0.5753996 -0.1484021 0.8042961 0.001202702 -0.4288154 0.9033913 -0.2983701 -0.1726655 0.9387023 -0.5196833 -0.2009533 0.8303898 -0.1257255 -0.1454088 0.9813508 -0.222579 -0.1179951 0.9677478 -0.5316407 -0.1863812 0.8262084 -0.5313936 -0.1872738 0.8261654 -0.5310162 -0.1886337 0.8260988 -0.4261254 -0.642586 0.6367892 -0.4464859 -0.1200513 0.8867007 -0.4461744 -0.1213852 0.8866759 -0.4399553 -0.1472526 0.8858646 -0.3890328 -0.0479272 0.9199764 -0.003543257 -0.3084627 0.9512299 -0.002892851 -0.6018558 0.7985996 0.01677316 -0.04791688 0.9987106 -0.1122463 -0.1999606 0.9733533 -0.4389901 -0.07167106 0.8956288 -0.7345974 -0.04520541 0.6769958 -0.6409813 -0.1024503 0.7606886 -0.4151982 -0.08168262 0.9060567 -0.2284242 -0.7737504 0.5908746 0.05874043 -0.3918366 0.9181578 -0.7082257 -0.3987027 0.5826257 0.5244984 -0.6120893 0.5918176 -0.2212353 -0.7194271 0.6583918 0.5940043 -0.2947806 0.7485074 0.589647 -0.3043841 0.7481088 0.5991413 -0.2832231 0.7488754 0.5039003 -0.6231414 0.5981465 0.5157527 -0.2048509 0.8318867 0.5146538 -0.2072956 0.8319616 0.5168992 -0.2022898 0.8318018 0.5612355 -0.2704244 0.7822312 0.6391235 -0.2541728 0.7258908 0.7765454 -0.05564218 0.6275997 0.4404551 -0.07621145 0.8945341 0.44029 -0.08476132 0.8938459 0.4398514 -0.1022279 0.8922333 0.04772669 -0.6272429 0.77736 0.05822098 -0.6271637 0.7767086 0.08308243 -0.6266985 0.7748202 0.681949 -0.04969775 0.7297093 -0.02371168 -0.5887387 0.8079756 0.4075513 -0.1140421 0.9060334 0.07711744 -0.3289529 0.9411923 0.04230999 -0.5499474 0.8341271 0.09948527 -0.1553598 0.9828358 0.04593944 -0.2405927 0.9695385 0.02498114 -0.5573246 0.8299188 0.02590602 -0.5573421 0.8298789 0.02731567 -0.5573676 0.8298164 0.4932946 -0.5860149 0.6428428 -0.01490759 -0.4565388 0.8895785 -0.01354056 -0.4566162 0.8895607 0.01302009 -0.4579505 0.8888823 -0.0680623 -0.3808578 0.9221253 0.2905224 -0.08433824 0.9531442 0.5728895 -0.1674541 0.8023446 0.04606658 0.00899738 0.9988979 0.1556588 -0.1578698 0.9751141 -0.05924868 -0.4356254 0.8981761 -0.167034 -0.7131577 0.6808127 -0.08609497 -0.6389698 0.7643986 -0.04298084 -0.4155773 0.9085418 0.6751177 -0.4336584 0.5967885 0.3882275 -0.04830443 0.9202968 0.1799709 -0.7881966 0.5885208 0.8006691 0.1149605 0.5879738 0.4919555 -0.5721508 0.6562189 0.5707715 0.3437323 0.7456997 0.5765421 0.3349068 0.7452763 0.5637691 0.3542631 0.7460979 0.7989885 0.09163844 0.594323 0.4533082 0.3258868 0.8296442 0.454782 0.3236498 0.8297133 0.4517618 0.3282263 0.8295655 0.5328085 0.3291321 0.7796071 0.5605597 0.4035791 0.723116 0.4661266 0.6259717 0.6252083 0.304647 0.3312679 0.8930016 0.3117758 0.326546 0.8922801 0.326284 0.3168138 0.8905998 0.5588344 -0.2956376 0.774792 0.5643893 -0.2867348 0.7741111 0.5773131 -0.2654954 0.7721542 0.4108989 0.5493206 0.7276051 0.4881895 -0.3352981 0.8057582 0.3190099 0.2832257 0.9044424 0.3235291 -0.1109175 0.9396948 0.4909444 -0.2587704 0.8318724 0.1891553 0.001011013 0.9819467 0.2323601 -0.08988106 0.9684681 0.4878679 -0.2773568 0.8276824 0.4883784 -0.276584 0.82764 0.4891556 -0.2754057 0.8275738 0.7621734 0.1025998 0.639191 0.3816831 -0.2570024 0.8878446 0.3824813 -0.2558891 0.8878225 0.3978475 -0.234167 0.8870643 0.2894628 -0.2613035 0.9208321 0.231424 0.2003428 0.9520009 0.4522169 0.3941647 0.8000839 0.02184295 0.04400181 0.9987927 0.2213543 0.04709643 0.9740557 0.3403027 -0.2832229 0.8966488 0.5158167 -0.5230234 0.6785129 0.4969583 -0.4149031 0.7621601 0.3321468 -0.2587504 0.9070428 0.7307667 0.3377437 0.5932195 0.2532245 0.3021461 0.9190132 0.764694 -0.2702995 0.5849626 0.06540071 -0.8072803 0.5865334 -0.6013842 -0.4569295 0.6554027 0.3079 -0.5922012 0.7446444 0.298737 -0.5974164 0.744211 0.3188408 -0.5858618 0.7450548 0.04223018 -0.8041769 0.592888 0.2973282 -0.474011 0.8288001 0.2950037 -0.4753454 0.8288666 0.2997595 -0.4726104 0.8287241 0.2956658 -0.5534712 0.7786214 0.3682637 -0.5856563 0.7220724 0.5960525 -0.5049357 0.6243088 0.3118573 -0.3260793 0.8924222 0.3067054 -0.3329024 0.8916882 0.2960985 -0.3467806 0.8899825 -0.3295186 -0.5409343 0.7738266 -0.3209751 -0.5470256 0.7731353 -0.3005724 -0.5612292 0.7711538 0.5229495 -0.445272 0.7268127 -0.3647662 -0.4680345 0.8049158 0.2630261 -0.3374748 0.9038407 -0.1306508 -0.3177589 0.9391271 -0.2885397 -0.4755465 0.8310237 -0.01065409 -0.1906179 0.9816065 -0.1040434 -0.2281098 0.9680604 -0.3068971 -0.4713236 0.8268424 -0.3061579 -0.471881 0.8267984 -0.3050308 -0.4727301 0.8267301 0.05543476 -0.7681884 0.6378195 -0.2800408 -0.3667076 0.8871881 -0.2789787 -0.3675729 0.8871646 -0.2582433 -0.3842467 0.8863775 -0.278646 -0.2744428 0.9203466 0.1857059 -0.2450414 0.9515609 0.3655514 -0.4770733 0.7992331 0.04255658 -0.02630746 0.9987477 0.03335511 -0.2255651 0.973657 -0.303654 -0.3238077 0.8960709 -0.5538221 -0.4838125 0.6776479 -0.4447441 -0.471804 0.7613171 -0.2787398 -0.3171896 0.9064739 0.292063 -0.7512512 0.5918791 0.2859604 -0.2729979 0.9185309 -0.316917 -0.7476254 0.5836266 -0.7435403 -0.3134689 0.5906649 -0.6187817 0.4295157 0.6577428 -0.4626811 -0.4763583 0.7476691 -0.4705017 -0.4692836 0.7472624 -0.4532366 -0.4847705 0.7480469 -0.7478038 -0.2904754 0.5970038 -0.3533055 -0.429247 0.8312174 -0.3553002 -0.4274556 0.8312904 -0.3512146 -0.4311192 0.8311346 -0.4295486 -0.4525798 0.7814471 -0.4377101 -0.5316901 0.7250626 -0.2903239 -0.7229989 0.6268849 -0.2079359 -0.3967195 0.8940785 -0.2160299 -0.3939589 0.8933799 -0.2325341 -0.3882224 0.8917462 -0.6130387 0.145202 0.7765951 -0.6161581 0.1351822 0.7759349 -0.6232835 0.1113606 0.7740262 -0.2559942 -0.6347492 0.729082 -0.5546523 0.2015039 0.8073147 -0.2339645 -0.353874 0.9055572 -0.3380941 0.02629894 0.9407449 -0.5378423 0.1267982 0.8334555 -0.1796181 -0.0478875 0.9825702 -0.2444763 0.02908772 0.969219 -0.5395897 0.1455543 0.8292508 -0.5398891 0.1446775 0.8292095 -0.5403446 0.143341 0.8291449 -0.7092722 -0.2917046 0.6417489 -0.431526 0.1528276 0.8890609 -0.4320163 0.1515483 0.8890416 -0.4413814 0.1266406 0.8883382 -0.3432786 0.1803935 0.9217473 -0.1700852 -0.2514613 0.9528055 -0.3350433 -0.4950464 0.8016702 -0.006799936 -0.04706346 0.9988688 -0.1990994 -0.1006271 0.9747993 -0.3981146 0.1886878 0.8977203 -0.6293447 0.3759701 0.6801263 -0.5834415 0.2762407 0.7637324 -0.3839873 0.1670944 0.9080933 -0.619457 -0.5112614 0.5957221 -0.1654846 -0.3554883 0.9199146 -0.8063659 0.06833386 0.5874562 -0.5327704 0.6096848 0.5868903 0.2116228 0.7248443 0.655604 -0.5996446 0.2924758 0.7449055 -0.5953829 0.3021197 0.7444748 -0.6046661 0.2808702 0.7453126 -0.5122849 0.6209837 0.5932483 -0.5208014 0.2037475 0.8290072 -0.5197241 0.2062039 0.8290759 -0.5219252 0.2011741 0.8289288 -0.5667554 0.268617 0.7788668 -0.6442655 0.2513083 0.7223338 -0.7793377 0.05092382 0.6245316 -0.4444355 0.07618057 0.8925657 -0.4443543 0.0847299 0.8918352 -0.4440864 0.1021955 0.8901367 -0.05683493 0.6305482 0.7740664 -0.06732368 0.6303605 0.7733778 -0.09216797 0.6296367 0.7714031 -0.6850593 0.04643195 0.7270061 0.01486098 0.5929126 0.8051297 -0.4119521 0.1143985 0.9039959 -0.0838254 0.3327903 0.9392679 -0.05084753 0.5535908 0.8312352 -0.1046024 0.159191 0.9816908 -0.051862 0.2449061 0.9681587 -0.03358203 0.5611241 0.8270502 -0.03450787 0.5611321 0.8270068 -0.03591895 0.5611433 0.8269391 -0.5014817 0.5841838 0.6381579 0.007099211 0.4610384 0.8873518 0.00573045 0.4611019 0.8873287 -0.02086186 0.4621658 0.8865482 0.06088954 0.3860524 0.9204652 -0.2947854 0.08610486 0.9516763 -0.5774495 0.1656342 0.7994483 -0.04958909 -0.004525899 0.9987595 -0.160774 0.1610948 0.9737557 0.05161005 0.4406162 0.8962109 0.1574018 0.718141 0.677863 0.0769006 0.6435546 0.7615273 0.03551793 0.4204577 0.9066168 -0.6815964 0.4297839 0.5922095 -0.3920413 0.04892677 0.9186457 -0.1900076 0.7892346 0.583957 -0.07377308 0.807437 0.5853233 0.5966039 0.4641287 0.6547124 -0.3140369 0.5900939 0.7437541 -0.3049259 0.5954037 0.7433133 -0.3249142 0.5836411 0.7441733 -0.05058294 0.8045836 0.5916813 -0.3022434 0.4721469 0.828086 -0.2999317 0.4735047 0.8281511 -0.3046613 0.4707216 0.8280114 -0.3013989 0.5515439 0.7777904 -0.3743298 0.5828899 0.7211912 -0.6012669 0.4996625 0.6235508 -0.3152406 0.3241628 0.8919316 -0.3101582 0.3310378 0.8911879 -0.2996928 0.3450226 0.8894625 0.3238795 0.545487 0.7730111 0.3152725 0.5514882 0.7723109 0.2947215 0.5654763 0.770309 -0.5275534 0.4409134 0.7261424 0.3598744 0.4730017 0.8042138 -0.266518 0.3360831 0.9033362 0.1273338 0.3205081 0.9386484 0.2835789 0.4797632 0.8303074 0.008662223 0.192193 0.981319 0.1016437 0.230633 0.9677175 0.3019832 0.4757227 0.826132 0.3012393 0.4762721 0.826087 0.300105 0.4771088 0.8260172 -0.06341195 0.7685299 0.6366637 0.2762112 0.3709258 0.8866349 0.275141 0.3717797 0.88661 0.2542479 0.3882321 0.8857956 0.2757825 0.2787097 0.9199267 -0.1882353 0.2445268 0.9511963 -0.3704749 0.4744613 0.7985205 -0.04285144 0.02736204 0.9987067 -0.03571265 0.2266739 0.9733158 0.3002696 0.3282866 0.8955816 0.5487652 0.4905502 0.6769175 0.4398132 0.4775364 0.7606072 0.2754255 0.3214271 0.9059941 -0.2998459 0.7490705 0.5907502 -0.2888099 0.2714059 0.9181109 0.309137 0.7517493 0.5825009 0.7955235 -0.1576906 0.5850437 0.2766259 -0.703586 0.654557 0.6550673 0.134221 0.7435534 0.6575832 0.1239804 0.7431106 0.6519548 0.1464791 0.7439751 0.7862236 -0.1791479 0.5914037 0.5386304 0.1562591 0.8279253 0.5392788 0.1536598 0.8279898 0.5379476 0.1589793 0.8278515 0.6145309 0.1330034 0.7776001 0.6652069 0.1940934 0.7209907 0.64954 0.4353113 0.6233794 0.4004105 0.2105781 0.8918117 0.4055607 0.2037615 0.8910679 0.416001 0.1897732 0.8893421 0.4318462 -0.4650265 0.7728255 0.4400365 -0.4584697 0.7721228 0.4592652 -0.4427175 0.7701147 0.5723729 0.3812139 0.7259926 0.3521515 -0.4790407 0.8040581 0.3980584 0.160483 0.9032137 0.2717159 -0.2128854 0.9385362 0.3802285 -0.4077868 0.8301424 0.1822277 -0.06276834 0.9812509 0.1927697 -0.1628201 0.9676412 0.3711424 -0.4242948 0.8259705 0.3718799 -0.4237356 0.8259258 0.3730034 -0.4228826 0.8258565 0.7552844 -0.1566439 0.6364024 0.2779355 -0.3699347 0.8865102 0.279058 -0.3691492 0.886485 0.3007611 -0.3537515 0.885665 0.1896432 -0.3434349 0.9198305 0.2881091 0.1112954 0.951108 0.560143 0.2210648 0.7983548 0.03872019 0.03326129 0.9986964 0.2278395 -0.02995502 0.9732378 0.2302369 -0.3809609 0.8954663 0.3155046 -0.6651793 0.6767522 0.3338729 -0.5570043 0.7604441 0.2306916 -0.3551649 0.9058915 0.8034892 0.07565647 0.5904924 0.3423433 0.200137 0.9180122 0.633794 -0.5092102 0.5822459 -0.3082702 0.9512989 0 -0.3082702 0.9512988 0 -0.3082692 0.9512993 0 -0.3082687 0.9512994 0 -0.3082695 0.9512991 0 -0.3082692 0.9512991 1.36347e-7 -0.308269 0.9512992 0 -0.3082693 0.9512991 0 -0.3082693 0.9512992 0 0.3082701 -0.9512989 -1.75307e-7 0.3082692 -0.9512992 -1.96252e-7 0.3082701 -0.951299 -1.84175e-7 0.3082687 -0.9512994 -2.07241e-7 0.3082697 -0.951299 0 0.3082697 -0.951299 -1.57767e-7 0.3082695 -0.9512991 0 0.3082696 -0.9512991 1.94694e-7 0.3082696 -0.9512991 -1.45783e-7 -0.7555748 -0.2441405 -0.607867 -0.755399 -0.2458875 -0.6073811 -0.7553989 -0.2458885 -0.6073808 -0.5581539 -0.1811316 0.8097257 -0.5581853 -0.1810581 0.8097205 -0.5581853 -0.1810581 0.8097205 0.5483873 0.1776175 -0.8171434 0.5487089 0.1781009 -0.8168224 0.5483872 0.1776174 -0.8171436 0.6385859 0.2068658 -0.7412251 0.6385888 0.2071011 -0.7411569 0.6385888 0.2071011 -0.7411569 -0.7290496 -0.2364017 0.6423402 -0.7290718 -0.2363131 0.6423476 -0.7290496 -0.2364019 0.6423402 0.6686325 0.2166506 0.711332 0.6684784 0.2167316 0.7114521 0.6684783 0.2167316 0.7114522 -0.6104538 -0.1979349 0.7669212 -0.6103834 -0.1976897 0.7670404 -0.6103833 -0.1976897 0.7670405 0.4866737 0.1573255 0.8593006 0.4862927 0.1581938 0.8593568 0.4866738 0.1573252 0.8593005 0.809503 0.5871158 0 0.8095034 0.5871152 0 0.8095023 0.5871168 0 0.809502 0.5871172 0 0.8095026 0.5871164 0 0.809503 0.5871158 0 0.8095029 0.5871159 0 0.809503 0.587116 -1.43414e-7 0.8095028 0.5871163 -1.91071e-7 0.8095028 0.5871161 -1.74576e-7 0.8095028 0.587116 -4.83614e-7 0.8095018 0.5871174 0 0.8095024 0.5871166 -3.36029e-7 0.8095036 0.587115 0 0.8095018 0.5871174 2.94302e-7 0.8095023 0.5871168 -8.32033e-7 0.8095026 0.5871164 -1.00188e-6 0.809501 0.5871186 -1.4353e-7 0.8095015 0.5871179 0 0.8095026 0.5871164 0 0.8095027 0.5871162 0 0.8095031 0.5871157 -5.37401e-7 0.8095005 0.5871192 3.61668e-7 0.8095029 0.5871159 -7.89084e-7 0.809503 0.5871159 -2.25159e-7 0.8095028 0.587116 0 0.8095018 0.5871176 -9.29949e-7 0.8095024 0.5871166 -2.13564e-7 0.8094999 0.5871201 0 -0.8095023 -0.5871169 0 -0.8095023 -0.5871168 0 -0.8095027 -0.5871162 0 -0.8095019 -0.5871173 0 -0.8095026 -0.5871163 -2.14478e-7 -0.8095021 -0.5871171 0 -0.8095024 -0.5871167 -3.18864e-7 -0.8095023 -0.5871169 -4.16899e-7 -0.8095023 -0.5871168 -2.50546e-7 -0.8095027 -0.5871161 1.29434e-7 -0.8095027 -0.5871161 1.51877e-7 -0.8095029 -0.587116 -2.52022e-7 -0.8095021 -0.5871172 -2.33548e-7 -0.8095036 -0.587115 0 -0.8095021 -0.5871172 0 -0.8095031 -0.5871157 3.62866e-7 -0.8095036 -0.587115 4.63939e-7 -0.809501 -0.5871186 0 -0.8095015 -0.5871179 0 -0.8095026 -0.5871165 2.61124e-7 -0.809503 -0.5871158 1.21092e-7 -0.8095008 -0.5871188 1.17598e-6 -0.8095031 -0.5871156 1.02774e-6 -0.8095025 -0.5871166 6.55795e-7 -0.809503 -0.5871159 3.37738e-7 -0.8095028 -0.587116 0 -0.8095026 -0.5871164 -2.78982e-6 -0.8095019 -0.5871173 -1.77036e-6 -0.8095003 -0.5871195 1.73269e-6 0.2950757 -0.4076452 -0.8641504 0.2966839 -0.406836 -0.8639811 0.2966844 -0.4068357 -0.863981 -0.5479246 0.7535527 -0.3632315 -0.5471048 0.7542192 -0.3630835 -0.5471038 0.7542202 -0.3630833 -0.4418944 0.6063249 -0.661135 -0.4387494 0.6069163 -0.6626853 -0.4387463 0.6069168 -0.6626868 -0.3197965 0.4386953 0.8398076 -0.3180544 0.4397248 0.8399307 -0.3197965 0.4386953 0.8398076 -0.4664475 0.6429336 -0.6075057 -0.4669365 0.6426209 -0.607461 -0.4669368 0.6426206 -0.607461 -0.2028601 0.2842393 0.9370464 -0.2052204 0.2840179 0.9365995 -0.2028596 0.2842394 0.9370465 0.5330538 -0.7363354 -0.4167301 0.5347176 -0.7350639 -0.4168431 0.5347182 -0.7350634 -0.4168432 -0.3437138 0.4749934 0.8100879 -0.3450503 0.4748114 0.8096261 -0.3450506 0.4748114 0.8096261 0.1867719 -0.2592136 0.9475888 0.1892016 -0.2592905 0.9470856 0.1892024 -0.2592905 0.9470855 -0.2652968 0.366393 -0.8918373 -0.2649453 0.3659559 -0.8921213 -0.2652974 0.3663936 -0.891837 -0.3104342 0.4300423 0.8477585 -0.3112817 0.4302332 0.8473507 -0.3112819 0.4302332 0.8473507 -0.2500448 0.345151 -0.9046262 -0.2508453 0.345151 -0.9044045 0.1778252 -0.2448462 -0.9531153 0.1782365 -0.2448503 -0.9530374 0.1782367 -0.2448503 -0.9530373 -0.5812949 0.8006106 0.1453233 -0.5815739 0.8004578 0.1450487 -0.5812946 0.8006108 0.1453236 0.2291787 -0.316256 -0.9205756 0.2317974 -0.3159897 -0.9200112 0.2291776 -0.3162561 -0.9205757 -0.5851725 0.8073117 0.07629609 -0.5852276 0.8072715 0.07629781 -0.5852277 0.8072715 0.07629781 -0.5039433 0.6917156 0.5172724 -0.5019926 0.6926626 0.5179015 -0.503946 0.6917144 0.5172715 0.3375029 -0.4671379 -0.8172356 0.3385468 -0.4667103 -0.8170482 0.3375027 -0.4671381 -0.8172357 0.3066557 -0.4180492 -0.8551006 0.3022623 -0.4190295 -0.8561844 0.3022613 -0.4190297 -0.8561847 0.3919742 -0.5438827 -0.7419891 0.3966323 -0.542676 -0.7403956 0.3966337 -0.5426757 -0.7403951 -0.4479048 0.6213218 0.6429156 -0.4513395 0.6197635 0.6420171 -0.4478996 0.6213242 0.6429169 -0.5771536 0.7960735 0.182101 -0.5774619 0.7960382 0.1812763 -0.5774621 0.7960381 0.1812756 0.4140699 -0.5686315 0.7107774 0.410954 -0.5694834 0.7119027 0.4109514 -0.5694841 0.7119036 -0.2390276 0.3308334 0.9129158 -0.2433258 0.3302266 0.9119994 -0.2390259 0.3308336 0.9129161 -0.3782777 0.5191591 0.766407 -0.375043 0.5200203 0.7674123 -0.3750421 0.5200206 0.7674127 -0.2241945 0.3091834 -0.9241983 -0.2232399 0.3095394 -0.9243103 -0.2241957 0.309183 -0.9241982 0.2398441 -0.3311479 0.9125875 0.2405302 -0.3308478 0.9125158 0.2398438 -0.331148 0.9125875 0.2996796 -0.4139972 0.8595339 0.299663 -0.414081 0.8594993 0.299663 -0.414081 0.8594993 0.5668408 -0.7823665 -0.2580586 0.567066 -0.7821978 -0.2580749 0.5668408 -0.7823666 -0.2580586 -0.2884467 -0.8474705 0.445637 -0.2831301 -0.8471063 0.4497203 -0.290328 -0.8475905 0.444185 0.2907958 -0.8379527 0.4618149 -0.04635769 -0.9135639 0.4040446 -0.2374981 -0.8959074 0.3754261 0.009838938 -0.9122387 0.4095408 0.3041857 -0.8439407 0.4418542 0.2920244 -0.8431326 0.4514968 0.2857483 -0.8426381 0.4564088 0.2423749 -0.8957184 0.3727505 0.04578143 -0.9135594 0.4041206 -0.005389809 -0.9122431 0.4096139 -0.2936623 -0.835445 0.4645365 0.918775 -0.06441164 0.3894919 0.9175159 -0.0601949 0.3931173 0.9193149 -0.06625097 0.3879058 0.7998993 0.4418257 0.4061417 0.927913 0.1547197 0.3391746 0.9491752 -0.008795917 0.3146253 0.9150047 0.2086413 0.3453048 0.8026369 0.4544527 0.3863249 0.8040482 0.4445067 0.3948676 0.8048692 0.4381711 0.4002395 0.8582041 0.4076957 0.3118814 0.908175 0.2453112 0.3391764 0.9178932 0.1954023 0.3453842 0.9095712 -0.07152968 0.4093455 -0.9999994 0.001170337 1.29026e-7 -0.9999994 0.001170396 1.88219e-7 -0.9999994 0.001170277 0 -0.9999994 0.001170277 0 -0.9999994 0.001170456 0 -0.9999994 0.001170456 1.85519e-7 -0.9999994 0.001170456 1.68781e-7 -0.9999994 0.001170277 0 -0.9999994 0.001170277 0 -0.9999994 0.001170337 0 -0.9999994 0.001170396 0 -0.9999994 0.001170516 0 -0.9999994 0.001170516 0 -0.9999994 0.001170456 0 -0.9999994 0.001170575 0 -0.9999994 0.001170575 0 -0.9999994 0.001170575 0 -0.9999994 0.001170456 0 -0.9999994 0.001170456 0 0.9999994 -0.001170337 0 0.9999994 -0.001170277 0 0.9999994 -0.001170337 0 0.9999994 -0.001170277 0 0.9999994 -0.001170396 0 0.9999994 -0.001170396 0 0.9999994 -0.001170396 0 0.9999994 -0.001170158 -3.51126e-7 0.9999994 -0.001170158 -2.15722e-7 0.9999994 -0.001170575 2.9166e-7 0.9999994 -0.001170456 2.44161e-7 0.9999994 -0.001170456 0 0.9999994 -0.001170635 0 0.9999994 -0.001170337 0 0.9999994 -0.001170814 0 0.9999994 -0.001170456 0 0.9999994 -0.001170516 0 0.9999994 -0.001170814 0 0.9999994 -0.001170814 0 -0.006024897 -0.7493171 -0.662184 0.001814126 -0.7493494 -0.6621724 0.001821458 -0.7493494 -0.6621723 0.003676652 -0.794238 -0.6075956 -0.004055619 -0.7942413 -0.607589 -0.004060149 -0.7942413 -0.607589 0 -0.5867483 0.8097695 0.005715429 -0.5867212 0.809769 0 -0.5867482 0.8097695 1.06732e-6 0.3905223 -0.9205935 0.002803087 0.3905017 -0.9205979 0.00280416 0.3905017 -0.9205979 -0.001809298 -0.9970842 0.07628911 -0.001996934 -0.9970839 0.07628798 -0.001996994 -0.9970839 0.07628798 -0.004259586 -0.8554354 0.5178923 0.0016824 -0.8554409 0.5178978 -0.004267334 -0.8554352 0.5178923 0 0.5767308 -0.8169343 0.001834273 0.5767233 -0.8169375 0.001834273 0.5767233 -0.8169376 0.005889892 0.6711946 -0.7412579 -0.003320038 0.671213 -0.7412571 0.005889832 0.6711946 -0.7412579 1.50433e-6 -0.766344 0.6424306 9.8632e-4 -0.7663596 0.6424111 0 -0.766344 0.6424306 1.20914e-6 0.7029169 0.7112721 0.001374065 0.7028947 0.7112926 0.001375257 0.7028947 0.7112926 -1.13982e-6 -0.4084008 0.9128028 -0.002592265 -0.4084047 0.9127973 0 -0.4084008 0.9128028 0 -0.6417648 0.7669016 -0.002206623 -0.6417636 0.7668994 -0.002207338 -0.6417636 0.7668995 -1.35749e-6 -0.3819357 -0.924189 -0.00100094 -0.3819205 -0.9241947 0 -0.3819357 -0.9241889 0.006393671 0.409003 0.9125108 -0.003531515 0.4090085 0.9125238 0.006398081 0.409003 0.9125107 1.43308e-7 0.5114201 0.8593308 3.25845e-4 0.51142 0.8593309 3.25988e-4 0.51142 0.8593309 4.82112e-7 0.9661523 -0.2579728 0.001550614 0.9661496 -0.2579782 0.001551091 0.9661496 -0.2579782 0.3089787 0.9510691 0 0.3089788 0.9510689 0 0.3089768 0.9510696 0 0.3089758 0.95107 1.46642e-7 0.3089784 0.9510691 0 0.3089805 0.9510684 1.22759e-7 0.3089813 0.9510681 1.29278e-7 0.3089763 0.9510697 0 0.3089767 0.9510696 0 0.3089775 0.9510694 0 0.3089779 0.9510693 0 0.3089776 0.9510694 1.42093e-7 0.3089786 0.951069 7.56646e-7 0.3089786 0.9510691 8.49048e-7 0.308978 0.9510692 0 0.3089787 0.951069 0 0.3089792 0.9510689 0 0.3089774 0.9510695 0 0.308978 0.9510692 0 0.3089808 0.9510683 5.516e-7 0.3089802 0.9510685 5.49931e-7 0.3089772 0.9510695 -3.51753e-7 0.3089779 0.9510693 -3.64299e-7 0.3089766 0.9510697 -3.30673e-7 0.3089797 0.9510687 9.61283e-7 0.30898 0.9510685 1.28084e-6 0.3089767 0.9510697 0 0.3089764 0.9510697 2.52694e-7 0.3089775 0.9510694 -7.75157e-7 -0.3089774 -0.9510694 0 -0.308976 -0.9510698 1.38866e-7 -0.3089781 -0.9510692 0 -0.3089758 -0.95107 1.46642e-7 -0.3089782 -0.9510691 -1.74732e-7 -0.3089781 -0.9510691 0 -0.3089772 -0.9510695 -2.40725e-7 -0.3089769 -0.9510697 0 -0.308977 -0.9510696 0 -0.3089773 -0.9510694 0 -0.3089773 -0.9510695 0 -0.3089786 -0.9510691 -3.40741e-7 -0.3089783 -0.9510691 -2.46365e-7 -0.308978 -0.9510692 -4.24523e-7 -0.3089783 -0.9510692 0 -0.3089787 -0.951069 4.82798e-7 -0.3089791 -0.9510688 5.03863e-7 -0.3089774 -0.9510695 1.92634e-7 -0.3089776 -0.9510694 1.68968e-7 -0.308981 -0.9510683 -7.49919e-7 -0.3089798 -0.9510686 -3.10216e-7 -0.3089781 -0.9510692 -3.64301e-7 -0.3089771 -0.9510696 0 -0.3089769 -0.9510695 -4.22573e-7 -0.308975 -0.9510702 -1.26347e-6 -0.3089746 -0.9510704 -1.28084e-6 -0.3089796 -0.9510686 -4.16029e-7 -0.3089783 -0.9510691 -2.21889e-7 -0.308978 -0.9510693 -7.75158e-7 0.4795265 -0.1558464 -0.8635776 0.4777885 -0.1559347 -0.8645246 0.4795272 -0.1558463 -0.8635773 -0.8866188 0.2863648 -0.3631838 -0.885825 0.2886776 -0.3632897 -0.885824 0.2886809 -0.3632898 -0.7124791 0.2328951 -0.6619166 -0.7124513 0.231512 -0.6624314 -0.7124791 0.2328964 -0.6619161 -0.5162738 0.1676058 0.839863 -0.5151982 0.1686965 0.840305 -0.7558679 0.2446285 -0.6073062 -0.755244 0.2452747 -0.6078214 -0.7558682 0.2446281 -0.6073058 -0.3328661 0.1084971 0.9367116 -0.3337919 0.1078766 0.9364537 -0.3337922 0.1078765 0.9364537 0.8643889 -0.2813968 -0.4167106 0.8649725 -0.2799718 -0.4164595 0.8649727 -0.2799712 -0.4164593 -0.5579713 0.1817202 0.8097196 -0.5578436 0.1813344 0.809894 -0.5579713 0.1817202 0.8097197 0.3047078 -0.09890693 0.9472966 0.3054905 -0.09823584 0.9471142 0.3047076 -0.09890705 0.9472966 -0.4282906 0.1393081 -0.8928385 -0.4308253 0.1391014 -0.8916504 -0.4308291 0.1391011 -0.8916487 -0.5034158 0.1642635 0.8482866 -0.5059835 0.1638563 0.8468365 -0.5034151 0.1642636 0.848287 -0.405414 0.1316794 -0.9045994 -0.406024 0.131217 -0.9043931 -0.4060241 0.1312168 -0.904393 0.2866191 -0.09333163 -0.9534876 0.2885635 -0.0933448 -0.9528997 0.2866184 -0.09333163 -0.9534879 -0.9418418 0.3029922 0.1453613 -0.9413203 0.3046813 0.1452087 -0.9418424 0.3029903 0.1453614 0.3712451 -0.1204918 -0.9206839 0.3718485 -0.1204308 -0.9204484 0.3718485 -0.1204308 -0.9204483 -0.9480578 0.3088189 0.07627141 -0.9485805 0.3072013 0.07630538 -0.9485806 0.3072007 0.07630538 -0.8136443 0.2636227 0.5181566 -0.8130931 0.2648831 0.5183789 -0.8130924 0.2648847 0.5183792 0.5481013 -0.1780594 -0.8172392 0.549488 -0.1778564 -0.8163518 0.5481008 -0.1780595 -0.8172395 0.4916175 -0.1587763 -0.8562141 0.4916437 -0.1599075 -0.8559885 0.4916437 -0.1599075 -0.8559883 0.6380476 -0.2072532 -0.7415803 0.6381781 -0.2077952 -0.7413163 0.6380475 -0.2072531 -0.7415805 -0.7283001 0.2370644 0.642946 -0.7287956 0.2373946 0.6422622 -0.7287964 0.2373952 0.6422612 -0.9350022 0.304549 0.1817169 -0.935903 0.3017154 0.1818062 -0.9350014 0.3045514 0.1817169 0.6694301 -0.2169142 0.7105009 0.6674356 -0.2175548 0.7121796 0.6674339 -0.2175553 0.7121809 -0.3921256 0.1256945 0.911284 -0.3867104 0.1264714 0.9134879 -0.3921272 0.1256942 0.9112833 -0.6106973 0.1982586 0.7666436 -0.6101412 0.1983867 0.7670532 -0.610141 0.1983867 0.7670533 -0.3636447 0.1186732 -0.9239477 -0.3632607 0.1176389 -0.9242309 -0.3636451 0.1186746 -0.9239473 0.3900784 -0.1267753 0.9120126 0.3890085 -0.1260133 0.912575 0.3900788 -0.1267756 0.9120123 0.4890941 -0.1580336 0.8577951 0.4844929 -0.1581222 0.860386 0.4844905 -0.1581223 0.8603875 0.9190845 -0.2978906 -0.2579631 0.919061 -0.2979116 -0.258023 0.8104507 0.5858069 -1.21008e-7 0.8104497 0.5858082 -1.49849e-7 0.8104499 0.585808 0 0.8104508 0.5858069 1.56206e-7 0.8104516 0.5858055 0 0.8104506 0.585807 0 0.8104513 0.5858062 0 0.8104555 0.5858003 3.10457e-7 0.810453 0.5858037 2.30617e-7 0.8104487 0.5858097 1.32885e-7 0.8104492 0.585809 -2.54073e-7 0.8104497 0.5858084 0 0.8104534 0.5858032 -5.87166e-7 0.8104653 0.5857868 0 0.8104491 0.5858092 5.1678e-7 0.8104491 0.5858092 0 0.8104488 0.5858095 0 0.8104493 0.5858089 -1.824e-7 0.8104497 0.5858084 0 0.8104504 0.5858074 7.83429e-7 0.8104506 0.585807 0 0.8104534 0.5858033 -1.44557e-6 0.8104507 0.5858071 -4.59605e-7 0.8104524 0.5858046 0 0.8104465 0.5858128 -1.43064e-7 0.8104453 0.5858144 0 0.8104549 0.5858012 1.18177e-6 0.8104535 0.585803 9.89191e-7 0.8104498 0.5858082 0 -0.8104507 -0.5858068 1.88434e-7 -0.8104501 -0.5858078 0 -0.8104503 -0.5858075 3.36812e-7 -0.810451 -0.5858066 0 -0.8104503 -0.5858075 3.75328e-7 -0.810452 -0.5858051 0 -0.8104497 -0.5858083 4.05212e-7 -0.8104555 -0.5858003 -1.82252e-7 -0.8104531 -0.5858037 -1.90108e-7 -0.8104489 -0.5858095 0 -0.8104493 -0.5858088 2.26358e-7 -0.8104527 -0.5858041 7.54369e-7 -0.8104497 -0.5858083 2.94051e-7 -0.810463 -0.5857899 1.20585e-6 -0.8104493 -0.5858087 -1.49444e-7 -0.8104491 -0.5858092 -9.02304e-7 -0.810449 -0.5858094 -9.9975e-7 -0.8104485 -0.58581 -1.82398e-7 -0.8104493 -0.5858089 -1.72264e-7 -0.8104516 -0.5858056 -2.33087e-7 -0.8104514 -0.5858059 -4.46111e-7 -0.8104517 -0.5858055 0 -0.8104536 -0.585803 -9.8983e-7 -0.8104531 -0.5858038 -8.25554e-7 -0.8104465 -0.5858129 -1.79452e-6 -0.8104453 -0.5858144 -1.8192e-6 -0.8104503 -0.5858074 5.90879e-7 -0.8104519 -0.5858052 3.15145e-7 -0.8104514 -0.585806 0 0.3011483 -0.4074041 -0.862167 0.289104 -0.4084836 -0.8657714 0.2891014 -0.4084838 -0.8657722 -0.547509 0.754003 -0.3629235 -0.5454798 0.7549315 -0.3640474 -0.5454771 0.7549327 -0.3640488 -0.4362509 0.6085644 -0.6628233 -0.4394011 0.6071596 -0.6620302 -0.4394041 0.6071581 -0.6620295 -0.3198664 0.4389471 0.8396493 -0.3185523 0.4402821 0.83945 -0.318552 0.4402824 0.8394499 -0.4672155 0.6430875 -0.6067521 -0.4649021 0.6439716 -0.6075909 -0.4649006 0.6439722 -0.6075913 -0.2035359 0.2843523 0.9368655 -0.2028227 0.2846106 0.9369417 -0.2035362 0.2843521 0.9368655 0.5320312 -0.7368065 -0.417204 0.5315496 -0.7377856 -0.4160859 0.5315493 -0.7377861 -0.4160854 -0.3448627 0.4755333 0.8092823 -0.3458738 0.4750968 0.8091073 -0.345874 0.4750967 0.8091071 0.1952652 -0.2593428 0.9458398 0.1799547 -0.2589411 0.9489815 0.19527 -0.2593429 0.9458388 -0.2491939 0.3679956 -0.8958134 -0.2742601 0.364867 -0.8897492 -0.249158 0.3679999 -0.8958216 -0.3149224 0.4295449 0.846354 -0.3068503 0.43111 0.8485206 -0.3068503 0.43111 0.8485205 -0.2542463 0.3450523 -0.903492 -0.2460225 0.3460934 -0.9053687 -0.2542489 0.345052 -0.9034914 0.1779446 -0.245101 -0.9530274 0.1791046 -0.2454296 -0.9527255 0.179105 -0.2454297 -0.9527254 -0.5814538 0.8005185 0.1451953 -0.5792617 0.8020653 0.1454204 -0.5814564 0.8005167 0.145195 0.2309576 -0.3164119 -0.9200773 0.2270342 -0.3168667 -0.920897 0.2309576 -0.3164119 -0.9200773 -0.5828795 0.8089731 0.07624965 -0.5841823 0.8080332 0.07624644 -0.5841825 0.808033 0.07624644 -0.4994611 0.6944531 0.5179513 -0.5047159 0.6913273 0.5170383 -0.4994542 0.6944572 0.5179525 0.3334652 -0.4684143 -0.818162 0.33901 -0.4669522 -0.8167178 0.3334652 -0.4684143 -0.818162 0.30135 -0.4193784 -0.8563352 0.3025792 -0.4197556 -0.8557166 0.3025797 -0.4197558 -0.8557165 0.3915638 -0.5445179 -0.7417399 0.3929464 -0.5439977 -0.7413904 0.3915635 -0.5445181 -0.74174 -0.4448758 0.6225463 0.6438335 -0.4521426 0.6200755 0.6411501 -0.4521537 0.6200717 0.641146 -0.5731027 0.7991053 0.1816157 -0.5780922 0.7954563 0.1818207 -0.5780966 0.7954531 0.1818209 0.4131659 -0.5693277 0.7107461 0.4083755 -0.5706412 0.7124593 0.4083712 -0.5706422 0.7124608 -0.2322199 0.3317348 0.9143446 -0.2457 0.3302489 0.9113546 -0.2457041 0.3302484 0.9113537 -0.3681764 0.5217837 0.7695375 -0.3815701 0.5189929 0.7648862 -0.2230104 0.3101204 -0.9241709 -0.2241001 0.3090704 -0.924259 -0.2230089 0.3101218 -0.9241708 0.2400935 -0.3312836 0.9124726 0.2393934 -0.3314928 0.9125806 0.240094 -0.3312835 0.9124726 0.3058536 -0.4137243 0.8574881 0.3016418 -0.4141461 0.8587754 0.30164 -0.4141464 0.858776 0.5656148 -0.7832359 -0.2581118 0.5662138 -0.7828351 -0.258014 0.5656147 -0.7832359 -0.2581118 0.5057668 0.7385722 0.4457703 0.5017356 0.7392534 0.4491834 0.5076764 0.7382413 0.4441447 0.02910834 0.8864439 0.46192 0.3319998 0.8554363 0.3974983 0.47563 0.7965816 0.3731406 0.2792233 0.8712089 0.4037693 0.02066987 0.8964369 0.4426892 0.02898979 0.8921929 0.4507233 0.03472465 0.8891874 0.4562239 0.08897995 0.9245779 0.3704571 0.243955 0.8845849 0.3974866 0.2915247 0.8671348 0.4038451 0.5067884 0.7259176 0.4649831 0.3368506 -0.4066388 0.8492212 -0.4138247 -0.4689373 0.7802863 0.4024837 -0.0579248 0.9135928 0.3974297 -0.06705123 0.9151797 0.408484 -0.0469743 0.9115561 0.3144134 -0.4146242 0.8539502 0.3177602 0.05564898 0.9465367 0.3164473 0.05338144 0.947107 0.3191323 0.05802255 0.9459323 0.3660197 -0.02335834 0.9303139 0.4547615 -0.02767026 0.8901833 0.6267676 0.1261805 0.768922 0.2436176 0.1993169 0.9491698 0.2428066 0.1909924 0.9510872 0.2410924 0.1739236 0.9547906 -0.1667813 -0.3505984 0.9215557 -0.156408 -0.3509894 0.9232243 -0.1317387 -0.3517614 0.9267734 0.5146096 0.1664149 0.8411201 -0.239036 -0.302631 0.9226464 0.2057476 0.1678804 0.9640976 -0.1434105 -0.01665818 0.9895232 -0.1763012 -0.2592206 0.9495908 -0.1139307 0.1605903 0.9804237 -0.1713514 0.07687318 0.9822063 -0.1930451 -0.2671184 0.94413 -0.1921339 -0.2671707 0.944301 -0.1907446 -0.2672499 0.9445602 0.2985652 -0.3650301 0.8818231 -0.234599 -0.1516931 0.9601836 -0.2332684 -0.1518061 0.9604899 -0.2073314 -0.1539454 0.9660821 -0.2859814 -0.06831383 0.955797 0.08490061 0.2138422 0.9731718 0.3828507 0.08037239 0.9203074 -0.1541083 0.322876 0.9338104 -0.05781453 0.1543788 0.9863188 -0.2776396 -0.1280384 0.9521148 -0.3648652 -0.4572543 0.8110437 -0.2957983 -0.3624942 0.8837994 -0.262008 -0.1061543 0.9592097 0.4991679 -0.239579 0.8327264 0.1901298 0.2352099 0.9531669 -0.01482808 -0.5661844 0.8241453 0.8310858 -0.5561444 0 0.8310839 -0.5561472 0 0.8310809 -0.5561516 0 0.8310796 -0.5561537 0 0.831081 -0.5561514 0 0.8310848 -0.5561457 1.62985e-7 0.8310933 -0.5561332 3.0652e-7 0.8310819 -0.5561503 0 0.8310819 -0.5561501 0 0.831085 -0.5561455 0 0.8310854 -0.5561449 0 0.8310813 -0.5561509 0 0.8310763 -0.5561584 2.15354e-7 0.8310688 -0.5561698 0 0.8310821 -0.5561499 0 0.8310837 -0.5561476 0 0.8310831 -0.5561483 0 0.831085 -0.5561456 1.8397e-7 0.8310843 -0.5561465 0 0.83108 -0.5561529 2.35099e-7 0.8310787 -0.5561549 3.45442e-7 0.8310791 -0.5561544 5.29288e-7 0.8310944 -0.5561316 0 0.8310823 -0.5561494 3.97574e-7 0.8310957 -0.5561296 -7.60666e-7 0.831097 -0.5561277 -9.17407e-7 0.8310829 -0.5561488 1.192e-6 0.8310821 -0.5561498 6.35741e-7 0.8311006 -0.5561222 0 -0.8310804 0.5561522 0 -0.8310799 0.5561532 -3.26685e-7 -0.8310824 0.5561496 0 -0.8310799 0.5561531 -4.20145e-7 -0.8310909 0.5561367 -2.83918e-7 -0.8310829 0.5561485 0 -0.831094 0.556132 -3.06521e-7 -0.8310817 0.5561504 0 -0.831081 0.5561515 0 -0.831081 0.5561515 0 -0.8310804 0.5561525 0 -0.8310761 0.5561587 0 -0.8310805 0.5561524 0 -0.8310679 0.556171 0 -0.8310822 0.5561497 0 -0.8310854 0.5561449 1.33947e-7 -0.8310847 0.556146 0 -0.8310784 0.5561555 0 -0.8310797 0.5561535 0 -0.8310807 0.5561519 -3.51861e-7 -0.8310795 0.5561538 -4.21608e-7 -0.8310869 0.5561426 7.53635e-7 -0.831079 0.5561544 -1.60304e-7 -0.831082 0.55615 1.26277e-7 -0.8310869 0.5561427 0 -0.8310872 0.5561422 0 -0.8310829 0.5561488 0 -0.8310837 0.5561473 1.81001e-7 -0.8310897 0.5561385 1.11042e-6 -0.4334184 -0.6581254 -0.6156457 -0.4433847 -0.6546707 -0.6122226 -0.4433847 -0.6546707 -0.6122226 0.3935135 0.6086134 -0.6890116 0.4051706 0.6058363 -0.6846892 0.3934975 0.6086171 -0.6890174 0.2461635 0.3725264 -0.894778 0.2564899 0.3714218 -0.8923334 0.2564996 0.3714207 -0.8923311 0.4499859 0.6804993 0.5783022 0.4535266 0.6796234 0.5765636 0.4535266 0.6796234 0.5765636 0.2791205 0.4243748 -0.861393 0.2879422 0.4230052 -0.8591601 0.279115 0.4243755 -0.8613944 0.3846562 0.5589615 0.7345759 0.3697164 0.5628921 0.7392309 0.3846608 0.5589603 0.7345744 -0.5548689 -0.8306136 -0.0469225 -0.5562611 -0.8296839 -0.04688555 -0.5562617 -0.8296835 -0.04688555 0.4683946 0.7046344 0.5330075 0.4733067 0.7027669 0.5311304 0.4733067 0.7027669 0.5311303 0.04222255 0.04710924 0.997997 0.03292989 0.04711592 0.9983465 0.04222464 0.04710924 0.997997 0.0527243 0.07126498 -0.9960631 0.05025565 0.07122266 -0.9961937 0.05272787 0.07126504 -0.9960629 0.4491801 0.6726005 0.5880867 0.446966 0.6737182 0.5884941 0.4491801 0.6726004 0.5880867 0.03666812 0.04800921 -0.9981737 0.02342832 0.04798746 -0.9985732 0.02342182 0.04798746 -0.9985733 -0.346233 -0.5310289 -0.7733893 -0.3572445 -0.5286825 -0.7699814 -0.3572479 -0.5286817 -0.7699803 0.5399511 0.8082155 -0.2350334 0.5426482 0.8065724 -0.2344655 0.5426514 0.8065704 -0.2344648 -0.3918157 -0.587139 -0.708342 -0.3955751 -0.5862063 -0.7070237 -0.3955762 -0.586206 -0.7070234 0.5316423 0.7915447 -0.3013528 0.5268035 0.7944119 -0.3023042 0.526802 0.7944128 -0.3023045 0.5498068 0.8196685 0.1607983 0.5477081 0.8210214 0.1610583 0.5498096 0.8196668 0.1607979 -0.469399 -0.6972894 -0.5417123 -0.4673038 -0.6981212 -0.5424518 -0.4693997 -0.6972891 -0.5417121 -0.4442964 -0.6645513 -0.6008099 -0.4543911 -0.6610373 -0.5971252 -0.4987336 -0.7480997 -0.4377348 -0.5001653 -0.7476885 -0.4368027 -0.4987331 -0.7480998 -0.4377351 0.5307209 0.789111 0.3092557 0.5266857 0.7914658 0.3101357 0.5266795 0.7914693 0.310137 0.5433685 0.8155579 -0.199038 0.546391 0.8136413 -0.198607 0.5433659 0.8155595 -0.1990384 -0.2200254 -0.3207173 0.9212651 -0.2116772 -0.320997 0.9231217 -0.2116698 -0.3209972 0.9231233 0.401045 0.5977382 0.6941699 0.4022598 0.5974748 0.6936937 0.4900062 0.7331315 0.4716059 0.4935314 0.7312214 0.4708949 0.4900048 0.7331323 0.4716062 2.061e-5 0.007565379 -0.9999714 0.01480776 0.007566332 -0.9998618 0.01482784 0.007566332 -0.9998615 -0.03725469 -0.03202188 0.9987927 -0.01419854 -0.0320785 0.9993846 -0.01419138 -0.03207856 0.9993847 -0.08824241 -0.1275454 0.9878995 -0.07775878 -0.1276381 0.988768 -0.0777536 -0.1276382 0.9887684 -0.552451 -0.8246293 0.1215917 -0.5510576 -0.8255779 0.1214771 -0.5510576 -0.825578 0.1214771 -0.62984 -0.7007791 0.334978 -0.6272292 -0.7018125 0.3377022 -0.631636 -0.7000597 0.3330951 -0.2628996 -0.8983756 0.3518596 -0.5094323 -0.8152915 0.2752793 -0.6095995 -0.7503335 0.2557112 -0.4624739 -0.8403593 0.2826912 -0.2576185 -0.9071559 0.3327175 -0.2627072 -0.9033321 0.3390814 -0.2678233 -0.8993973 0.3454786 -0.3178668 -0.9137764 0.2529298 -0.4291437 -0.8603242 0.2750965 -0.471851 -0.8351044 0.2827674 -0.6294109 -0.6909502 0.3555697 -0.7079859 0.5544868 0.437379 -0.7093104 0.5496578 0.4413109 -0.7074748 0.556317 0.4358794 -0.8908523 0.02379626 0.4536693 -0.847146 0.3571369 0.3934425 -0.7696017 0.5232062 0.3660172 -0.8649889 0.3041417 0.3991142 -0.9009127 0.01387727 0.4337786 -0.8961646 0.02428561 0.4430567 -0.8934639 0.03002142 0.4481306 -0.9274601 0.08834099 0.3633369 -0.8786437 0.2704502 0.3934996 -0.8599755 0.3179461 0.39919 -0.6950531 0.5554172 0.4565227 0.3894484 0.08271187 0.917327 0.2680101 0.1718424 0.9479666 0.1375043 0.2975992 0.9447367 -0.02663171 -0.393678 0.9188626 -0.02848625 -0.4007021 0.9157655 -0.07104563 -0.3226236 0.9438573 -0.1707932 -0.2387188 0.9559514 -0.2406628 -0.3751683 0.8951706 -0.09766685 -0.3367738 0.9365067 0.08183342 -0.3134732 0.9460644 -0.3531056 0.2472275 0.9023275 -0.357217 0.2531307 0.8990666 -0.2717717 0.2369387 0.9327381 -0.1450874 0.2620698 0.9540803 -0.1512185 0.368299 0.9173271 -0.2171239 0.2328442 0.9479668 -0.3174371 0.08189868 0.9447361 0.3920709 0.04440706 0.9188627 0.3993143 0.04384207 0.9157654 0.3301338 -0.01203024 0.9438575 0.265481 -0.1252079 0.9559513 -0.2499783 -0.3098748 0.9173268 -0.09952646 -0.3024133 0.9479666 0.08106869 -0.3176475 0.944737 -0.2277073 0.3222441 0.9188624 -0.2306994 0.3288639 0.9157655 -0.1484196 0.2951359 0.9438573 -0.01809513 0.292966 0.9559517 0.1443911 -0.3710291 0.9173269 0.2127875 -0.2368141 0.9479666 0.3158701 -0.08774805 0.9447361 -0.3928246 -0.03715866 0.9188624 -0.4000548 -0.03645998 0.9157657 -0.3298559 0.01812517 0.9438573 -0.2631223 0.1300902 0.9559515 -0.2979851 0.2640382 0.9173269 -0.2974882 0.1134015 0.9479667 -0.3210569 -0.0662955 0.9447368 0.3324274 0.2125645 0.9188627 0.3391788 0.2152475 0.9157654 0.3016822 0.1346148 0.9438574 0.2934899 0.004529416 0.9559515 0.2003204 0.3440684 0.9173269 0.05271935 0.3139742 0.9479667 -0.1281059 0.3017643 0.9447367 0.2737554 -0.2841653 0.9188625 0.2777127 -0.2902575 0.9157655 0.1912836 -0.2693397 0.9438574 0.06212538 -0.2868742 0.9559517 0.2702205 -0.2923905 0.917327 0.284721 -0.1424527 0.9479669 0.3260623 0.03400629 0.9447365 -0.3519371 -0.1784162 0.9188624 -0.3589214 -0.1804137 0.9157655 -0.3135826 -0.1039151 0.9438579 -0.2924816 0.02470976 0.9559519 -0.3842498 -0.1042267 0.9173271 -0.2580468 -0.1864708 0.9479666 -0.1207517 -0.3047817 0.9447366 0.004712641 0.3945499 0.9188626 0.006174385 0.4016652 0.9157659 0.0530076 0.3260732 0.9438573 0.1572617 0.2478414 0.9559516 0.3930427 -0.06347382 0.9173268 0.3119751 0.06348925 0.9479666 0.2356737 0.2278822 0.9447369 -0.1669701 -0.3575094 0.9188624 -0.1712341 -0.3633899 0.9157656 -0.1827342 -0.2752124 0.9438573 -0.2454602 -0.1609536 0.9559515 -0.03827488 -0.396291 0.9173269 0.08325827 -0.3072899 0.9479668 0.2424455 -0.2206605 0.9447376 -0.3674314 0.1438259 0.9188626 -0.3735726 0.1477078 0.9157652 -0.2863079 0.1648074 0.9438571 -0.1762828 0.2346928 0.9559517 -0.3893449 0.08319491 0.9173272 -0.3147783 -0.0476911 0.9479664 -0.2468556 -0.2157188 0.9447368 0.1847686 0.3486436 0.9188625 0.1893253 0.3543022 0.9157652 0.1963667 0.2656571 0.9438573 0.2532575 0.1483829 0.9559515 0.3348084 0.2154405 0.9173269 0.1896547 0.2557141 0.9479671 0.02303451 0.3270184 0.9447373 0.1147044 -0.3775379 0.9188624 0.1154604 -0.3847634 0.9157654 0.04797863 -0.3268502 0.9438576 -0.0750389 -0.2837692 0.9559521 0.2167437 0.3339672 0.9173266 0.06785732 0.3110534 0.9479669 -0.1133429 0.3076128 0.9447368 0.2596772 -0.2970843 0.9188627 0.2633364 -0.3033607 0.9157655 0.1780207 -0.2782845 0.9438572 0.04816508 -0.289546 0.9559516 0.2729178 -0.2898748 0.9173268 0.2860286 -0.1398093 0.9479669 0.3257332 0.03702354 0.9447367 -0.3502693 -0.1816683 0.9188624 -0.3572335 -0.1837306 0.915766 -0.3126084 -0.1068152 0.9438572 -0.292699 0.02199977 0.9559516 -0.397612 0.02039158 0.9173271 -0.3032304 -0.09701138 0.9479663 -0.2095205 -0.2521395 0.9447365 0.1271363 0.3735352 0.9188623 0.130737 0.3798437 0.9157657 0.1517493 0.2934381 0.9438572 0.2265181 0.1866728 0.9559513 -0.05889201 0.3937556 0.9173268 -0.1552357 0.2779581 0.9479669 -0.2886906 0.1553369 0.9447371 0.3913324 -0.05050748 0.9188624 0.3982295 -0.05278563 0.9157658 0.3177086 -0.09052199 0.9438576 0.2278969 -0.1849849 0.9559516 -0.1766897 -0.35678 0.917327 -0.03144919 -0.3168125 0.9479666 0.1481375 -0.2924513 0.9447367 -0.2922728 0.2650809 0.9188628 -0.2966327 0.270892 0.9157656 -0.2089916 0.2558441 0.9438573 -0.08130776 0.2820383 0.9559516 0.5882121 0.2188665 0.7785269 0.4573146 0.2403548 0.8562085 0.2921994 0.2913573 0.9108954 0.441262 -0.395753 0.805399 0.4417073 -0.4027128 0.8016964 0.38135 -0.3543661 0.8538131 0.2650538 -0.3267482 0.9071836 -0.3067336 0.5643145 0.7664619 -0.3080389 0.4333527 0.846946 -0.3332644 0.2635811 0.9052402 0.3230973 0.513558 0.7949002 0.3299086 0.5149834 0.7911717 0.2913111 0.4490722 0.8446727 0.2817403 0.331085 0.9005583 0.6053734 0.2305976 0.7618057 0.4763291 0.2487667 0.843342 0.3117205 0.2956943 0.9029924 0.4738176 -0.3874009 0.7908334 0.4743186 -0.3943404 0.7870945 0.4143856 -0.3475782 0.8411148 0.2990797 -0.3228706 0.8979454 -0.648542 -0.07915413 0.7570522 -0.5280655 -0.1270585 0.8396446 -0.3796528 -0.211359 0.9006615 -0.3750383 0.4903992 0.7866734 -0.3738592 0.4972496 0.7829253 -0.3270746 0.4378073 0.8374646 -0.2213029 0.3867301 0.8952457 -0.253593 -0.5825148 0.7722482 -0.1484621 -0.5030629 0.8514028 0.001840054 -0.4190019 0.9079836 -0.5977704 -0.05256509 0.7999423 -0.603087 -0.04806333 0.7962262 -0.5269079 -0.03804033 0.8490707 -0.4271944 0.02678442 0.9037631 -0.1148524 -0.647405 0.7534426 -0.03439861 -0.5463874 0.8368259 0.0890662 -0.4290651 0.8988718 -0.5808418 -0.2207621 0.7835093 -0.5870433 -0.2176305 0.7797546 -0.5167936 -0.1903478 0.834681 -0.43747 -0.1041984 0.8931757 0.4224577 0.5043685 0.7530883 0.3024312 0.4568643 0.8365467 0.1369578 0.4166421 0.8986946 0.6140521 -0.09767776 0.783198 0.6178675 -0.1034828 0.7794428 0.5433941 -0.09213835 0.8344061 0.4317279 -0.1273186 0.8929733 -0.2600386 0.6080513 0.7501025 -0.2716336 0.4799053 0.8342099 -0.3102027 0.3143559 0.8971927 0.3638051 0.5082767 0.7805772 0.3707097 0.5090504 0.7768154 0.3270633 0.4479314 0.832098 0.3082258 0.3326836 0.8912456 -0.1445708 -0.6539297 0.7426137 -0.06174457 -0.5568457 0.828318 0.06484532 -0.4445942 0.8933818 -0.5964825 -0.2124943 0.7739863 -0.6025229 -0.2091075 0.7702211 -0.5320323 -0.1849628 0.8262751 -0.4505386 -0.1023413 0.8868716 0.5831263 -0.318432 0.747372 0.5129652 -0.2110334 0.8320646 0.4407032 -0.05750685 0.895809 0.03197801 -0.6272317 0.778176 0.02703678 -0.6321063 0.7744099 0.02351146 -0.557296 0.8299811 -0.03303253 -0.4554311 0.889658 0.5849037 0.321873 0.7445035 0.4570308 0.3202225 0.8298076 0.2889894 0.3415026 0.8943496 0.5503877 -0.3089281 0.7756525 0.5518391 -0.3157126 0.7718803 0.4870559 -0.2785842 0.8277484 0.3710287 -0.2717197 0.8879787 0.2852146 -0.6049575 0.7434239 0.2914429 -0.4773803 0.8289566 0.3230365 -0.3110842 0.8937975 -0.3422633 -0.5316867 0.7747032 -0.3491266 -0.5327075 0.7709303 -0.308071 -0.4704368 0.8269108 -0.2940747 -0.3551671 0.8873424 -0.4818965 -0.4587949 0.746514 -0.3583471 -0.4247084 0.8313905 -0.1901937 -0.4026511 0.8953762 -0.6082332 0.1601991 0.7774244 -0.6113653 0.1663917 0.7736577 -0.539113 0.1469471 0.8293153 -0.4249467 0.1697645 0.8891572 -0.5890015 0.3162275 0.7436918 -0.5180686 0.2099596 0.8291695 -0.444499 0.05747699 0.8939336 -0.04109263 0.6306991 0.7749388 -0.0361824 0.6356033 0.7711676 -0.03211086 0.5611105 0.8271179 0.02524918 0.4601129 0.8875014 -0.2914788 0.6030844 0.7425156 -0.2963904 0.475576 0.8282393 -0.3262668 0.3090547 0.8933281 0.3367208 0.5363736 0.7739009 0.3435701 0.5374593 0.770128 0.3031647 0.4748489 0.8262021 0.2903545 0.3595348 0.8868084 0.6611465 0.1089102 0.7423099 0.5402632 0.1496804 0.828077 0.3890526 0.2254219 0.8932095 0.4194734 -0.4747638 0.7737194 0.4185765 -0.4816429 0.7699441 0.36997 -0.4251828 0.82604 0.263 -0.3802859 0.8866869 -0.7555749 -0.2441393 -0.6078673 -0.5581539 -0.1811316 0.8097257 0.548709 0.1781011 -0.8168222 0.6385859 0.2068658 -0.7412252 -0.7290719 -0.2363129 0.6423476 0.6686326 0.2166505 0.7113319 -0.6104538 -0.197935 0.7669211 0.4862926 0.1581941 0.8593569 0.2950757 -0.4076452 -0.8641503 -0.5479257 0.7535519 -0.3632317 -0.4418975 0.6063244 -0.6611334 -0.3180544 0.4397248 0.8399308 -0.4664473 0.6429338 -0.6075057 -0.2052208 0.2840179 0.9365994 0.5330531 -0.7363359 -0.41673 -0.3437138 0.4749934 0.8100879 0.1867711 -0.2592136 0.947589 -0.2649448 0.3659553 -0.8921217 -0.3104339 0.4300423 0.8477585 0.177825 -0.2448462 -0.9531153 -0.5815742 0.8004577 0.1450484 0.2317982 -0.3159896 -0.9200111 -0.5851724 0.8073117 0.07629609 -0.50199 0.6926639 0.5179024 0.3385471 -0.4667101 -0.8170481 0.3066567 -0.418049 -0.8551004 0.3919728 -0.5438832 -0.7419896 -0.4513446 0.6197612 0.6420158 -0.5771533 0.7960735 0.1821018 0.4140725 -0.5686308 0.7107765 -0.2433272 0.3302264 0.9119992 -0.3782791 0.5191588 0.7664067 -0.2232387 0.3095399 -0.9243103 0.2405306 -0.3308477 0.9125157 0.2996797 -0.4139971 0.8595339 0.5670661 -0.7821978 -0.258075 -0.2805049 -0.8469128 0.4517254 -0.2501922 -0.8934779 0.3729627 0.3086243 -0.844186 0.4382936 0.254383 -0.8934075 0.370287 0.9167381 -0.05763757 0.395309 0.9497455 -0.02209651 0.3122421 0.8019522 0.458929 0.3824358 0.8534319 0.4193894 0.309462 -0.006032228 -0.7493171 -0.662184 0.003681123 -0.794238 -0.6075956 0 0.3905223 -0.9205935 -0.001809239 -0.9970842 0.07628911 0.001690149 -0.8554409 0.5178978 0 0.5767309 -0.8169344 -0.003320038 0.671213 -0.7412572 9.87824e-4 -0.7663597 0.6424111 0 0.7029169 0.7112721 -0.002593398 -0.4084047 0.9127973 0 -0.6417648 0.7669016 -0.001002311 -0.3819204 -0.9241946 -0.003535926 0.4090085 0.9125238 0 0.5114202 0.8593308 0 0.9661522 -0.2579727 0.4777877 -0.1559347 -0.8645249 -0.8866198 0.2863616 -0.3631837 -0.7124513 0.2315107 -0.6624319 -0.516274 0.1676055 0.8398628 -0.7552437 0.2452751 -0.6078218 -0.3328658 0.1084974 0.9367117 0.8643886 -0.2813975 -0.4167107 -0.5578437 0.1813344 0.809894 0.3054905 -0.09823584 0.9471142 -0.4282869 0.1393083 -0.8928402 -0.5059843 0.1638562 0.846836 -0.4054138 0.1316797 -0.9045995 0.2885644 -0.0933448 -0.9528995 -0.9413197 0.3046833 0.1452085 0.3712452 -0.1204918 -0.9206839 -0.9480576 0.3088195 0.07627141 -0.813645 0.263621 0.5181562 0.5494884 -0.1778563 -0.8163515 0.4916175 -0.1587759 -0.8562141 0.6381782 -0.2077954 -0.7413162 -0.7282994 0.2370639 0.642947 -0.9359039 0.3017129 0.1818063 0.6694318 -0.2169137 0.7104996 -0.386708 0.1264718 0.9134888 -0.6106975 0.1982585 0.7666435 -0.3632602 0.1176375 -0.9242313 0.3890081 -0.126013 0.9125752 0.4890967 -0.1580336 0.8577937 0.9190846 -0.2978907 -0.2579631 0.301151 -0.4074038 -0.8621661 -0.5475116 0.7540017 -0.362922 -0.4362478 0.6085658 -0.662824 -0.3198664 0.4389472 0.8396494 -0.467217 0.643087 -0.6067516 -0.2028225 0.2846107 0.9369418 0.5320314 -0.736806 -0.4172044 -0.3448627 0.4755333 0.8092823 0.1799547 -0.2589411 0.9489815 -0.2742958 0.3648623 -0.8897401 -0.3149224 0.4295449 0.846354 -0.2460198 0.3460937 -0.9053692 0.1779441 -0.2451009 -0.9530276 -0.579259 0.8020672 0.1454207 -0.5828791 0.8089734 0.07624965 -0.5047227 0.6913232 0.517037 0.3013496 -0.4193783 -0.8563354 0.3929467 -0.5439975 -0.7413904 -0.4448648 0.6225501 0.6438376 -0.5730981 0.7991086 0.1816155 0.4131698 -0.5693266 0.7107447 -0.2322148 0.3317354 0.9143457 -0.3681722 0.5217846 0.7695389 -0.2241016 0.309069 -0.9242591 0.239393 -0.3314929 0.9125807 0.3058555 -0.4137241 0.8574876 0.566214 -0.782835 -0.258014 0.499068 0.7396914 0.4514287 0.4875941 0.79052 0.370581 0.01656204 0.8984816 0.4386988 0.07642418 0.9267348 0.3678614 0.3899243 -0.08044594 0.9173263 0.3144341 0.04991114 0.9479663 0.2453275 0.2174583 0.9447361 -0.182304 -0.3499395 0.9188622 -0.18682 -0.3556292 0.9157654 -0.1944928 -0.2670349 0.9438564 -0.2522033 -0.1501672 0.9559515 -0.4334153 -0.6581264 -0.6156468 0.4051866 0.6058324 -0.6846831 0.2461538 0.3725275 -0.8947803 0.4499859 0.6804993 0.5783022 0.2879477 0.4230042 -0.8591586 0.3697118 0.5628933 0.7392323 -0.5548684 -0.8306139 -0.04692256 0.4683946 0.7046344 0.5330075 0.03292697 0.04711592 0.9983466 0.05025207 0.0712226 -0.9961939 0.4469655 0.6737185 0.5884941 0.03667223 0.04800921 -0.9981735 -0.3462296 -0.5310297 -0.7733904 0.5399479 0.8082174 -0.2350341 -0.3918148 -0.5871392 -0.7083423 0.5316438 0.7915439 -0.3013525 0.5477053 0.8210232 0.1610587 -0.4673033 -0.6981214 -0.542452 -0.4543911 -0.6610372 -0.5971252 -0.5001658 -0.7476884 -0.4368024 0.5307272 0.7891075 0.3092544 0.5463936 0.8136397 -0.1986067 -0.2200325 -0.320717 0.9212634 0.4010451 0.5977382 0.69417 0.4935329 0.7312206 0.4708945 0 0.007565379 -0.9999714 -0.03726184 -0.03202188 0.9987924 -0.08824759 -0.1275453 0.9878991 -0.552451 -0.8246293 0.1215917 -0.6247107 -0.7027956 0.3403158 -0.6208022 -0.7419661 0.2531621 -0.253923 -0.9098772 0.3280955 -0.3054586 -0.9187253 0.2502782 -0.7099985 0.5470972 0.4433811 -0.7630162 0.5344414 0.3635641 -0.9027289 0.009777486 0.4300988 -0.9294983 0.07617664 0.3608739</float_array>
          <technique_common>
            <accessor source="#Vert_019-mesh-normals-array" count="2713" stride="3">
              <param name="X" type="float"/>
              <param name="Y" type="float"/>
              <param name="Z" type="float"/>
            </accessor>
          </technique_common>
        </source>
        <source id="Vert_019-mesh-map-0">
          <float_array id="Vert_019-mesh-map-0-array" count="11310">0.3810393 0.5043997 0.4371348 0.5468568 0.4158238 0.5547924 0.3052176 0.6308985 0.1286178 0.4402905 0.3810393 0.5043997 0.278994 0.3303955 0.2468503 0.128786 0.3909487 0.2485787 0.3810393 0.5043997 0.4082307 0.4757701 0.4371348 0.5468568 0.1612538 0.1924782 0.1348112 0.03435975 0.2468503 0.128786 0.5693424 0.4368203 0.3909487 0.2485787 0.4714967 0.1895144 0.3909487 0.2485787 0.2468503 0.128786 0.3771026 0.1352696 0.5693424 0.4368203 0.4082307 0.4757701 0.3909487 0.2485787 0.1043493 0.006944596 0.08355307 0.08375322 0.05212873 0.03234571 0.278994 0.3303955 0.08453655 0.2495634 0.1612538 0.1924782 0.4714967 0.1895144 0.6289052 0.2668222 0.5693424 0.4368203 0.08453655 0.2495634 0.008333981 0.1929987 0.02438867 0.1407654 0.4714967 0.1895144 0.5735163 0.1775416 0.6289052 0.2668222 0.08453655 0.2495634 0.04545897 0.3979778 0.02360153 0.2753337 0.04545897 0.3979778 0.003438174 0.3283596 0.02360153 0.2753337 0.02438867 0.1407654 0.1612538 0.1924782 0.08453655 0.2495634 0.278994 0.3303955 0.4082307 0.4757701 0.3810393 0.5043997 0.08355307 0.08375322 0.003301024 0.05609655 0.05212873 0.03234571 0.003301024 0.05609655 0.03166514 0.003202199 0.05212873 0.03234571 0.2229371 0.03391253 0.1348112 0.03435975 0.1836541 0.006292998 0.1348112 0.03435975 0.2229371 0.03391253 0.2468503 0.128786 0.2468503 0.128786 0.2849725 0.08521211 0.3285859 0.06933826 0.2468503 0.128786 0.3285859 0.06933826 0.3771026 0.1352696 0.1286178 0.4402905 0.08965533 0.6332969 0.04541897 0.476345 0.3052176 0.6308985 0.1851205 0.6590386 0.1286178 0.4402905 0.1286178 0.4402905 0.1851205 0.6590386 0.08965533 0.6332969 0.08965533 0.6332969 0.02417129 0.5708135 0.04541897 0.476345 0.3909487 0.2485787 0.4082307 0.4757701 0.278994 0.3303955 0.05212873 0.03234571 0.03166514 0.003202199 0.1043493 0.006944596 0.1286178 0.4402905 0.278994 0.3303955 0.3810393 0.5043997 0.3810393 0.5043997 0.4371348 0.5468568 0.4158238 0.5547924 0.3052176 0.6308985 0.1286178 0.4402905 0.3810393 0.5043997 0.278994 0.3303955 0.2468503 0.128786 0.3909487 0.2485787 0.3810393 0.5043997 0.4082307 0.4757701 0.4371348 0.5468568 0.1612538 0.1924782 0.1348112 0.03435975 0.2468503 0.128786 0.5693424 0.4368203 0.3909487 0.2485787 0.4714967 0.1895144 0.3909487 0.2485787 0.2468503 0.128786 0.3771026 0.1352696 0.5693424 0.4368203 0.4082307 0.4757701 0.3909487 0.2485787 0.1043493 0.006944596 0.08355307 0.08375322 0.05212873 0.03234571 0.278994 0.3303955 0.08453655 0.2495634 0.1612538 0.1924782 0.4714967 0.1895144 0.6289052 0.2668222 0.5693424 0.4368203 0.08453655 0.2495634 0.008333981 0.1929987 0.02438867 0.1407654 0.4714967 0.1895144 0.5735163 0.1775416 0.6289052 0.2668222 0.08453655 0.2495634 0.04545897 0.3979778 0.02360153 0.2753337 0.04545897 0.3979778 0.003438174 0.3283596 0.02360153 0.2753337 0.02438867 0.1407654 0.1612538 0.1924782 0.08453655 0.2495634 0.278994 0.3303955 0.4082307 0.4757701 0.3810393 0.5043997 0.08355307 0.08375322 0.003301024 0.05609655 0.05212873 0.03234571 0.003301024 0.05609655 0.03166514 0.003202199 0.05212873 0.03234571 0.2229371 0.03391253 0.1348112 0.03435975 0.1836541 0.006292998 0.1348112 0.03435975 0.2229371 0.03391253 0.2468503 0.128786 0.2468503 0.128786 0.2849725 0.08521211 0.3285859 0.06933826 0.2468503 0.128786 0.3285859 0.06933826 0.3771026 0.1352696 0.1286178 0.4402905 0.08965533 0.6332969 0.04541897 0.476345 0.3052176 0.6308985 0.1851205 0.6590386 0.1286178 0.4402905 0.1286178 0.4402905 0.1851205 0.6590386 0.08965533 0.6332969 0.08965533 0.6332969 0.02417129 0.5708135 0.04541897 0.476345 0.3909487 0.2485787 0.4082307 0.4757701 0.278994 0.3303955 0.05212873 0.03234571 0.03166514 0.003202199 0.1043493 0.006944596 0.1286178 0.4402905 0.278994 0.3303955 0.3810393 0.5043997 0.3810393 0.5043997 0.4371348 0.5468568 0.4158238 0.5547924 0.3052176 0.6308985 0.1286178 0.4402905 0.3810393 0.5043997 0.278994 0.3303955 0.2468503 0.128786 0.3909487 0.2485787 0.3810393 0.5043997 0.4082307 0.4757701 0.4371348 0.5468568 0.1612538 0.1924782 0.1348112 0.03435975 0.2468503 0.128786 0.5693424 0.4368203 0.3909487 0.2485787 0.4714967 0.1895144 0.3909487 0.2485787 0.2468503 0.128786 0.3771026 0.1352696 0.5693424 0.4368203 0.4082307 0.4757701 0.3909487 0.2485787 0.1043493 0.006944596 0.08355307 0.08375322 0.05212873 0.03234571 0.278994 0.3303955 0.08453655 0.2495634 0.1612538 0.1924782 0.4714967 0.1895144 0.6289052 0.2668222 0.5693424 0.4368203 0.08453655 0.2495634 0.008333981 0.1929987 0.02438867 0.1407654 0.4714967 0.1895144 0.5735163 0.1775416 0.6289052 0.2668222 0.08453655 0.2495634 0.04545897 0.3979778 0.02360153 0.2753337 0.04545897 0.3979778 0.003438174 0.3283596 0.02360153 0.2753337 0.02438867 0.1407654 0.1612538 0.1924782 0.08453655 0.2495634 0.278994 0.3303955 0.4082307 0.4757701 0.3810393 0.5043997 0.08355307 0.08375322 0.003301024 0.05609655 0.05212873 0.03234571 0.003301024 0.05609655 0.03166514 0.003202199 0.05212873 0.03234571 0.2229371 0.03391253 0.1348112 0.03435975 0.1836541 0.006292998 0.1348112 0.03435975 0.2229371 0.03391253 0.2468503 0.128786 0.2468503 0.128786 0.2849725 0.08521211 0.3285859 0.06933826 0.2468503 0.128786 0.3285859 0.06933826 0.3771026 0.1352696 0.1286178 0.4402905 0.08965533 0.6332969 0.04541897 0.476345 0.3052176 0.6308985 0.1851205 0.6590386 0.1286178 0.4402905 0.1286178 0.4402905 0.1851205 0.6590386 0.08965533 0.6332969 0.08965533 0.6332969 0.02417129 0.5708135 0.04541897 0.476345 0.3909487 0.2485787 0.4082307 0.4757701 0.278994 0.3303955 0.05212873 0.03234571 0.03166514 0.003202199 0.1043493 0.006944596 0.1286178 0.4402905 0.278994 0.3303955 0.3810393 0.5043997 0.3810393 0.5043997 0.4371348 0.5468568 0.4158238 0.5547924 0.3052176 0.6308985 0.1286178 0.4402905 0.3810393 0.5043997 0.278994 0.3303955 0.2468503 0.128786 0.3909487 0.2485787 0.3810393 0.5043997 0.4082307 0.4757701 0.4371348 0.5468568 0.1612538 0.1924782 0.1348112 0.03435975 0.2468503 0.128786 0.5693424 0.4368203 0.3909487 0.2485787 0.4714967 0.1895144 0.3909487 0.2485787 0.2468503 0.128786 0.3771026 0.1352696 0.5693424 0.4368203 0.4082307 0.4757701 0.3909487 0.2485787 0.1043493 0.006944596 0.08355307 0.08375322 0.05212873 0.03234571 0.278994 0.3303955 0.08453655 0.2495634 0.1612538 0.1924782 0.4714967 0.1895144 0.6289052 0.2668222 0.5693424 0.4368203 0.08453655 0.2495634 0.008333981 0.1929987 0.02438867 0.1407654 0.4714967 0.1895144 0.5735163 0.1775416 0.6289052 0.2668222 0.08453655 0.2495634 0.04545897 0.3979778 0.02360153 0.2753337 0.04545897 0.3979778 0.003438174 0.3283596 0.02360153 0.2753337 0.02438867 0.1407654 0.1612538 0.1924782 0.08453655 0.2495634 0.278994 0.3303955 0.4082307 0.4757701 0.3810393 0.5043997 0.08355307 0.08375322 0.003301024 0.05609655 0.05212873 0.03234571 0.003301024 0.05609655 0.03166514 0.003202199 0.05212873 0.03234571 0.2229371 0.03391253 0.1348112 0.03435975 0.1836541 0.006292998 0.1348112 0.03435975 0.2229371 0.03391253 0.2468503 0.128786 0.2468503 0.128786 0.2849725 0.08521211 0.3285859 0.06933826 0.2468503 0.128786 0.3285859 0.06933826 0.3771026 0.1352696 0.1286178 0.4402905 0.08965533 0.6332969 0.04541897 0.476345 0.3052176 0.6308985 0.1851205 0.6590386 0.1286178 0.4402905 0.1286178 0.4402905 0.1851205 0.6590386 0.08965533 0.6332969 0.08965533 0.6332969 0.02417129 0.5708135 0.04541897 0.476345 0.3909487 0.2485787 0.4082307 0.4757701 0.278994 0.3303955 0.05212873 0.03234571 0.03166514 0.003202199 0.1043493 0.006944596 0.1286178 0.4402905 0.278994 0.3303955 0.3810393 0.5043997 0.3810393 0.5043997 0.4371348 0.5468568 0.4158238 0.5547924 0.3052176 0.6308985 0.1286178 0.4402905 0.3810393 0.5043997 0.278994 0.3303955 0.2468503 0.128786 0.3909487 0.2485787 0.3810393 0.5043997 0.4082307 0.4757701 0.4371348 0.5468568 0.1612538 0.1924782 0.1348112 0.03435975 0.2468503 0.128786 0.5693424 0.4368203 0.3909487 0.2485787 0.4714967 0.1895144 0.3909487 0.2485787 0.2468503 0.128786 0.3771026 0.1352696 0.5693424 0.4368203 0.4082307 0.4757701 0.3909487 0.2485787 0.1043493 0.006944596 0.08355307 0.08375322 0.05212873 0.03234571 0.278994 0.3303955 0.08453655 0.2495634 0.1612538 0.1924782 0.4714967 0.1895144 0.6289052 0.2668222 0.5693424 0.4368203 0.08453655 0.2495634 0.008333981 0.1929987 0.02438867 0.1407654 0.4714967 0.1895144 0.5735163 0.1775416 0.6289052 0.2668222 0.08453655 0.2495634 0.04545897 0.3979778 0.02360153 0.2753337 0.04545897 0.3979778 0.003438174 0.3283596 0.02360153 0.2753337 0.02438867 0.1407654 0.1612538 0.1924782 0.08453655 0.2495634 0.278994 0.3303955 0.4082307 0.4757701 0.3810393 0.5043997 0.08355307 0.08375322 0.003301024 0.05609655 0.05212873 0.03234571 0.003301024 0.05609655 0.03166514 0.003202199 0.05212873 0.03234571 0.2229371 0.03391253 0.1348112 0.03435975 0.1836541 0.006292998 0.1348112 0.03435975 0.2229371 0.03391253 0.2468503 0.128786 0.2468503 0.128786 0.2849725 0.08521211 0.3285859 0.06933826 0.2468503 0.128786 0.3285859 0.06933826 0.3771026 0.1352696 0.1286178 0.4402905 0.08965533 0.6332969 0.04541897 0.476345 0.3052176 0.6308985 0.1851205 0.6590386 0.1286178 0.4402905 0.1286178 0.4402905 0.1851205 0.6590386 0.08965533 0.6332969 0.08965533 0.6332969 0.02417129 0.5708135 0.04541897 0.476345 0.3909487 0.2485787 0.4082307 0.4757701 0.278994 0.3303955 0.05212873 0.03234571 0.03166514 0.003202199 0.1043493 0.006944596 0.1286178 0.4402905 0.278994 0.3303955 0.3810393 0.5043997 0.3810393 0.5043997 0.4371348 0.5468568 0.4158238 0.5547924 0.3052176 0.6308985 0.1286178 0.4402905 0.3810393 0.5043997 0.278994 0.3303955 0.2468503 0.128786 0.3909487 0.2485787 0.3810393 0.5043997 0.4082307 0.4757701 0.4371348 0.5468568 0.1612538 0.1924782 0.1348112 0.03435975 0.2468503 0.128786 0.5693424 0.4368203 0.3909487 0.2485787 0.4714967 0.1895144 0.3909487 0.2485787 0.2468503 0.128786 0.3771026 0.1352696 0.5693424 0.4368203 0.4082307 0.4757701 0.3909487 0.2485787 0.1043493 0.006944596 0.08355307 0.08375322 0.05212873 0.03234571 0.278994 0.3303955 0.08453655 0.2495634 0.1612538 0.1924782 0.4714967 0.1895144 0.6289052 0.2668222 0.5693424 0.4368203 0.08453655 0.2495634 0.008333981 0.1929987 0.02438867 0.1407654 0.4714967 0.1895144 0.5735163 0.1775416 0.6289052 0.2668222 0.08453655 0.2495634 0.04545897 0.3979778 0.02360153 0.2753337 0.04545897 0.3979778 0.003438174 0.3283596 0.02360153 0.2753337 0.02438867 0.1407654 0.1612538 0.1924782 0.08453655 0.2495634 0.278994 0.3303955 0.4082307 0.4757701 0.3810393 0.5043997 0.08355307 0.08375322 0.003301024 0.05609655 0.05212873 0.03234571 0.003301024 0.05609655 0.03166514 0.003202199 0.05212873 0.03234571 0.2229371 0.03391253 0.1348112 0.03435975 0.1836541 0.006292998 0.1348112 0.03435975 0.2229371 0.03391253 0.2468503 0.128786 0.2468503 0.128786 0.2849725 0.08521211 0.3285859 0.06933826 0.2468503 0.128786 0.3285859 0.06933826 0.3771026 0.1352696 0.1286178 0.4402905 0.08965533 0.6332969 0.04541897 0.476345 0.3052176 0.6308985 0.1851205 0.6590386 0.1286178 0.4402905 0.1286178 0.4402905 0.1851205 0.6590386 0.08965533 0.6332969 0.08965533 0.6332969 0.02417129 0.5708135 0.04541897 0.476345 0.3909487 0.2485787 0.4082307 0.4757701 0.278994 0.3303955 0.05212873 0.03234571 0.03166514 0.003202199 0.1043493 0.006944596 0.1286178 0.4402905 0.278994 0.3303955 0.3810393 0.5043997 0.3810393 0.5043997 0.4371348 0.5468568 0.4158238 0.5547924 0.3052176 0.6308985 0.1286178 0.4402905 0.3810393 0.5043997 0.278994 0.3303955 0.2468503 0.128786 0.3909487 0.2485787 0.3810393 0.5043997 0.4082307 0.4757701 0.4371348 0.5468568 0.1612538 0.1924782 0.1348112 0.03435975 0.2468503 0.128786 0.5693424 0.4368203 0.3909487 0.2485787 0.4714967 0.1895144 0.3909487 0.2485787 0.2468503 0.128786 0.3771026 0.1352696 0.5693424 0.4368203 0.4082307 0.4757701 0.3909487 0.2485787 0.1043493 0.006944596 0.08355307 0.08375322 0.05212873 0.03234571 0.278994 0.3303955 0.08453655 0.2495634 0.1612538 0.1924782 0.4714967 0.1895144 0.6289052 0.2668222 0.5693424 0.4368203 0.08453655 0.2495634 0.008333981 0.1929987 0.02438867 0.1407654 0.4714967 0.1895144 0.5735163 0.1775416 0.6289052 0.2668222 0.08453655 0.2495634 0.04545897 0.3979778 0.02360153 0.2753337 0.04545897 0.3979778 0.003438174 0.3283596 0.02360153 0.2753337 0.02438867 0.1407654 0.1612538 0.1924782 0.08453655 0.2495634 0.278994 0.3303955 0.4082307 0.4757701 0.3810393 0.5043997 0.08355307 0.08375322 0.003301024 0.05609655 0.05212873 0.03234571 0.003301024 0.05609655 0.03166514 0.003202199 0.05212873 0.03234571 0.2229371 0.03391253 0.1348112 0.03435975 0.1836541 0.006292998 0.1348112 0.03435975 0.2229371 0.03391253 0.2468503 0.128786 0.2468503 0.128786 0.2849725 0.08521211 0.3285859 0.06933826 0.2468503 0.128786 0.3285859 0.06933826 0.3771026 0.1352696 0.1286178 0.4402905 0.08965533 0.6332969 0.04541897 0.476345 0.3052176 0.6308985 0.1851205 0.6590386 0.1286178 0.4402905 0.1286178 0.4402905 0.1851205 0.6590386 0.08965533 0.6332969 0.08965533 0.6332969 0.02417129 0.5708135 0.04541897 0.476345 0.3909487 0.2485787 0.4082307 0.4757701 0.278994 0.3303955 0.05212873 0.03234571 0.03166514 0.003202199 0.1043493 0.006944596 0.1286178 0.4402905 0.278994 0.3303955 0.3810393 0.5043997 0.3810393 0.5043997 0.4371348 0.5468568 0.4158238 0.5547924 0.3052176 0.6308985 0.1286178 0.4402905 0.3810393 0.5043997 0.278994 0.3303955 0.2468503 0.128786 0.3909487 0.2485787 0.3810393 0.5043997 0.4082307 0.4757701 0.4371348 0.5468568 0.1612538 0.1924782 0.1348112 0.03435975 0.2468503 0.128786 0.5693424 0.4368203 0.3909487 0.2485787 0.4714967 0.1895144 0.3909487 0.2485787 0.2468503 0.128786 0.3771026 0.1352696 0.5693424 0.4368203 0.4082307 0.4757701 0.3909487 0.2485787 0.1043493 0.006944596 0.08355307 0.08375322 0.05212873 0.03234571 0.278994 0.3303955 0.08453655 0.2495634 0.1612538 0.1924782 0.4714967 0.1895144 0.6289052 0.2668222 0.5693424 0.4368203 0.08453655 0.2495634 0.008333981 0.1929987 0.02438867 0.1407654 0.4714967 0.1895144 0.5735163 0.1775416 0.6289052 0.2668222 0.08453655 0.2495634 0.04545897 0.3979778 0.02360153 0.2753337 0.04545897 0.3979778 0.003438174 0.3283596 0.02360153 0.2753337 0.02438867 0.1407654 0.1612538 0.1924782 0.08453655 0.2495634 0.278994 0.3303955 0.4082307 0.4757701 0.3810393 0.5043997 0.08355307 0.08375322 0.003301024 0.05609655 0.05212873 0.03234571 0.003301024 0.05609655 0.03166514 0.003202199 0.05212873 0.03234571 0.2229371 0.03391253 0.1348112 0.03435975 0.1836541 0.006292998 0.1348112 0.03435975 0.2229371 0.03391253 0.2468503 0.128786 0.2468503 0.128786 0.2849725 0.08521211 0.3285859 0.06933826 0.2468503 0.128786 0.3285859 0.06933826 0.3771026 0.1352696 0.1286178 0.4402905 0.08965533 0.6332969 0.04541897 0.476345 0.3052176 0.6308985 0.1851205 0.6590386 0.1286178 0.4402905 0.1286178 0.4402905 0.1851205 0.6590386 0.08965533 0.6332969 0.08965533 0.6332969 0.02417129 0.5708135 0.04541897 0.476345 0.3909487 0.2485787 0.4082307 0.4757701 0.278994 0.3303955 0.05212873 0.03234571 0.03166514 0.003202199 0.1043493 0.006944596 0.1286178 0.4402905 0.278994 0.3303955 0.3810393 0.5043997 0.3810393 0.5043997 0.4371348 0.5468568 0.4158238 0.5547924 0.3052176 0.6308985 0.1286178 0.4402905 0.3810393 0.5043997 0.278994 0.3303955 0.2468503 0.128786 0.3909487 0.2485787 0.3810393 0.5043997 0.4082307 0.4757701 0.4371348 0.5468568 0.1612538 0.1924782 0.1348112 0.03435975 0.2468503 0.128786 0.5693424 0.4368203 0.3909487 0.2485787 0.4714967 0.1895144 0.3909487 0.2485787 0.2468503 0.128786 0.3771026 0.1352696 0.5693424 0.4368203 0.4082307 0.4757701 0.3909487 0.2485787 0.1043493 0.006944596 0.08355307 0.08375322 0.05212873 0.03234571 0.278994 0.3303955 0.08453655 0.2495634 0.1612538 0.1924782 0.4714967 0.1895144 0.6289052 0.2668222 0.5693424 0.4368203 0.08453655 0.2495634 0.008333981 0.1929987 0.02438867 0.1407654 0.4714967 0.1895144 0.5735163 0.1775416 0.6289052 0.2668222 0.08453655 0.2495634 0.04545897 0.3979778 0.02360153 0.2753337 0.04545897 0.3979778 0.003438174 0.3283596 0.02360153 0.2753337 0.02438867 0.1407654 0.1612538 0.1924782 0.08453655 0.2495634 0.278994 0.3303955 0.4082307 0.4757701 0.3810393 0.5043997 0.08355307 0.08375322 0.003301024 0.05609655 0.05212873 0.03234571 0.003301024 0.05609655 0.03166514 0.003202199 0.05212873 0.03234571 0.2229371 0.03391253 0.1348112 0.03435975 0.1836541 0.006292998 0.1348112 0.03435975 0.2229371 0.03391253 0.2468503 0.128786 0.2468503 0.128786 0.2849725 0.08521211 0.3285859 0.06933826 0.2468503 0.128786 0.3285859 0.06933826 0.3771026 0.1352696 0.1286178 0.4402905 0.08965533 0.6332969 0.04541897 0.476345 0.3052176 0.6308985 0.1851205 0.6590386 0.1286178 0.4402905 0.1286178 0.4402905 0.1851205 0.6590386 0.08965533 0.6332969 0.08965533 0.6332969 0.02417129 0.5708135 0.04541897 0.476345 0.3909487 0.2485787 0.4082307 0.4757701 0.278994 0.3303955 0.05212873 0.03234571 0.03166514 0.003202199 0.1043493 0.006944596 0.1286178 0.4402905 0.278994 0.3303955 0.3810393 0.5043997 0.3810393 0.5043997 0.4371348 0.5468568 0.4158238 0.5547924 0.3052176 0.6308985 0.1286178 0.4402905 0.3810393 0.5043997 0.278994 0.3303955 0.2468503 0.128786 0.3909487 0.2485787 0.3810393 0.5043997 0.4082307 0.4757701 0.4371348 0.5468568 0.1612538 0.1924782 0.1348112 0.03435975 0.2468503 0.128786 0.5693424 0.4368203 0.3909487 0.2485787 0.4714967 0.1895144 0.3909487 0.2485787 0.2468503 0.128786 0.3771026 0.1352696 0.5693424 0.4368203 0.4082307 0.4757701 0.3909487 0.2485787 0.1043493 0.006944596 0.08355307 0.08375322 0.05212873 0.03234571 0.278994 0.3303955 0.08453655 0.2495634 0.1612538 0.1924782 0.4714967 0.1895144 0.6289052 0.2668222 0.5693424 0.4368203 0.08453655 0.2495634 0.008333981 0.1929987 0.02438867 0.1407654 0.4714967 0.1895144 0.5735163 0.1775416 0.6289052 0.2668222 0.08453655 0.2495634 0.04545897 0.3979778 0.02360153 0.2753337 0.04545897 0.3979778 0.003438174 0.3283596 0.02360153 0.2753337 0.02438867 0.1407654 0.1612538 0.1924782 0.08453655 0.2495634 0.278994 0.3303955 0.4082307 0.4757701 0.3810393 0.5043997 0.08355307 0.08375322 0.003301024 0.05609655 0.05212873 0.03234571 0.003301024 0.05609655 0.03166514 0.003202199 0.05212873 0.03234571 0.2229371 0.03391253 0.1348112 0.03435975 0.1836541 0.006292998 0.1348112 0.03435975 0.2229371 0.03391253 0.2468503 0.128786 0.2468503 0.128786 0.2849725 0.08521211 0.3285859 0.06933826 0.2468503 0.128786 0.3285859 0.06933826 0.3771026 0.1352696 0.1286178 0.4402905 0.08965533 0.6332969 0.04541897 0.476345 0.3052176 0.6308985 0.1851205 0.6590386 0.1286178 0.4402905 0.1286178 0.4402905 0.1851205 0.6590386 0.08965533 0.6332969 0.08965533 0.6332969 0.02417129 0.5708135 0.04541897 0.476345 0.3909487 0.2485787 0.4082307 0.4757701 0.278994 0.3303955 0.05212873 0.03234571 0.03166514 0.003202199 0.1043493 0.006944596 0.1286178 0.4402905 0.278994 0.3303955 0.3810393 0.5043997 0.3810393 0.5043997 0.4371348 0.5468568 0.4158238 0.5547924 0.3052176 0.6308985 0.1286178 0.4402905 0.3810393 0.5043997 0.278994 0.3303955 0.2468503 0.128786 0.3909487 0.2485787 0.3810393 0.5043997 0.4082307 0.4757701 0.4371348 0.5468568 0.1612538 0.1924782 0.1348112 0.03435975 0.2468503 0.128786 0.5693424 0.4368203 0.3909487 0.2485787 0.4714967 0.1895144 0.3909487 0.2485787 0.2468503 0.128786 0.3771026 0.1352696 0.5693424 0.4368203 0.4082307 0.4757701 0.3909487 0.2485787 0.1043493 0.006944596 0.08355307 0.08375322 0.05212873 0.03234571 0.278994 0.3303955 0.08453655 0.2495634 0.1612538 0.1924782 0.4714967 0.1895144 0.6289052 0.2668222 0.5693424 0.4368203 0.08453655 0.2495634 0.008333981 0.1929987 0.02438867 0.1407654 0.4714967 0.1895144 0.5735163 0.1775416 0.6289052 0.2668222 0.08453655 0.2495634 0.04545897 0.3979778 0.02360153 0.2753337 0.04545897 0.3979778 0.003438174 0.3283596 0.02360153 0.2753337 0.02438867 0.1407654 0.1612538 0.1924782 0.08453655 0.2495634 0.278994 0.3303955 0.4082307 0.4757701 0.3810393 0.5043997 0.08355307 0.08375322 0.003301024 0.05609655 0.05212873 0.03234571 0.003301024 0.05609655 0.03166514 0.003202199 0.05212873 0.03234571 0.2229371 0.03391253 0.1348112 0.03435975 0.1836541 0.006292998 0.1348112 0.03435975 0.2229371 0.03391253 0.2468503 0.128786 0.2468503 0.128786 0.2849725 0.08521211 0.3285859 0.06933826 0.2468503 0.128786 0.3285859 0.06933826 0.3771026 0.1352696 0.1286178 0.4402905 0.08965533 0.6332969 0.04541897 0.476345 0.3052176 0.6308985 0.1851205 0.6590386 0.1286178 0.4402905 0.1286178 0.4402905 0.1851205 0.6590386 0.08965533 0.6332969 0.08965533 0.6332969 0.02417129 0.5708135 0.04541897 0.476345 0.3909487 0.2485787 0.4082307 0.4757701 0.278994 0.3303955 0.05212873 0.03234571 0.03166514 0.003202199 0.1043493 0.006944596 0.1286178 0.4402905 0.278994 0.3303955 0.3810393 0.5043997 0.3810393 0.5043997 0.4371348 0.5468568 0.4158238 0.5547924 0.3052176 0.6308985 0.1286178 0.4402905 0.3810393 0.5043997 0.278994 0.3303955 0.2468503 0.128786 0.3909487 0.2485787 0.3810393 0.5043997 0.4082307 0.4757701 0.4371348 0.5468568 0.1612538 0.1924782 0.1348112 0.03435975 0.2468503 0.128786 0.5693424 0.4368203 0.3909487 0.2485787 0.4714967 0.1895144 0.3909487 0.2485787 0.2468503 0.128786 0.3771026 0.1352696 0.5693424 0.4368203 0.4082307 0.4757701 0.3909487 0.2485787 0.1043493 0.006944596 0.08355307 0.08375322 0.05212873 0.03234571 0.278994 0.3303955 0.08453655 0.2495634 0.1612538 0.1924782 0.4714967 0.1895144 0.6289052 0.2668222 0.5693424 0.4368203 0.08453655 0.2495634 0.008333981 0.1929987 0.02438867 0.1407654 0.4714967 0.1895144 0.5735163 0.1775416 0.6289052 0.2668222 0.08453655 0.2495634 0.04545897 0.3979778 0.02360153 0.2753337 0.04545897 0.3979778 0.003438174 0.3283596 0.02360153 0.2753337 0.02438867 0.1407654 0.1612538 0.1924782 0.08453655 0.2495634 0.278994 0.3303955 0.4082307 0.4757701 0.3810393 0.5043997 0.08355307 0.08375322 0.003301024 0.05609655 0.05212873 0.03234571 0.003301024 0.05609655 0.03166514 0.003202199 0.05212873 0.03234571 0.2229371 0.03391253 0.1348112 0.03435975 0.1836541 0.006292998 0.1348112 0.03435975 0.2229371 0.03391253 0.2468503 0.128786 0.2468503 0.128786 0.2849725 0.08521211 0.3285859 0.06933826 0.2468503 0.128786 0.3285859 0.06933826 0.3771026 0.1352696 0.1286178 0.4402905 0.08965533 0.6332969 0.04541897 0.476345 0.3052176 0.6308985 0.1851205 0.6590386 0.1286178 0.4402905 0.1286178 0.4402905 0.1851205 0.6590386 0.08965533 0.6332969 0.08965533 0.6332969 0.02417129 0.5708135 0.04541897 0.476345 0.3909487 0.2485787 0.4082307 0.4757701 0.278994 0.3303955 0.05212873 0.03234571 0.03166514 0.003202199 0.1043493 0.006944596 0.1286178 0.4402905 0.278994 0.3303955 0.3810393 0.5043997 0.3810393 0.5043997 0.4371348 0.5468568 0.4158238 0.5547924 0.3052176 0.6308985 0.1286178 0.4402905 0.3810393 0.5043997 0.278994 0.3303955 0.2468503 0.128786 0.3909487 0.2485787 0.3810393 0.5043997 0.4082307 0.4757701 0.4371348 0.5468568 0.1612538 0.1924782 0.1348112 0.03435975 0.2468503 0.128786 0.5693424 0.4368203 0.3909487 0.2485787 0.4714967 0.1895144 0.3909487 0.2485787 0.2468503 0.128786 0.3771026 0.1352696 0.5693424 0.4368203 0.4082307 0.4757701 0.3909487 0.2485787 0.1043493 0.006944596 0.08355307 0.08375322 0.05212873 0.03234571 0.278994 0.3303955 0.08453655 0.2495634 0.1612538 0.1924782 0.4714967 0.1895144 0.6289052 0.2668222 0.5693424 0.4368203 0.08453655 0.2495634 0.008333981 0.1929987 0.02438867 0.1407654 0.4714967 0.1895144 0.5735163 0.1775416 0.6289052 0.2668222 0.08453655 0.2495634 0.04545897 0.3979778 0.02360153 0.2753337 0.04545897 0.3979778 0.003438174 0.3283596 0.02360153 0.2753337 0.02438867 0.1407654 0.1612538 0.1924782 0.08453655 0.2495634 0.278994 0.3303955 0.4082307 0.4757701 0.3810393 0.5043997 0.08355307 0.08375322 0.003301024 0.05609655 0.05212873 0.03234571 0.003301024 0.05609655 0.03166514 0.003202199 0.05212873 0.03234571 0.2229371 0.03391253 0.1348112 0.03435975 0.1836541 0.006292998 0.1348112 0.03435975 0.2229371 0.03391253 0.2468503 0.128786 0.2468503 0.128786 0.2849725 0.08521211 0.3285859 0.06933826 0.2468503 0.128786 0.3285859 0.06933826 0.3771026 0.1352696 0.1286178 0.4402905 0.08965533 0.6332969 0.04541897 0.476345 0.3052176 0.6308985 0.1851205 0.6590386 0.1286178 0.4402905 0.1286178 0.4402905 0.1851205 0.6590386 0.08965533 0.6332969 0.08965533 0.6332969 0.02417129 0.5708135 0.04541897 0.476345 0.3909487 0.2485787 0.4082307 0.4757701 0.278994 0.3303955 0.05212873 0.03234571 0.03166514 0.003202199 0.1043493 0.006944596 0.1286178 0.4402905 0.278994 0.3303955 0.3810393 0.5043997 0.3810393 0.5043997 0.4371348 0.5468568 0.4158238 0.5547924 0.3052176 0.6308985 0.1286178 0.4402905 0.3810393 0.5043997 0.278994 0.3303955 0.2468503 0.128786 0.3909487 0.2485787 0.3810393 0.5043997 0.4082307 0.4757701 0.4371348 0.5468568 0.1612538 0.1924782 0.1348112 0.03435975 0.2468503 0.128786 0.5693424 0.4368203 0.3909487 0.2485787 0.4714967 0.1895144 0.3909487 0.2485787 0.2468503 0.128786 0.3771026 0.1352696 0.5693424 0.4368203 0.4082307 0.4757701 0.3909487 0.2485787 0.1043493 0.006944596 0.08355307 0.08375322 0.05212873 0.03234571 0.278994 0.3303955 0.08453655 0.2495634 0.1612538 0.1924782 0.4714967 0.1895144 0.6289052 0.2668222 0.5693424 0.4368203 0.08453655 0.2495634 0.008333981 0.1929987 0.02438867 0.1407654 0.4714967 0.1895144 0.5735163 0.1775416 0.6289052 0.2668222 0.08453655 0.2495634 0.04545897 0.3979778 0.02360153 0.2753337 0.04545897 0.3979778 0.003438174 0.3283596 0.02360153 0.2753337 0.02438867 0.1407654 0.1612538 0.1924782 0.08453655 0.2495634 0.278994 0.3303955 0.4082307 0.4757701 0.3810393 0.5043997 0.08355307 0.08375322 0.003301024 0.05609655 0.05212873 0.03234571 0.003301024 0.05609655 0.03166514 0.003202199 0.05212873 0.03234571 0.2229371 0.03391253 0.1348112 0.03435975 0.1836541 0.006292998 0.1348112 0.03435975 0.2229371 0.03391253 0.2468503 0.128786 0.2468503 0.128786 0.2849725 0.08521211 0.3285859 0.06933826 0.2468503 0.128786 0.3285859 0.06933826 0.3771026 0.1352696 0.1286178 0.4402905 0.08965533 0.6332969 0.04541897 0.476345 0.3052176 0.6308985 0.1851205 0.6590386 0.1286178 0.4402905 0.1286178 0.4402905 0.1851205 0.6590386 0.08965533 0.6332969 0.08965533 0.6332969 0.02417129 0.5708135 0.04541897 0.476345 0.3909487 0.2485787 0.4082307 0.4757701 0.278994 0.3303955 0.05212873 0.03234571 0.03166514 0.003202199 0.1043493 0.006944596 0.1286178 0.4402905 0.278994 0.3303955 0.3810393 0.5043997 0.3810393 0.5043997 0.4371348 0.5468568 0.4158238 0.5547924 0.3052176 0.6308985 0.1286178 0.4402905 0.3810393 0.5043997 0.278994 0.3303955 0.2468503 0.128786 0.3909487 0.2485787 0.3810393 0.5043997 0.4082307 0.4757701 0.4371348 0.5468568 0.1612538 0.1924782 0.1348112 0.03435975 0.2468503 0.128786 0.5693424 0.4368203 0.3909487 0.2485787 0.4714967 0.1895144 0.3909487 0.2485787 0.2468503 0.128786 0.3771026 0.1352696 0.5693424 0.4368203 0.4082307 0.4757701 0.3909487 0.2485787 0.1043493 0.006944596 0.08355307 0.08375322 0.05212873 0.03234571 0.278994 0.3303955 0.08453655 0.2495634 0.1612538 0.1924782 0.4714967 0.1895144 0.6289052 0.2668222 0.5693424 0.4368203 0.08453655 0.2495634 0.008333981 0.1929987 0.02438867 0.1407654 0.4714967 0.1895144 0.5735163 0.1775416 0.6289052 0.2668222 0.08453655 0.2495634 0.04545897 0.3979778 0.02360153 0.2753337 0.04545897 0.3979778 0.003438174 0.3283596 0.02360153 0.2753337 0.02438867 0.1407654 0.1612538 0.1924782 0.08453655 0.2495634 0.278994 0.3303955 0.4082307 0.4757701 0.3810393 0.5043997 0.08355307 0.08375322 0.003301024 0.05609655 0.05212873 0.03234571 0.003301024 0.05609655 0.03166514 0.003202199 0.05212873 0.03234571 0.2229371 0.03391253 0.1348112 0.03435975 0.1836541 0.006292998 0.1348112 0.03435975 0.2229371 0.03391253 0.2468503 0.128786 0.2468503 0.128786 0.2849725 0.08521211 0.3285859 0.06933826 0.2468503 0.128786 0.3285859 0.06933826 0.3771026 0.1352696 0.1286178 0.4402905 0.08965533 0.6332969 0.04541897 0.476345 0.3052176 0.6308985 0.1851205 0.6590386 0.1286178 0.4402905 0.1286178 0.4402905 0.1851205 0.6590386 0.08965533 0.6332969 0.08965533 0.6332969 0.02417129 0.5708135 0.04541897 0.476345 0.3909487 0.2485787 0.4082307 0.4757701 0.278994 0.3303955 0.05212873 0.03234571 0.03166514 0.003202199 0.1043493 0.006944596 0.1286178 0.4402905 0.278994 0.3303955 0.3810393 0.5043997 0.3810393 0.5043997 0.4371348 0.5468568 0.4158238 0.5547924 0.3052176 0.6308985 0.1286178 0.4402905 0.3810393 0.5043997 0.278994 0.3303955 0.2468503 0.128786 0.3909487 0.2485787 0.3810393 0.5043997 0.4082307 0.4757701 0.4371348 0.5468568 0.1612538 0.1924782 0.1348112 0.03435975 0.2468503 0.128786 0.5693424 0.4368203 0.3909487 0.2485787 0.4714967 0.1895144 0.3909487 0.2485787 0.2468503 0.128786 0.3771026 0.1352696 0.5693424 0.4368203 0.4082307 0.4757701 0.3909487 0.2485787 0.1043493 0.006944596 0.08355307 0.08375322 0.05212873 0.03234571 0.278994 0.3303955 0.08453655 0.2495634 0.1612538 0.1924782 0.4714967 0.1895144 0.6289052 0.2668222 0.5693424 0.4368203 0.08453655 0.2495634 0.008333981 0.1929987 0.02438867 0.1407654 0.4714967 0.1895144 0.5735163 0.1775416 0.6289052 0.2668222 0.08453655 0.2495634 0.04545897 0.3979778 0.02360153 0.2753337 0.04545897 0.3979778 0.003438174 0.3283596 0.02360153 0.2753337 0.02438867 0.1407654 0.1612538 0.1924782 0.08453655 0.2495634 0.278994 0.3303955 0.4082307 0.4757701 0.3810393 0.5043997 0.08355307 0.08375322 0.003301024 0.05609655 0.05212873 0.03234571 0.003301024 0.05609655 0.03166514 0.003202199 0.05212873 0.03234571 0.2229371 0.03391253 0.1348112 0.03435975 0.1836541 0.006292998 0.1348112 0.03435975 0.2229371 0.03391253 0.2468503 0.128786 0.2468503 0.128786 0.2849725 0.08521211 0.3285859 0.06933826 0.2468503 0.128786 0.3285859 0.06933826 0.3771026 0.1352696 0.1286178 0.4402905 0.08965533 0.6332969 0.04541897 0.476345 0.3052176 0.6308985 0.1851205 0.6590386 0.1286178 0.4402905 0.1286178 0.4402905 0.1851205 0.6590386 0.08965533 0.6332969 0.08965533 0.6332969 0.02417129 0.5708135 0.04541897 0.476345 0.3909487 0.2485787 0.4082307 0.4757701 0.278994 0.3303955 0.05212873 0.03234571 0.03166514 0.003202199 0.1043493 0.006944596 0.1286178 0.4402905 0.278994 0.3303955 0.3810393 0.5043997 0.3810393 0.5043997 0.4371348 0.5468568 0.4158238 0.5547924 0.3052176 0.6308985 0.1286178 0.4402905 0.3810393 0.5043997 0.278994 0.3303955 0.2468503 0.128786 0.3909487 0.2485787 0.3810393 0.5043997 0.4082307 0.4757701 0.4371348 0.5468568 0.1612538 0.1924782 0.1348112 0.03435975 0.2468503 0.128786 0.5693424 0.4368203 0.3909487 0.2485787 0.4714967 0.1895144 0.3909487 0.2485787 0.2468503 0.128786 0.3771026 0.1352696 0.5693424 0.4368203 0.4082307 0.4757701 0.3909487 0.2485787 0.1043493 0.006944596 0.08355307 0.08375322 0.05212873 0.03234571 0.278994 0.3303955 0.08453655 0.2495634 0.1612538 0.1924782 0.4714967 0.1895144 0.6289052 0.2668222 0.5693424 0.4368203 0.08453655 0.2495634 0.008333981 0.1929987 0.02438867 0.1407654 0.4714967 0.1895144 0.5735163 0.1775416 0.6289052 0.2668222 0.08453655 0.2495634 0.04545897 0.3979778 0.02360153 0.2753337 0.04545897 0.3979778 0.003438174 0.3283596 0.02360153 0.2753337 0.02438867 0.1407654 0.1612538 0.1924782 0.08453655 0.2495634 0.278994 0.3303955 0.4082307 0.4757701 0.3810393 0.5043997 0.08355307 0.08375322 0.003301024 0.05609655 0.05212873 0.03234571 0.003301024 0.05609655 0.03166514 0.003202199 0.05212873 0.03234571 0.2229371 0.03391253 0.1348112 0.03435975 0.1836541 0.006292998 0.1348112 0.03435975 0.2229371 0.03391253 0.2468503 0.128786 0.2468503 0.128786 0.2849725 0.08521211 0.3285859 0.06933826 0.2468503 0.128786 0.3285859 0.06933826 0.3771026 0.1352696 0.1286178 0.4402905 0.08965533 0.6332969 0.04541897 0.476345 0.3052176 0.6308985 0.1851205 0.6590386 0.1286178 0.4402905 0.1286178 0.4402905 0.1851205 0.6590386 0.08965533 0.6332969 0.08965533 0.6332969 0.02417129 0.5708135 0.04541897 0.476345 0.3909487 0.2485787 0.4082307 0.4757701 0.278994 0.3303955 0.05212873 0.03234571 0.03166514 0.003202199 0.1043493 0.006944596 0.1286178 0.4402905 0.278994 0.3303955 0.3810393 0.5043997 0.3810393 0.5043997 0.4371348 0.5468568 0.4158238 0.5547924 0.3052176 0.6308985 0.1286178 0.4402905 0.3810393 0.5043997 0.278994 0.3303955 0.2468503 0.128786 0.3909487 0.2485787 0.3810393 0.5043997 0.4082307 0.4757701 0.4371348 0.5468568 0.1612538 0.1924782 0.1348112 0.03435975 0.2468503 0.128786 0.5693424 0.4368203 0.3909487 0.2485787 0.4714967 0.1895144 0.3909487 0.2485787 0.2468503 0.128786 0.3771026 0.1352696 0.5693424 0.4368203 0.4082307 0.4757701 0.3909487 0.2485787 0.1043493 0.006944596 0.08355307 0.08375322 0.05212873 0.03234571 0.278994 0.3303955 0.08453655 0.2495634 0.1612538 0.1924782 0.4714967 0.1895144 0.6289052 0.2668222 0.5693424 0.4368203 0.08453655 0.2495634 0.008333981 0.1929987 0.02438867 0.1407654 0.4714967 0.1895144 0.5735163 0.1775416 0.6289052 0.2668222 0.08453655 0.2495634 0.04545897 0.3979778 0.02360153 0.2753337 0.04545897 0.3979778 0.003438174 0.3283596 0.02360153 0.2753337 0.02438867 0.1407654 0.1612538 0.1924782 0.08453655 0.2495634 0.278994 0.3303955 0.4082307 0.4757701 0.3810393 0.5043997 0.08355307 0.08375322 0.003301024 0.05609655 0.05212873 0.03234571 0.003301024 0.05609655 0.03166514 0.003202199 0.05212873 0.03234571 0.2229371 0.03391253 0.1348112 0.03435975 0.1836541 0.006292998 0.1348112 0.03435975 0.2229371 0.03391253 0.2468503 0.128786 0.2468503 0.128786 0.2849725 0.08521211 0.3285859 0.06933826 0.2468503 0.128786 0.3285859 0.06933826 0.3771026 0.1352696 0.1286178 0.4402905 0.08965533 0.6332969 0.04541897 0.476345 0.3052176 0.6308985 0.1851205 0.6590386 0.1286178 0.4402905 0.1286178 0.4402905 0.1851205 0.6590386 0.08965533 0.6332969 0.08965533 0.6332969 0.02417129 0.5708135 0.04541897 0.476345 0.3909487 0.2485787 0.4082307 0.4757701 0.278994 0.3303955 0.05212873 0.03234571 0.03166514 0.003202199 0.1043493 0.006944596 0.1286178 0.4402905 0.278994 0.3303955 0.3810393 0.5043997 0.3810393 0.5043997 0.4371348 0.5468568 0.4158238 0.5547924 0.3052176 0.6308985 0.1286178 0.4402905 0.3810393 0.5043997 0.278994 0.3303955 0.2468503 0.128786 0.3909487 0.2485787 0.3810393 0.5043997 0.4082307 0.4757701 0.4371348 0.5468568 0.1612538 0.1924782 0.1348112 0.03435975 0.2468503 0.128786 0.5693424 0.4368203 0.3909487 0.2485787 0.4714967 0.1895144 0.3909487 0.2485787 0.2468503 0.128786 0.3771026 0.1352696 0.5693424 0.4368203 0.4082307 0.4757701 0.3909487 0.2485787 0.1043493 0.006944596 0.08355307 0.08375322 0.05212873 0.03234571 0.278994 0.3303955 0.08453655 0.2495634 0.1612538 0.1924782 0.4714967 0.1895144 0.6289052 0.2668222 0.5693424 0.4368203 0.08453655 0.2495634 0.008333981 0.1929987 0.02438867 0.1407654 0.4714967 0.1895144 0.5735163 0.1775416 0.6289052 0.2668222 0.08453655 0.2495634 0.04545897 0.3979778 0.02360153 0.2753337 0.04545897 0.3979778 0.003438174 0.3283596 0.02360153 0.2753337 0.02438867 0.1407654 0.1612538 0.1924782 0.08453655 0.2495634 0.278994 0.3303955 0.4082307 0.4757701 0.3810393 0.5043997 0.08355307 0.08375322 0.003301024 0.05609655 0.05212873 0.03234571 0.003301024 0.05609655 0.03166514 0.003202199 0.05212873 0.03234571 0.2229371 0.03391253 0.1348112 0.03435975 0.1836541 0.006292998 0.1348112 0.03435975 0.2229371 0.03391253 0.2468503 0.128786 0.2468503 0.128786 0.2849725 0.08521211 0.3285859 0.06933826 0.2468503 0.128786 0.3285859 0.06933826 0.3771026 0.1352696 0.1286178 0.4402905 0.08965533 0.6332969 0.04541897 0.476345 0.3052176 0.6308985 0.1851205 0.6590386 0.1286178 0.4402905 0.1286178 0.4402905 0.1851205 0.6590386 0.08965533 0.6332969 0.08965533 0.6332969 0.02417129 0.5708135 0.04541897 0.476345 0.3909487 0.2485787 0.4082307 0.4757701 0.278994 0.3303955 0.05212873 0.03234571 0.03166514 0.003202199 0.1043493 0.006944596 0.1286178 0.4402905 0.278994 0.3303955 0.3810393 0.5043997 0.3810393 0.5043997 0.4371348 0.5468568 0.4158238 0.5547924 0.3052176 0.6308985 0.1286178 0.4402905 0.3810393 0.5043997 0.278994 0.3303955 0.2468503 0.128786 0.3909487 0.2485787 0.3810393 0.5043997 0.4082307 0.4757701 0.4371348 0.5468568 0.1612538 0.1924782 0.1348112 0.03435975 0.2468503 0.128786 0.5693424 0.4368203 0.3909487 0.2485787 0.4714967 0.1895144 0.3909487 0.2485787 0.2468503 0.128786 0.3771026 0.1352696 0.5693424 0.4368203 0.4082307 0.4757701 0.3909487 0.2485787 0.1043493 0.006944596 0.08355307 0.08375322 0.05212873 0.03234571 0.278994 0.3303955 0.08453655 0.2495634 0.1612538 0.1924782 0.4714967 0.1895144 0.6289052 0.2668222 0.5693424 0.4368203 0.08453655 0.2495634 0.008333981 0.1929987 0.02438867 0.1407654 0.4714967 0.1895144 0.5735163 0.1775416 0.6289052 0.2668222 0.08453655 0.2495634 0.04545897 0.3979778 0.02360153 0.2753337 0.04545897 0.3979778 0.003438174 0.3283596 0.02360153 0.2753337 0.02438867 0.1407654 0.1612538 0.1924782 0.08453655 0.2495634 0.278994 0.3303955 0.4082307 0.4757701 0.3810393 0.5043997 0.08355307 0.08375322 0.003301024 0.05609655 0.05212873 0.03234571 0.003301024 0.05609655 0.03166514 0.003202199 0.05212873 0.03234571 0.2229371 0.03391253 0.1348112 0.03435975 0.1836541 0.006292998 0.1348112 0.03435975 0.2229371 0.03391253 0.2468503 0.128786 0.2468503 0.128786 0.2849725 0.08521211 0.3285859 0.06933826 0.2468503 0.128786 0.3285859 0.06933826 0.3771026 0.1352696 0.1286178 0.4402905 0.08965533 0.6332969 0.04541897 0.476345 0.3052176 0.6308985 0.1851205 0.6590386 0.1286178 0.4402905 0.1286178 0.4402905 0.1851205 0.6590386 0.08965533 0.6332969 0.08965533 0.6332969 0.02417129 0.5708135 0.04541897 0.476345 0.3909487 0.2485787 0.4082307 0.4757701 0.278994 0.3303955 0.05212873 0.03234571 0.03166514 0.003202199 0.1043493 0.006944596 0.1286178 0.4402905 0.278994 0.3303955 0.3810393 0.5043997 0.3810393 0.5043997 0.4371348 0.5468568 0.4158238 0.5547924 0.3052176 0.6308985 0.1286178 0.4402905 0.3810393 0.5043997 0.278994 0.3303955 0.2468503 0.128786 0.3909487 0.2485787 0.3810393 0.5043997 0.4082307 0.4757701 0.4371348 0.5468568 0.1612538 0.1924782 0.1348112 0.03435975 0.2468503 0.128786 0.5693424 0.4368203 0.3909487 0.2485787 0.4714967 0.1895144 0.3909487 0.2485787 0.2468503 0.128786 0.3771026 0.1352696 0.5693424 0.4368203 0.4082307 0.4757701 0.3909487 0.2485787 0.1043493 0.006944596 0.08355307 0.08375322 0.05212873 0.03234571 0.278994 0.3303955 0.08453655 0.2495634 0.1612538 0.1924782 0.4714967 0.1895144 0.6289052 0.2668222 0.5693424 0.4368203 0.08453655 0.2495634 0.008333981 0.1929987 0.02438867 0.1407654 0.4714967 0.1895144 0.5735163 0.1775416 0.6289052 0.2668222 0.08453655 0.2495634 0.04545897 0.3979778 0.02360153 0.2753337 0.04545897 0.3979778 0.003438174 0.3283596 0.02360153 0.2753337 0.02438867 0.1407654 0.1612538 0.1924782 0.08453655 0.2495634 0.278994 0.3303955 0.4082307 0.4757701 0.3810393 0.5043997 0.08355307 0.08375322 0.003301024 0.05609655 0.05212873 0.03234571 0.003301024 0.05609655 0.03166514 0.003202199 0.05212873 0.03234571 0.2229371 0.03391253 0.1348112 0.03435975 0.1836541 0.006292998 0.1348112 0.03435975 0.2229371 0.03391253 0.2468503 0.128786 0.2468503 0.128786 0.2849725 0.08521211 0.3285859 0.06933826 0.2468503 0.128786 0.3285859 0.06933826 0.3771026 0.1352696 0.1286178 0.4402905 0.08965533 0.6332969 0.04541897 0.476345 0.3052176 0.6308985 0.1851205 0.6590386 0.1286178 0.4402905 0.1286178 0.4402905 0.1851205 0.6590386 0.08965533 0.6332969 0.08965533 0.6332969 0.02417129 0.5708135 0.04541897 0.476345 0.3909487 0.2485787 0.4082307 0.4757701 0.278994 0.3303955 0.05212873 0.03234571 0.03166514 0.003202199 0.1043493 0.006944596 0.1286178 0.4402905 0.278994 0.3303955 0.3810393 0.5043997 0.3810393 0.5043997 0.4371348 0.5468568 0.4158238 0.5547924 0.3052176 0.6308985 0.1286178 0.4402905 0.3810393 0.5043997 0.278994 0.3303955 0.2468503 0.128786 0.3909487 0.2485787 0.3810393 0.5043997 0.4082307 0.4757701 0.4371348 0.5468568 0.1612538 0.1924782 0.1348112 0.03435975 0.2468503 0.128786 0.5693424 0.4368203 0.3909487 0.2485787 0.4714967 0.1895144 0.3909487 0.2485787 0.2468503 0.128786 0.3771026 0.1352696 0.5693424 0.4368203 0.4082307 0.4757701 0.3909487 0.2485787 0.1043493 0.006944596 0.08355307 0.08375322 0.05212873 0.03234571 0.278994 0.3303955 0.08453655 0.2495634 0.1612538 0.1924782 0.4714967 0.1895144 0.6289052 0.2668222 0.5693424 0.4368203 0.08453655 0.2495634 0.008333981 0.1929987 0.02438867 0.1407654 0.4714967 0.1895144 0.5735163 0.1775416 0.6289052 0.2668222 0.08453655 0.2495634 0.04545897 0.3979778 0.02360153 0.2753337 0.04545897 0.3979778 0.003438174 0.3283596 0.02360153 0.2753337 0.02438867 0.1407654 0.1612538 0.1924782 0.08453655 0.2495634 0.278994 0.3303955 0.4082307 0.4757701 0.3810393 0.5043997 0.08355307 0.08375322 0.003301024 0.05609655 0.05212873 0.03234571 0.003301024 0.05609655 0.03166514 0.003202199 0.05212873 0.03234571 0.2229371 0.03391253 0.1348112 0.03435975 0.1836541 0.006292998 0.1348112 0.03435975 0.2229371 0.03391253 0.2468503 0.128786 0.2468503 0.128786 0.2849725 0.08521211 0.3285859 0.06933826 0.2468503 0.128786 0.3285859 0.06933826 0.3771026 0.1352696 0.1286178 0.4402905 0.08965533 0.6332969 0.04541897 0.476345 0.3052176 0.6308985 0.1851205 0.6590386 0.1286178 0.4402905 0.1286178 0.4402905 0.1851205 0.6590386 0.08965533 0.6332969 0.08965533 0.6332969 0.02417129 0.5708135 0.04541897 0.476345 0.3909487 0.2485787 0.4082307 0.4757701 0.278994 0.3303955 0.05212873 0.03234571 0.03166514 0.003202199 0.1043493 0.006944596 0.1286178 0.4402905 0.278994 0.3303955 0.3810393 0.5043997 0.3810393 0.5043997 0.4371348 0.5468568 0.4158238 0.5547924 0.3052176 0.6308985 0.1286178 0.4402905 0.3810393 0.5043997 0.278994 0.3303955 0.2468503 0.128786 0.3909487 0.2485787 0.3810393 0.5043997 0.4082307 0.4757701 0.4371348 0.5468568 0.1612538 0.1924782 0.1348112 0.03435975 0.2468503 0.128786 0.5693424 0.4368203 0.3909487 0.2485787 0.4714967 0.1895144 0.3909487 0.2485787 0.2468503 0.128786 0.3771026 0.1352696 0.5693424 0.4368203 0.4082307 0.4757701 0.3909487 0.2485787 0.1043493 0.006944596 0.08355307 0.08375322 0.05212873 0.03234571 0.278994 0.3303955 0.08453655 0.2495634 0.1612538 0.1924782 0.4714967 0.1895144 0.6289052 0.2668222 0.5693424 0.4368203 0.08453655 0.2495634 0.008333981 0.1929987 0.02438867 0.1407654 0.4714967 0.1895144 0.5735163 0.1775416 0.6289052 0.2668222 0.08453655 0.2495634 0.04545897 0.3979778 0.02360153 0.2753337 0.04545897 0.3979778 0.003438174 0.3283596 0.02360153 0.2753337 0.02438867 0.1407654 0.1612538 0.1924782 0.08453655 0.2495634 0.278994 0.3303955 0.4082307 0.4757701 0.3810393 0.5043997 0.08355307 0.08375322 0.003301024 0.05609655 0.05212873 0.03234571 0.003301024 0.05609655 0.03166514 0.003202199 0.05212873 0.03234571 0.2229371 0.03391253 0.1348112 0.03435975 0.1836541 0.006292998 0.1348112 0.03435975 0.2229371 0.03391253 0.2468503 0.128786 0.2468503 0.128786 0.2849725 0.08521211 0.3285859 0.06933826 0.2468503 0.128786 0.3285859 0.06933826 0.3771026 0.1352696 0.1286178 0.4402905 0.08965533 0.6332969 0.04541897 0.476345 0.3052176 0.6308985 0.1851205 0.6590386 0.1286178 0.4402905 0.1286178 0.4402905 0.1851205 0.6590386 0.08965533 0.6332969 0.08965533 0.6332969 0.02417129 0.5708135 0.04541897 0.476345 0.3909487 0.2485787 0.4082307 0.4757701 0.278994 0.3303955 0.05212873 0.03234571 0.03166514 0.003202199 0.1043493 0.006944596 0.1286178 0.4402905 0.278994 0.3303955 0.3810393 0.5043997 0.3810393 0.5043997 0.4371348 0.5468568 0.4158238 0.5547924 0.3052176 0.6308985 0.1286178 0.4402905 0.3810393 0.5043997 0.278994 0.3303955 0.2468503 0.128786 0.3909487 0.2485787 0.3810393 0.5043997 0.4082307 0.4757701 0.4371348 0.5468568 0.1612538 0.1924782 0.1348112 0.03435975 0.2468503 0.128786 0.5693424 0.4368203 0.3909487 0.2485787 0.4714967 0.1895144 0.3909487 0.2485787 0.2468503 0.128786 0.3771026 0.1352696 0.5693424 0.4368203 0.4082307 0.4757701 0.3909487 0.2485787 0.1043493 0.006944596 0.08355307 0.08375322 0.05212873 0.03234571 0.278994 0.3303955 0.08453655 0.2495634 0.1612538 0.1924782 0.4714967 0.1895144 0.6289052 0.2668222 0.5693424 0.4368203 0.08453655 0.2495634 0.008333981 0.1929987 0.02438867 0.1407654 0.4714967 0.1895144 0.5735163 0.1775416 0.6289052 0.2668222 0.08453655 0.2495634 0.04545897 0.3979778 0.02360153 0.2753337 0.04545897 0.3979778 0.003438174 0.3283596 0.02360153 0.2753337 0.02438867 0.1407654 0.1612538 0.1924782 0.08453655 0.2495634 0.278994 0.3303955 0.4082307 0.4757701 0.3810393 0.5043997 0.08355307 0.08375322 0.003301024 0.05609655 0.05212873 0.03234571 0.003301024 0.05609655 0.03166514 0.003202199 0.05212873 0.03234571 0.2229371 0.03391253 0.1348112 0.03435975 0.1836541 0.006292998 0.1348112 0.03435975 0.2229371 0.03391253 0.2468503 0.128786 0.2468503 0.128786 0.2849725 0.08521211 0.3285859 0.06933826 0.2468503 0.128786 0.3285859 0.06933826 0.3771026 0.1352696 0.1286178 0.4402905 0.08965533 0.6332969 0.04541897 0.476345 0.3052176 0.6308985 0.1851205 0.6590386 0.1286178 0.4402905 0.1286178 0.4402905 0.1851205 0.6590386 0.08965533 0.6332969 0.08965533 0.6332969 0.02417129 0.5708135 0.04541897 0.476345 0.3909487 0.2485787 0.4082307 0.4757701 0.278994 0.3303955 0.05212873 0.03234571 0.03166514 0.003202199 0.1043493 0.006944596 0.1286178 0.4402905 0.278994 0.3303955 0.3810393 0.5043997 0.3810393 0.5043997 0.4371348 0.5468568 0.4158238 0.5547924 0.3052176 0.6308985 0.1286178 0.4402905 0.3810393 0.5043997 0.278994 0.3303955 0.2468503 0.128786 0.3909487 0.2485787 0.3810393 0.5043997 0.4082307 0.4757701 0.4371348 0.5468568 0.1612538 0.1924782 0.1348112 0.03435975 0.2468503 0.128786 0.5693424 0.4368203 0.3909487 0.2485787 0.4714967 0.1895144 0.3909487 0.2485787 0.2468503 0.128786 0.3771026 0.1352696 0.5693424 0.4368203 0.4082307 0.4757701 0.3909487 0.2485787 0.1043493 0.006944596 0.08355307 0.08375322 0.05212873 0.03234571 0.278994 0.3303955 0.08453655 0.2495634 0.1612538 0.1924782 0.4714967 0.1895144 0.6289052 0.2668222 0.5693424 0.4368203 0.08453655 0.2495634 0.008333981 0.1929987 0.02438867 0.1407654 0.4714967 0.1895144 0.5735163 0.1775416 0.6289052 0.2668222 0.08453655 0.2495634 0.04545897 0.3979778 0.02360153 0.2753337 0.04545897 0.3979778 0.003438174 0.3283596 0.02360153 0.2753337 0.02438867 0.1407654 0.1612538 0.1924782 0.08453655 0.2495634 0.278994 0.3303955 0.4082307 0.4757701 0.3810393 0.5043997 0.08355307 0.08375322 0.003301024 0.05609655 0.05212873 0.03234571 0.003301024 0.05609655 0.03166514 0.003202199 0.05212873 0.03234571 0.2229371 0.03391253 0.1348112 0.03435975 0.1836541 0.006292998 0.1348112 0.03435975 0.2229371 0.03391253 0.2468503 0.128786 0.2468503 0.128786 0.2849725 0.08521211 0.3285859 0.06933826 0.2468503 0.128786 0.3285859 0.06933826 0.3771026 0.1352696 0.1286178 0.4402905 0.08965533 0.6332969 0.04541897 0.476345 0.3052176 0.6308985 0.1851205 0.6590386 0.1286178 0.4402905 0.1286178 0.4402905 0.1851205 0.6590386 0.08965533 0.6332969 0.08965533 0.6332969 0.02417129 0.5708135 0.04541897 0.476345 0.3909487 0.2485787 0.4082307 0.4757701 0.278994 0.3303955 0.05212873 0.03234571 0.03166514 0.003202199 0.1043493 0.006944596 0.1286178 0.4402905 0.278994 0.3303955 0.3810393 0.5043997 0.3810393 0.5043997 0.4371348 0.5468568 0.4158238 0.5547924 0.3052176 0.6308985 0.1286178 0.4402905 0.3810393 0.5043997 0.278994 0.3303955 0.2468503 0.128786 0.3909487 0.2485787 0.3810393 0.5043997 0.4082307 0.4757701 0.4371348 0.5468568 0.1612538 0.1924782 0.1348112 0.03435975 0.2468503 0.128786 0.5693424 0.4368203 0.3909487 0.2485787 0.4714967 0.1895144 0.3909487 0.2485787 0.2468503 0.128786 0.3771026 0.1352696 0.5693424 0.4368203 0.4082307 0.4757701 0.3909487 0.2485787 0.1043493 0.006944596 0.08355307 0.08375322 0.05212873 0.03234571 0.278994 0.3303955 0.08453655 0.2495634 0.1612538 0.1924782 0.4714967 0.1895144 0.6289052 0.2668222 0.5693424 0.4368203 0.08453655 0.2495634 0.008333981 0.1929987 0.02438867 0.1407654 0.4714967 0.1895144 0.5735163 0.1775416 0.6289052 0.2668222 0.08453655 0.2495634 0.04545897 0.3979778 0.02360153 0.2753337 0.04545897 0.3979778 0.003438174 0.3283596 0.02360153 0.2753337 0.02438867 0.1407654 0.1612538 0.1924782 0.08453655 0.2495634 0.278994 0.3303955 0.4082307 0.4757701 0.3810393 0.5043997 0.08355307 0.08375322 0.003301024 0.05609655 0.05212873 0.03234571 0.003301024 0.05609655 0.03166514 0.003202199 0.05212873 0.03234571 0.2229371 0.03391253 0.1348112 0.03435975 0.1836541 0.006292998 0.1348112 0.03435975 0.2229371 0.03391253 0.2468503 0.128786 0.2468503 0.128786 0.2849725 0.08521211 0.3285859 0.06933826 0.2468503 0.128786 0.3285859 0.06933826 0.3771026 0.1352696 0.1286178 0.4402905 0.08965533 0.6332969 0.04541897 0.476345 0.3052176 0.6308985 0.1851205 0.6590386 0.1286178 0.4402905 0.1286178 0.4402905 0.1851205 0.6590386 0.08965533 0.6332969 0.08965533 0.6332969 0.02417129 0.5708135 0.04541897 0.476345 0.3909487 0.2485787 0.4082307 0.4757701 0.278994 0.3303955 0.05212873 0.03234571 0.03166514 0.003202199 0.1043493 0.006944596 0.1286178 0.4402905 0.278994 0.3303955 0.3810393 0.5043997 0.3810393 0.5043997 0.4371348 0.5468568 0.4158238 0.5547924 0.3052176 0.6308985 0.1286178 0.4402905 0.3810393 0.5043997 0.278994 0.3303955 0.2468503 0.128786 0.3909487 0.2485787 0.3810393 0.5043997 0.4082307 0.4757701 0.4371348 0.5468568 0.1612538 0.1924782 0.1348112 0.03435975 0.2468503 0.128786 0.5693424 0.4368203 0.3909487 0.2485787 0.4714967 0.1895144 0.3909487 0.2485787 0.2468503 0.128786 0.3771026 0.1352696 0.5693424 0.4368203 0.4082307 0.4757701 0.3909487 0.2485787 0.1043493 0.006944596 0.08355307 0.08375322 0.05212873 0.03234571 0.278994 0.3303955 0.08453655 0.2495634 0.1612538 0.1924782 0.4714967 0.1895144 0.6289052 0.2668222 0.5693424 0.4368203 0.08453655 0.2495634 0.008333981 0.1929987 0.02438867 0.1407654 0.4714967 0.1895144 0.5735163 0.1775416 0.6289052 0.2668222 0.08453655 0.2495634 0.04545897 0.3979778 0.02360153 0.2753337 0.04545897 0.3979778 0.003438174 0.3283596 0.02360153 0.2753337 0.02438867 0.1407654 0.1612538 0.1924782 0.08453655 0.2495634 0.278994 0.3303955 0.4082307 0.4757701 0.3810393 0.5043997 0.08355307 0.08375322 0.003301024 0.05609655 0.05212873 0.03234571 0.003301024 0.05609655 0.03166514 0.003202199 0.05212873 0.03234571 0.2229371 0.03391253 0.1348112 0.03435975 0.1836541 0.006292998 0.1348112 0.03435975 0.2229371 0.03391253 0.2468503 0.128786 0.2468503 0.128786 0.2849725 0.08521211 0.3285859 0.06933826 0.2468503 0.128786 0.3285859 0.06933826 0.3771026 0.1352696 0.1286178 0.4402905 0.08965533 0.6332969 0.04541897 0.476345 0.3052176 0.6308985 0.1851205 0.6590386 0.1286178 0.4402905 0.1286178 0.4402905 0.1851205 0.6590386 0.08965533 0.6332969 0.08965533 0.6332969 0.02417129 0.5708135 0.04541897 0.476345 0.3909487 0.2485787 0.4082307 0.4757701 0.278994 0.3303955 0.05212873 0.03234571 0.03166514 0.003202199 0.1043493 0.006944596 0.1286178 0.4402905 0.278994 0.3303955 0.3810393 0.5043997 0.3810393 0.5043997 0.4371348 0.5468568 0.4158238 0.5547924 0.3052176 0.6308985 0.1286178 0.4402905 0.3810393 0.5043997 0.278994 0.3303955 0.2468503 0.128786 0.3909487 0.2485787 0.3810393 0.5043997 0.4082307 0.4757701 0.4371348 0.5468568 0.1612538 0.1924782 0.1348112 0.03435975 0.2468503 0.128786 0.5693424 0.4368203 0.3909487 0.2485787 0.4714967 0.1895144 0.3909487 0.2485787 0.2468503 0.128786 0.3771026 0.1352696 0.5693424 0.4368203 0.4082307 0.4757701 0.3909487 0.2485787 0.1043493 0.006944596 0.08355307 0.08375322 0.05212873 0.03234571 0.278994 0.3303955 0.08453655 0.2495634 0.1612538 0.1924782 0.4714967 0.1895144 0.6289052 0.2668222 0.5693424 0.4368203 0.08453655 0.2495634 0.008333981 0.1929987 0.02438867 0.1407654 0.4714967 0.1895144 0.5735163 0.1775416 0.6289052 0.2668222 0.08453655 0.2495634 0.04545897 0.3979778 0.02360153 0.2753337 0.04545897 0.3979778 0.003438174 0.3283596 0.02360153 0.2753337 0.02438867 0.1407654 0.1612538 0.1924782 0.08453655 0.2495634 0.278994 0.3303955 0.4082307 0.4757701 0.3810393 0.5043997 0.08355307 0.08375322 0.003301024 0.05609655 0.05212873 0.03234571 0.003301024 0.05609655 0.03166514 0.003202199 0.05212873 0.03234571 0.2229371 0.03391253 0.1348112 0.03435975 0.1836541 0.006292998 0.1348112 0.03435975 0.2229371 0.03391253 0.2468503 0.128786 0.2468503 0.128786 0.2849725 0.08521211 0.3285859 0.06933826 0.2468503 0.128786 0.3285859 0.06933826 0.3771026 0.1352696 0.1286178 0.4402905 0.08965533 0.6332969 0.04541897 0.476345 0.3052176 0.6308985 0.1851205 0.6590386 0.1286178 0.4402905 0.1286178 0.4402905 0.1851205 0.6590386 0.08965533 0.6332969 0.08965533 0.6332969 0.02417129 0.5708135 0.04541897 0.476345 0.3909487 0.2485787 0.4082307 0.4757701 0.278994 0.3303955 0.05212873 0.03234571 0.03166514 0.003202199 0.1043493 0.006944596 0.1286178 0.4402905 0.278994 0.3303955 0.3810393 0.5043997 0.3810393 0.5043997 0.4371348 0.5468568 0.4158238 0.5547924 0.3052176 0.6308985 0.1286178 0.4402905 0.3810393 0.5043997 0.278994 0.3303955 0.2468503 0.128786 0.3909487 0.2485787 0.3810393 0.5043997 0.4082307 0.4757701 0.4371348 0.5468568 0.1612538 0.1924782 0.1348112 0.03435975 0.2468503 0.128786 0.5693424 0.4368203 0.3909487 0.2485787 0.4714967 0.1895144 0.3909487 0.2485787 0.2468503 0.128786 0.3771026 0.1352696 0.5693424 0.4368203 0.4082307 0.4757701 0.3909487 0.2485787 0.1043493 0.006944596 0.08355307 0.08375322 0.05212873 0.03234571 0.278994 0.3303955 0.08453655 0.2495634 0.1612538 0.1924782 0.4714967 0.1895144 0.6289052 0.2668222 0.5693424 0.4368203 0.08453655 0.2495634 0.008333981 0.1929987 0.02438867 0.1407654 0.4714967 0.1895144 0.5735163 0.1775416 0.6289052 0.2668222 0.08453655 0.2495634 0.04545897 0.3979778 0.02360153 0.2753337 0.04545897 0.3979778 0.003438174 0.3283596 0.02360153 0.2753337 0.02438867 0.1407654 0.1612538 0.1924782 0.08453655 0.2495634 0.278994 0.3303955 0.4082307 0.4757701 0.3810393 0.5043997 0.08355307 0.08375322 0.003301024 0.05609655 0.05212873 0.03234571 0.003301024 0.05609655 0.03166514 0.003202199 0.05212873 0.03234571 0.2229371 0.03391253 0.1348112 0.03435975 0.1836541 0.006292998 0.1348112 0.03435975 0.2229371 0.03391253 0.2468503 0.128786 0.2468503 0.128786 0.2849725 0.08521211 0.3285859 0.06933826 0.2468503 0.128786 0.3285859 0.06933826 0.3771026 0.1352696 0.1286178 0.4402905 0.08965533 0.6332969 0.04541897 0.476345 0.3052176 0.6308985 0.1851205 0.6590386 0.1286178 0.4402905 0.1286178 0.4402905 0.1851205 0.6590386 0.08965533 0.6332969 0.08965533 0.6332969 0.02417129 0.5708135 0.04541897 0.476345 0.3909487 0.2485787 0.4082307 0.4757701 0.278994 0.3303955 0.05212873 0.03234571 0.03166514 0.003202199 0.1043493 0.006944596 0.1286178 0.4402905 0.278994 0.3303955 0.3810393 0.5043997 0.3810393 0.5043997 0.4371348 0.5468568 0.4158238 0.5547924 0.3052176 0.6308985 0.1286178 0.4402905 0.3810393 0.5043997 0.278994 0.3303955 0.2468503 0.128786 0.3909487 0.2485787 0.3810393 0.5043997 0.4082307 0.4757701 0.4371348 0.5468568 0.1612538 0.1924782 0.1348112 0.03435975 0.2468503 0.128786 0.5693424 0.4368203 0.3909487 0.2485787 0.4714967 0.1895144 0.3909487 0.2485787 0.2468503 0.128786 0.3771026 0.1352696 0.5693424 0.4368203 0.4082307 0.4757701 0.3909487 0.2485787 0.1043493 0.006944596 0.08355307 0.08375322 0.05212873 0.03234571 0.278994 0.3303955 0.08453655 0.2495634 0.1612538 0.1924782 0.4714967 0.1895144 0.6289052 0.2668222 0.5693424 0.4368203 0.08453655 0.2495634 0.008333981 0.1929987 0.02438867 0.1407654 0.4714967 0.1895144 0.5735163 0.1775416 0.6289052 0.2668222 0.08453655 0.2495634 0.04545897 0.3979778 0.02360153 0.2753337 0.04545897 0.3979778 0.003438174 0.3283596 0.02360153 0.2753337 0.02438867 0.1407654 0.1612538 0.1924782 0.08453655 0.2495634 0.278994 0.3303955 0.4082307 0.4757701 0.3810393 0.5043997 0.08355307 0.08375322 0.003301024 0.05609655 0.05212873 0.03234571 0.003301024 0.05609655 0.03166514 0.003202199 0.05212873 0.03234571 0.2229371 0.03391253 0.1348112 0.03435975 0.1836541 0.006292998 0.1348112 0.03435975 0.2229371 0.03391253 0.2468503 0.128786 0.2468503 0.128786 0.2849725 0.08521211 0.3285859 0.06933826 0.2468503 0.128786 0.3285859 0.06933826 0.3771026 0.1352696 0.1286178 0.4402905 0.08965533 0.6332969 0.04541897 0.476345 0.3052176 0.6308985 0.1851205 0.6590386 0.1286178 0.4402905 0.1286178 0.4402905 0.1851205 0.6590386 0.08965533 0.6332969 0.08965533 0.6332969 0.02417129 0.5708135 0.04541897 0.476345 0.3909487 0.2485787 0.4082307 0.4757701 0.278994 0.3303955 0.05212873 0.03234571 0.03166514 0.003202199 0.1043493 0.006944596 0.1286178 0.4402905 0.278994 0.3303955 0.3810393 0.5043997 0.3810393 0.5043997 0.4371348 0.5468568 0.4158238 0.5547924 0.3052176 0.6308985 0.1286178 0.4402905 0.3810393 0.5043997 0.278994 0.3303955 0.2468503 0.128786 0.3909487 0.2485787 0.3810393 0.5043997 0.4082307 0.4757701 0.4371348 0.5468568 0.1612538 0.1924782 0.1348112 0.03435975 0.2468503 0.128786 0.5693424 0.4368203 0.3909487 0.2485787 0.4714967 0.1895144 0.3909487 0.2485787 0.2468503 0.128786 0.3771026 0.1352696 0.5693424 0.4368203 0.4082307 0.4757701 0.3909487 0.2485787 0.1043493 0.006944596 0.08355307 0.08375322 0.05212873 0.03234571 0.278994 0.3303955 0.08453655 0.2495634 0.1612538 0.1924782 0.4714967 0.1895144 0.6289052 0.2668222 0.5693424 0.4368203 0.08453655 0.2495634 0.008333981 0.1929987 0.02438867 0.1407654 0.4714967 0.1895144 0.5735163 0.1775416 0.6289052 0.2668222 0.08453655 0.2495634 0.04545897 0.3979778 0.02360153 0.2753337 0.04545897 0.3979778 0.003438174 0.3283596 0.02360153 0.2753337 0.02438867 0.1407654 0.1612538 0.1924782 0.08453655 0.2495634 0.278994 0.3303955 0.4082307 0.4757701 0.3810393 0.5043997 0.08355307 0.08375322 0.003301024 0.05609655 0.05212873 0.03234571 0.003301024 0.05609655 0.03166514 0.003202199 0.05212873 0.03234571 0.2229371 0.03391253 0.1348112 0.03435975 0.1836541 0.006292998 0.1348112 0.03435975 0.2229371 0.03391253 0.2468503 0.128786 0.2468503 0.128786 0.2849725 0.08521211 0.3285859 0.06933826 0.2468503 0.128786 0.3285859 0.06933826 0.3771026 0.1352696 0.1286178 0.4402905 0.08965533 0.6332969 0.04541897 0.476345 0.3052176 0.6308985 0.1851205 0.6590386 0.1286178 0.4402905 0.1286178 0.4402905 0.1851205 0.6590386 0.08965533 0.6332969 0.08965533 0.6332969 0.02417129 0.5708135 0.04541897 0.476345 0.3909487 0.2485787 0.4082307 0.4757701 0.278994 0.3303955 0.05212873 0.03234571 0.03166514 0.003202199 0.1043493 0.006944596 0.1286178 0.4402905 0.278994 0.3303955 0.3810393 0.5043997 0.3810393 0.5043997 0.4371348 0.5468568 0.4158238 0.5547924 0.3052176 0.6308985 0.1286178 0.4402905 0.3810393 0.5043997 0.278994 0.3303955 0.2468503 0.128786 0.3909487 0.2485787 0.3810393 0.5043997 0.4082307 0.4757701 0.4371348 0.5468568 0.1612538 0.1924782 0.1348112 0.03435975 0.2468503 0.128786 0.5693424 0.4368203 0.3909487 0.2485787 0.4714967 0.1895144 0.3909487 0.2485787 0.2468503 0.128786 0.3771026 0.1352696 0.5693424 0.4368203 0.4082307 0.4757701 0.3909487 0.2485787 0.1043493 0.006944596 0.08355307 0.08375322 0.05212873 0.03234571 0.278994 0.3303955 0.08453655 0.2495634 0.1612538 0.1924782 0.4714967 0.1895144 0.6289052 0.2668222 0.5693424 0.4368203 0.08453655 0.2495634 0.008333981 0.1929987 0.02438867 0.1407654 0.4714967 0.1895144 0.5735163 0.1775416 0.6289052 0.2668222 0.08453655 0.2495634 0.04545897 0.3979778 0.02360153 0.2753337 0.04545897 0.3979778 0.003438174 0.3283596 0.02360153 0.2753337 0.02438867 0.1407654 0.1612538 0.1924782 0.08453655 0.2495634 0.278994 0.3303955 0.4082307 0.4757701 0.3810393 0.5043997 0.08355307 0.08375322 0.003301024 0.05609655 0.05212873 0.03234571 0.003301024 0.05609655 0.03166514 0.003202199 0.05212873 0.03234571 0.2229371 0.03391253 0.1348112 0.03435975 0.1836541 0.006292998 0.1348112 0.03435975 0.2229371 0.03391253 0.2468503 0.128786 0.2468503 0.128786 0.2849725 0.08521211 0.3285859 0.06933826 0.2468503 0.128786 0.3285859 0.06933826 0.3771026 0.1352696 0.1286178 0.4402905 0.08965533 0.6332969 0.04541897 0.476345 0.3052176 0.6308985 0.1851205 0.6590386 0.1286178 0.4402905 0.1286178 0.4402905 0.1851205 0.6590386 0.08965533 0.6332969 0.08965533 0.6332969 0.02417129 0.5708135 0.04541897 0.476345 0.3909487 0.2485787 0.4082307 0.4757701 0.278994 0.3303955 0.05212873 0.03234571 0.03166514 0.003202199 0.1043493 0.006944596 0.1286178 0.4402905 0.278994 0.3303955 0.3810393 0.5043997 0.3810393 0.5043997 0.4371348 0.5468568 0.4158238 0.5547924 0.3052176 0.6308985 0.1286178 0.4402905 0.3810393 0.5043997 0.278994 0.3303955 0.2468503 0.128786 0.3909487 0.2485787 0.3810393 0.5043997 0.4082307 0.4757701 0.4371348 0.5468568 0.1612538 0.1924782 0.1348112 0.03435975 0.2468503 0.128786 0.5693424 0.4368203 0.3909487 0.2485787 0.4714967 0.1895144 0.3909487 0.2485787 0.2468503 0.128786 0.3771026 0.1352696 0.5693424 0.4368203 0.4082307 0.4757701 0.3909487 0.2485787 0.1043493 0.006944596 0.08355307 0.08375322 0.05212873 0.03234571 0.278994 0.3303955 0.08453655 0.2495634 0.1612538 0.1924782 0.4714967 0.1895144 0.6289052 0.2668222 0.5693424 0.4368203 0.08453655 0.2495634 0.008333981 0.1929987 0.02438867 0.1407654 0.4714967 0.1895144 0.5735163 0.1775416 0.6289052 0.2668222 0.08453655 0.2495634 0.04545897 0.3979778 0.02360153 0.2753337 0.04545897 0.3979778 0.003438174 0.3283596 0.02360153 0.2753337 0.02438867 0.1407654 0.1612538 0.1924782 0.08453655 0.2495634 0.278994 0.3303955 0.4082307 0.4757701 0.3810393 0.5043997 0.08355307 0.08375322 0.003301024 0.05609655 0.05212873 0.03234571 0.003301024 0.05609655 0.03166514 0.003202199 0.05212873 0.03234571 0.2229371 0.03391253 0.1348112 0.03435975 0.1836541 0.006292998 0.1348112 0.03435975 0.2229371 0.03391253 0.2468503 0.128786 0.2468503 0.128786 0.2849725 0.08521211 0.3285859 0.06933826 0.2468503 0.128786 0.3285859 0.06933826 0.3771026 0.1352696 0.1286178 0.4402905 0.08965533 0.6332969 0.04541897 0.476345 0.3052176 0.6308985 0.1851205 0.6590386 0.1286178 0.4402905 0.1286178 0.4402905 0.1851205 0.6590386 0.08965533 0.6332969 0.08965533 0.6332969 0.02417129 0.5708135 0.04541897 0.476345 0.3909487 0.2485787 0.4082307 0.4757701 0.278994 0.3303955 0.05212873 0.03234571 0.03166514 0.003202199 0.1043493 0.006944596 0.1286178 0.4402905 0.278994 0.3303955 0.3810393 0.5043997 0.3810393 0.5043997 0.4371348 0.5468568 0.4158238 0.5547924 0.3052176 0.6308985 0.1286178 0.4402905 0.3810393 0.5043997 0.278994 0.3303955 0.2468503 0.128786 0.3909487 0.2485787 0.3810393 0.5043997 0.4082307 0.4757701 0.4371348 0.5468568 0.1612538 0.1924782 0.1348112 0.03435975 0.2468503 0.128786 0.5693424 0.4368203 0.3909487 0.2485787 0.4714967 0.1895144 0.3909487 0.2485787 0.2468503 0.128786 0.3771026 0.1352696 0.5693424 0.4368203 0.4082307 0.4757701 0.3909487 0.2485787 0.1043493 0.006944596 0.08355307 0.08375322 0.05212873 0.03234571 0.278994 0.3303955 0.08453655 0.2495634 0.1612538 0.1924782 0.4714967 0.1895144 0.6289052 0.2668222 0.5693424 0.4368203 0.08453655 0.2495634 0.008333981 0.1929987 0.02438867 0.1407654 0.4714967 0.1895144 0.5735163 0.1775416 0.6289052 0.2668222 0.08453655 0.2495634 0.04545897 0.3979778 0.02360153 0.2753337 0.04545897 0.3979778 0.003438174 0.3283596 0.02360153 0.2753337 0.02438867 0.1407654 0.1612538 0.1924782 0.08453655 0.2495634 0.278994 0.3303955 0.4082307 0.4757701 0.3810393 0.5043997 0.08355307 0.08375322 0.003301024 0.05609655 0.05212873 0.03234571 0.003301024 0.05609655 0.03166514 0.003202199 0.05212873 0.03234571 0.2229371 0.03391253 0.1348112 0.03435975 0.1836541 0.006292998 0.1348112 0.03435975 0.2229371 0.03391253 0.2468503 0.128786 0.2468503 0.128786 0.2849725 0.08521211 0.3285859 0.06933826 0.2468503 0.128786 0.3285859 0.06933826 0.3771026 0.1352696 0.1286178 0.4402905 0.08965533 0.6332969 0.04541897 0.476345 0.3052176 0.6308985 0.1851205 0.6590386 0.1286178 0.4402905 0.1286178 0.4402905 0.1851205 0.6590386 0.08965533 0.6332969 0.08965533 0.6332969 0.02417129 0.5708135 0.04541897 0.476345 0.3909487 0.2485787 0.4082307 0.4757701 0.278994 0.3303955 0.05212873 0.03234571 0.03166514 0.003202199 0.1043493 0.006944596 0.1286178 0.4402905 0.278994 0.3303955 0.3810393 0.5043997 0.5196394 0.8896787 0.5210837 0.9201002 0.6060486 0.9210472 0.6060486 0.9210472 0.5210837 0.9201002 0.5962035 0.9440953 0.5210837 0.9201002 0.4913645 0.9136977 0.4941833 0.9557558 0.4913645 0.9136977 0.5210837 0.9201002 0.5196394 0.8896787 0.4941833 0.9557558 0.4913645 0.9136977 0.4817196 0.9491791 0.420916 0.8965017 0.4913645 0.9136977 0.4280902 0.8685231 0.4280902 0.8685231 0.4913645 0.9136977 0.5196394 0.8896787 0.5196394 0.8896787 0.6060486 0.9210472 0.5210837 0.9201002 0.6060486 0.9210472 0.5962035 0.9440953 0.5210837 0.9201002 0.5210837 0.9201002 0.4941833 0.9557558 0.4913645 0.9136977 0.4913645 0.9136977 0.5196394 0.8896787 0.5210837 0.9201002 0.4941833 0.9557558 0.4817196 0.9491791 0.4913645 0.9136977 0.420916 0.8965017 0.4280902 0.8685231 0.4913645 0.9136977 0.4280902 0.8685231 0.5196394 0.8896787 0.4913645 0.9136977 0.4913645 0.9136977 0.4817196 0.9491791 0.4817196 0.9491791 0.420916 0.8965017 0.4913645 0.9136977 0.4913645 0.9136977 0.4280902 0.8685231 0.5196394 0.8896787 0.4280902 0.8685231 0.6060486 0.9210472 0.5196394 0.8896787 0.5196394 0.8896787 0.4941833 0.9557558 0.4817196 0.9491791 0.4941833 0.9557558 0.5962035 0.9440953 0.6060486 0.9210472 0.6060486 0.9210472 0.5210837 0.9201002 0.5962035 0.9440953 0.5962035 0.9440953 0.5210837 0.9201002 0.4941833 0.9557558 0.5210837 0.9201002 0.5196394 0.8896787 0.5210837 0.9201002 0.6060486 0.9210472 0.6060486 0.9210472 0.5210837 0.9201002 0.5962035 0.9440953 0.5210837 0.9201002 0.4913645 0.9136977 0.4941833 0.9557558 0.4913645 0.9136977 0.5210837 0.9201002 0.5196394 0.8896787 0.4941833 0.9557558 0.4913645 0.9136977 0.4817196 0.9491791 0.420916 0.8965017 0.4913645 0.9136977 0.4280902 0.8685231 0.4280902 0.8685231 0.4913645 0.9136977 0.5196394 0.8896787 0.3435409 0.867376 0.3501591 0.8941593 0.4280902 0.8685231 0.4280902 0.8685231 0.3501591 0.8941593 0.420916 0.8965017 0.3501591 0.8941593 0.3156161 0.894136 0.3209487 0.924781 0.3156161 0.894136 0.3501591 0.8941593 0.3435409 0.867376 0.3209487 0.924781 0.3156161 0.894136 0.3082135 0.9153235 0.3069107 0.8677011 0.2502874 0.8960359 0.3156161 0.894136 0.3069107 0.8677011 0.3156161 0.894136 0.3435409 0.867376 0.2499665 0.8722769 0.2502874 0.8960359 0.3069107 0.8677011 0.273424 0.8007827 0.3069107 0.8677011 0.2846564 0.7896823 0.2846564 0.7896823 0.3069107 0.8677011 0.3435409 0.867376 0.1704408 0.8611017 0.1672123 0.881592 0.2499665 0.8722769 0.1672123 0.881592 0.2502874 0.8960359 0.2499665 0.8722769 0.1672123 0.881592 0.1315196 0.8759684 0.08249658 0.95495 0.1364184 0.8577734 0.1672123 0.881592 0.1704408 0.8611017 0.1672123 0.881592 0.1364184 0.8577734 0.1315196 0.8759684 0.02099627 0.8551678 0.1364184 0.8577734 0.02074754 0.8395487 0.1233668 0.8374277 0.1364184 0.8577734 0.1331649 0.8261327 0.1331649 0.8261327 0.1364184 0.8577734 0.1704408 0.8611017 0.1315196 0.8759684 0.1364184 0.8577734 0.02099627 0.8551678 0.08249658 0.95495 0.1315196 0.8759684 0.07330697 0.9393844 0.5196394 0.8896787 0.6060486 0.9210472 0.5210837 0.9201002 0.6060486 0.9210472 0.5962035 0.9440953 0.5210837 0.9201002 0.5210837 0.9201002 0.4941833 0.9557558 0.4913645 0.9136977 0.4913645 0.9136977 0.5196394 0.8896787 0.5210837 0.9201002 0.4941833 0.9557558 0.4817196 0.9491791 0.4913645 0.9136977 0.420916 0.8965017 0.4280902 0.8685231 0.4913645 0.9136977 0.4280902 0.8685231 0.5196394 0.8896787 0.4913645 0.9136977 0.3435409 0.867376 0.4280902 0.8685231 0.3501591 0.8941593 0.4280902 0.8685231 0.420916 0.8965017 0.3501591 0.8941593 0.3501591 0.8941593 0.3209487 0.924781 0.3156161 0.894136 0.3156161 0.894136 0.3435409 0.867376 0.3501591 0.8941593 0.3209487 0.924781 0.3082135 0.9153235 0.3156161 0.894136 0.3069107 0.8677011 0.3156161 0.894136 0.2502874 0.8960359 0.3069107 0.8677011 0.3435409 0.867376 0.3156161 0.894136 0.2499665 0.8722769 0.3069107 0.8677011 0.2502874 0.8960359 0.273424 0.8007827 0.2846564 0.7896823 0.3069107 0.8677011 0.2846564 0.7896823 0.3435409 0.867376 0.3069107 0.8677011 0.1704408 0.8611017 0.2499665 0.8722769 0.1672123 0.881592 0.1672123 0.881592 0.2499665 0.8722769 0.2502874 0.8960359 0.1672123 0.881592 0.08249658 0.95495 0.1315196 0.8759684 0.1364184 0.8577734 0.1704408 0.8611017 0.1672123 0.881592 0.1672123 0.881592 0.1315196 0.8759684 0.1364184 0.8577734 0.02099627 0.8551678 0.02074754 0.8395487 0.1364184 0.8577734 0.1233668 0.8374277 0.1331649 0.8261327 0.1364184 0.8577734 0.1331649 0.8261327 0.1704408 0.8611017 0.1364184 0.8577734 0.1315196 0.8759684 0.02099627 0.8551678 0.1364184 0.8577734 0.08249658 0.95495 0.07330697 0.9393844 0.1315196 0.8759684 0.2499665 0.8722769 0.1704408 0.8611017 0.1704408 0.8611017 0.02074754 0.8395487 0.02099627 0.8551678 0.02099627 0.8551678 0.3156161 0.894136 0.3082135 0.9153235 0.3082135 0.9153235 0.1315196 0.8759684 0.02099627 0.8551678 0.1315196 0.8759684 0.4913645 0.9136977 0.4817196 0.9491791 0.4817196 0.9491791 0.3156161 0.894136 0.2502874 0.8960359 0.3156161 0.894136 0.1704408 0.8611017 0.1331649 0.8261327 0.1331649 0.8261327 0.420916 0.8965017 0.4913645 0.9136977 0.4913645 0.9136977 0.08249658 0.95495 0.1672123 0.881592 0.1672123 0.881592 0.1233668 0.8374277 0.1331649 0.8261327 0.1233668 0.8374277 0.1672123 0.881592 0.2502874 0.8960359 0.2502874 0.8960359 0.1315196 0.8759684 0.07330697 0.9393844 0.07330697 0.9393844 0.3069107 0.8677011 0.2499665 0.8722769 0.2499665 0.8722769 0.08249658 0.95495 0.07330697 0.9393844 0.08249658 0.95495 0.3435409 0.867376 0.4280902 0.8685231 0.3435409 0.867376 0.273424 0.8007827 0.3069107 0.8677011 0.3069107 0.8677011 0.3209487 0.924781 0.3082135 0.9153235 0.3209487 0.924781 0.4280902 0.8685231 0.5196394 0.8896787 0.4280902 0.8685231 0.1364184 0.8577734 0.02074754 0.8395487 0.02074754 0.8395487 0.6060486 0.9210472 0.5196394 0.8896787 0.5196394 0.8896787 0.4941833 0.9557558 0.4817196 0.9491791 0.4941833 0.9557558 0.1233668 0.8374277 0.1364184 0.8577734 0.1364184 0.8577734 0.5962035 0.9440953 0.6060486 0.9210472 0.6060486 0.9210472 0.420916 0.8965017 0.3501591 0.8941593 0.420916 0.8965017 0.5210837 0.9201002 0.5962035 0.9440953 0.5962035 0.9440953 0.273424 0.8007827 0.2846564 0.7896823 0.273424 0.8007827 0.3501591 0.8941593 0.3209487 0.924781 0.3501591 0.8941593 0.4941833 0.9557558 0.5210837 0.9201002 0.5210837 0.9201002 0.2846564 0.7896823 0.3435409 0.867376 0.2846564 0.7896823 0.7275291 0.3133874 0.71144 0.06623846 0.8369787 0.2094421 0.7711483 0.01683604 0.71144 0.06623846 0.6737793 0.02327847 0.9092301 0.3194698 0.8369787 0.2094421 0.9227928 0.3078117 0.9363555 0.1150628 0.71144 0.06623846 0.7711483 0.01683604 0.8369787 0.2094421 0.9363555 0.2961536 0.9227928 0.3078117 0.654057 0.113717 0.6737793 0.02327847 0.71144 0.06623846 0.7275291 0.3133874 0.71144 0.06623846 0.8369787 0.2094421 0.7711483 0.01683604 0.71144 0.06623846 0.6737793 0.02327847 0.9092301 0.3194698 0.8369787 0.2094421 0.9227928 0.3078117 0.9363555 0.1150628 0.71144 0.06623846 0.7711483 0.01683604 0.8369787 0.2094421 0.9363555 0.2961536 0.9227928 0.3078117 0.654057 0.113717 0.6737793 0.02327847 0.71144 0.06623846 0.5196394 0.8896787 0.5210837 0.9201002 0.6060486 0.9210472 0.6060486 0.9210472 0.5210837 0.9201002 0.5962035 0.9440953 0.5210837 0.9201002 0.4913645 0.9136977 0.4941833 0.9557558 0.4913645 0.9136977 0.5210837 0.9201002 0.5196394 0.8896787 0.4941833 0.9557558 0.4913645 0.9136977 0.4817196 0.9491791 0.420916 0.8965017 0.4913645 0.9136977 0.4280902 0.8685231 0.4280902 0.8685231 0.4913645 0.9136977 0.5196394 0.8896787 0.3435409 0.867376 0.3501591 0.8941593 0.4280902 0.8685231 0.4280902 0.8685231 0.3501591 0.8941593 0.420916 0.8965017 0.3501591 0.8941593 0.3156161 0.894136 0.3209487 0.924781 0.3156161 0.894136 0.3501591 0.8941593 0.3435409 0.867376 0.3209487 0.924781 0.3156161 0.894136 0.3082135 0.9153235 0.3069107 0.8677011 0.3156161 0.894136 0.3435409 0.867376 0.273424 0.8007827 0.3069107 0.8677011 0.2846564 0.7896823 0.2846564 0.7896823 0.3069107 0.8677011 0.3435409 0.867376 0.5196394 0.8896787 0.6060486 0.9210472 0.5210837 0.9201002 0.6060486 0.9210472 0.5962035 0.9440953 0.5210837 0.9201002 0.5210837 0.9201002 0.4941833 0.9557558 0.4913645 0.9136977 0.4913645 0.9136977 0.5196394 0.8896787 0.5210837 0.9201002 0.4941833 0.9557558 0.4817196 0.9491791 0.4913645 0.9136977 0.420916 0.8965017 0.4280902 0.8685231 0.4913645 0.9136977 0.4280902 0.8685231 0.5196394 0.8896787 0.4913645 0.9136977 0.3435409 0.867376 0.4280902 0.8685231 0.3501591 0.8941593 0.4280902 0.8685231 0.420916 0.8965017 0.3501591 0.8941593 0.3501591 0.8941593 0.3209487 0.924781 0.3156161 0.894136 0.3156161 0.894136 0.3435409 0.867376 0.3501591 0.8941593 0.3209487 0.924781 0.3082135 0.9153235 0.3156161 0.894136 0.3069107 0.8677011 0.3435409 0.867376 0.3156161 0.894136 0.273424 0.8007827 0.2846564 0.7896823 0.3069107 0.8677011 0.2846564 0.7896823 0.3435409 0.867376 0.3069107 0.8677011 0.3156161 0.894136 0.3082135 0.9153235 0.3082135 0.9153235 0.4913645 0.9136977 0.4817196 0.9491791 0.4817196 0.9491791 0.4913645 0.9136977 0.420916 0.8965017 0.4913645 0.9136977 0.4280902 0.8685231 0.3435409 0.867376 0.3435409 0.867376 0.273424 0.8007827 0.3069107 0.8677011 0.3069107 0.8677011 0.3209487 0.924781 0.3082135 0.9153235 0.3209487 0.924781 0.5196394 0.8896787 0.4280902 0.8685231 0.4280902 0.8685231 0.5196394 0.8896787 0.6060486 0.9210472 0.5196394 0.8896787 0.4941833 0.9557558 0.4817196 0.9491791 0.4941833 0.9557558 0.5962035 0.9440953 0.6060486 0.9210472 0.6060486 0.9210472 0.420916 0.8965017 0.3501591 0.8941593 0.420916 0.8965017 0.5210837 0.9201002 0.5962035 0.9440953 0.5962035 0.9440953 0.273424 0.8007827 0.2846564 0.7896823 0.273424 0.8007827 0.3501591 0.8941593 0.3209487 0.924781 0.3501591 0.8941593 0.4941833 0.9557558 0.5210837 0.9201002 0.5210837 0.9201002 0.3435409 0.867376 0.2846564 0.7896823 0.2846564 0.7896823 0.5196394 0.8896787 0.5210837 0.9201002 0.6060486 0.9210472 0.6060486 0.9210472 0.5210837 0.9201002 0.5962035 0.9440953 0.5210837 0.9201002 0.4913645 0.9136977 0.4941833 0.9557558 0.4913645 0.9136977 0.5210837 0.9201002 0.5196394 0.8896787 0.4941833 0.9557558 0.4913645 0.9136977 0.4817196 0.9491791 0.420916 0.8965017 0.4913645 0.9136977 0.4280902 0.8685231 0.4280902 0.8685231 0.4913645 0.9136977 0.5196394 0.8896787 0.3435409 0.867376 0.3501591 0.8941593 0.4280902 0.8685231 0.4280902 0.8685231 0.3501591 0.8941593 0.420916 0.8965017 0.3501591 0.8941593 0.3156161 0.894136 0.3209487 0.924781 0.3156161 0.894136 0.3501591 0.8941593 0.3435409 0.867376 0.3209487 0.924781 0.3156161 0.894136 0.3082135 0.9153235 0.3069107 0.8677011 0.2502874 0.8960359 0.3156161 0.894136 0.3069107 0.8677011 0.3156161 0.894136 0.3435409 0.867376 0.2499665 0.8722769 0.2502874 0.8960359 0.3069107 0.8677011 0.273424 0.8007827 0.3069107 0.8677011 0.2846564 0.7896823 0.2846564 0.7896823 0.3069107 0.8677011 0.3435409 0.867376 0.1704408 0.8611017 0.1672123 0.881592 0.2499665 0.8722769 0.1672123 0.881592 0.2502874 0.8960359 0.2499665 0.8722769 0.1672123 0.881592 0.1315196 0.8759684 0.08249658 0.95495 0.1364184 0.8577734 0.1672123 0.881592 0.1704408 0.8611017 0.1672123 0.881592 0.1364184 0.8577734 0.1315196 0.8759684 0.02099627 0.8551678 0.1364184 0.8577734 0.02074754 0.8395487 0.1233668 0.8374277 0.1364184 0.8577734 0.1331649 0.8261327 0.1331649 0.8261327 0.1364184 0.8577734 0.1704408 0.8611017 0.1315196 0.8759684 0.1364184 0.8577734 0.02099627 0.8551678 0.08249658 0.95495 0.1315196 0.8759684 0.07330697 0.9393844 0.5196394 0.8896787 0.6060486 0.9210472 0.5210837 0.9201002 0.6060486 0.9210472 0.5962035 0.9440953 0.5210837 0.9201002 0.5210837 0.9201002 0.4941833 0.9557558 0.4913645 0.9136977 0.4913645 0.9136977 0.5196394 0.8896787 0.5210837 0.9201002 0.4941833 0.9557558 0.4817196 0.9491791 0.4913645 0.9136977 0.420916 0.8965017 0.4280902 0.8685231 0.4913645 0.9136977 0.4280902 0.8685231 0.5196394 0.8896787 0.4913645 0.9136977 0.3435409 0.867376 0.4280902 0.8685231 0.3501591 0.8941593 0.4280902 0.8685231 0.420916 0.8965017 0.3501591 0.8941593 0.3501591 0.8941593 0.3209487 0.924781 0.3156161 0.894136 0.3156161 0.894136 0.3435409 0.867376 0.3501591 0.8941593 0.3209487 0.924781 0.3082135 0.9153235 0.3156161 0.894136 0.3069107 0.8677011 0.3156161 0.894136 0.2502874 0.8960359 0.3069107 0.8677011 0.3435409 0.867376 0.3156161 0.894136 0.2499665 0.8722769 0.3069107 0.8677011 0.2502874 0.8960359 0.273424 0.8007827 0.2846564 0.7896823 0.3069107 0.8677011 0.2846564 0.7896823 0.3435409 0.867376 0.3069107 0.8677011 0.1704408 0.8611017 0.2499665 0.8722769 0.1672123 0.881592 0.1672123 0.881592 0.2499665 0.8722769 0.2502874 0.8960359 0.1672123 0.881592 0.08249658 0.95495 0.1315196 0.8759684 0.1364184 0.8577734 0.1704408 0.8611017 0.1672123 0.881592 0.1672123 0.881592 0.1315196 0.8759684 0.1364184 0.8577734 0.02099627 0.8551678 0.02074754 0.8395487 0.1364184 0.8577734 0.1233668 0.8374277 0.1331649 0.8261327 0.1364184 0.8577734 0.1331649 0.8261327 0.1704408 0.8611017 0.1364184 0.8577734 0.1315196 0.8759684 0.02099627 0.8551678 0.1364184 0.8577734 0.08249658 0.95495 0.07330697 0.9393844 0.1315196 0.8759684 0.1704408 0.8611017 0.2499665 0.8722769 0.1704408 0.8611017 0.02074754 0.8395487 0.02099627 0.8551678 0.02099627 0.8551678 0.3082135 0.9153235 0.3156161 0.894136 0.3082135 0.9153235 0.02099627 0.8551678 0.1315196 0.8759684 0.1315196 0.8759684 0.4817196 0.9491791 0.4913645 0.9136977 0.4817196 0.9491791 0.2502874 0.8960359 0.3156161 0.894136 0.3156161 0.894136 0.1704408 0.8611017 0.1331649 0.8261327 0.1331649 0.8261327 0.4913645 0.9136977 0.420916 0.8965017 0.4913645 0.9136977 0.1672123 0.881592 0.08249658 0.95495 0.1672123 0.881592 0.1331649 0.8261327 0.1233668 0.8374277 0.1233668 0.8374277 0.2502874 0.8960359 0.1672123 0.881592 0.2502874 0.8960359 0.1315196 0.8759684 0.07330697 0.9393844 0.07330697 0.9393844 0.2499665 0.8722769 0.3069107 0.8677011 0.2499665 0.8722769 0.08249658 0.95495 0.07330697 0.9393844 0.08249658 0.95495 0.4280902 0.8685231 0.3435409 0.867376 0.3435409 0.867376 0.273424 0.8007827 0.3069107 0.8677011 0.3069107 0.8677011 0.3082135 0.9153235 0.3209487 0.924781 0.3209487 0.924781 0.4280902 0.8685231 0.5196394 0.8896787 0.4280902 0.8685231 0.1364184 0.8577734 0.02074754 0.8395487 0.02074754 0.8395487 0.5196394 0.8896787 0.6060486 0.9210472 0.5196394 0.8896787 0.4817196 0.9491791 0.4941833 0.9557558 0.4941833 0.9557558 0.1364184 0.8577734 0.1233668 0.8374277 0.1364184 0.8577734 0.5962035 0.9440953 0.6060486 0.9210472 0.6060486 0.9210472 0.420916 0.8965017 0.3501591 0.8941593 0.420916 0.8965017 0.5210837 0.9201002 0.5962035 0.9440953 0.5962035 0.9440953 0.273424 0.8007827 0.2846564 0.7896823 0.273424 0.8007827 0.3501591 0.8941593 0.3209487 0.924781 0.3501591 0.8941593 0.4941833 0.9557558 0.5210837 0.9201002 0.5210837 0.9201002 0.3435409 0.867376 0.2846564 0.7896823 0.2846564 0.7896823 0.5196394 0.8896787 0.5210837 0.9201002 0.6060486 0.9210472 0.6060486 0.9210472 0.5210837 0.9201002 0.5962035 0.9440953 0.5210837 0.9201002 0.4913645 0.9136977 0.4941833 0.9557558 0.4913645 0.9136977 0.5210837 0.9201002 0.5196394 0.8896787 0.4941833 0.9557558 0.4913645 0.9136977 0.4817196 0.9491791 0.420916 0.8965017 0.4913645 0.9136977 0.4280902 0.8685231 0.4280902 0.8685231 0.4913645 0.9136977 0.5196394 0.8896787 0.3435409 0.867376 0.3501591 0.8941593 0.4280902 0.8685231 0.4280902 0.8685231 0.3501591 0.8941593 0.420916 0.8965017 0.3501591 0.8941593 0.3156161 0.894136 0.3209487 0.924781 0.3156161 0.894136 0.3501591 0.8941593 0.3435409 0.867376 0.3209487 0.924781 0.3156161 0.894136 0.3082135 0.9153235 0.3069107 0.8677011 0.2502874 0.8960359 0.3156161 0.894136 0.3069107 0.8677011 0.3156161 0.894136 0.3435409 0.867376 0.2499665 0.8722769 0.2502874 0.8960359 0.3069107 0.8677011 0.273424 0.8007827 0.3069107 0.8677011 0.2846564 0.7896823 0.2846564 0.7896823 0.3069107 0.8677011 0.3435409 0.867376 0.1704408 0.8611017 0.1672123 0.881592 0.2499665 0.8722769 0.1672123 0.881592 0.2502874 0.8960359 0.2499665 0.8722769 0.1672123 0.881592 0.1315196 0.8759684 0.08249658 0.95495 0.1364184 0.8577734 0.1672123 0.881592 0.1704408 0.8611017 0.1672123 0.881592 0.1364184 0.8577734 0.1315196 0.8759684 0.02099627 0.8551678 0.1364184 0.8577734 0.02074754 0.8395487 0.1233668 0.8374277 0.1364184 0.8577734 0.1331649 0.8261327 0.1331649 0.8261327 0.1364184 0.8577734 0.1704408 0.8611017 0.1315196 0.8759684 0.1364184 0.8577734 0.02099627 0.8551678 0.08249658 0.95495 0.1315196 0.8759684 0.07330697 0.9393844 0.5196394 0.8896787 0.6060486 0.9210472 0.5210837 0.9201002 0.6060486 0.9210472 0.5962035 0.9440953 0.5210837 0.9201002 0.5210837 0.9201002 0.4941833 0.9557558 0.4913645 0.9136977 0.4913645 0.9136977 0.5196394 0.8896787 0.5210837 0.9201002 0.4941833 0.9557558 0.4817196 0.9491791 0.4913645 0.9136977 0.420916 0.8965017 0.4280902 0.8685231 0.4913645 0.9136977 0.4280902 0.8685231 0.5196394 0.8896787 0.4913645 0.9136977 0.3435409 0.867376 0.4280902 0.8685231 0.3501591 0.8941593 0.4280902 0.8685231 0.420916 0.8965017 0.3501591 0.8941593 0.3501591 0.8941593 0.3209487 0.924781 0.3156161 0.894136 0.3156161 0.894136 0.3435409 0.867376 0.3501591 0.8941593 0.3209487 0.924781 0.3082135 0.9153235 0.3156161 0.894136 0.3069107 0.8677011 0.3156161 0.894136 0.2502874 0.8960359 0.3069107 0.8677011 0.3435409 0.867376 0.3156161 0.894136 0.2499665 0.8722769 0.3069107 0.8677011 0.2502874 0.8960359 0.273424 0.8007827 0.2846564 0.7896823 0.3069107 0.8677011 0.2846564 0.7896823 0.3435409 0.867376 0.3069107 0.8677011 0.1704408 0.8611017 0.2499665 0.8722769 0.1672123 0.881592 0.1672123 0.881592 0.2499665 0.8722769 0.2502874 0.8960359 0.1672123 0.881592 0.08249658 0.95495 0.1315196 0.8759684 0.1364184 0.8577734 0.1704408 0.8611017 0.1672123 0.881592 0.1672123 0.881592 0.1315196 0.8759684 0.1364184 0.8577734 0.02099627 0.8551678 0.02074754 0.8395487 0.1364184 0.8577734 0.1233668 0.8374277 0.1331649 0.8261327 0.1364184 0.8577734 0.1331649 0.8261327 0.1704408 0.8611017 0.1364184 0.8577734 0.1315196 0.8759684 0.02099627 0.8551678 0.1364184 0.8577734 0.08249658 0.95495 0.07330697 0.9393844 0.1315196 0.8759684 0.2499665 0.8722769 0.1704408 0.8611017 0.1704408 0.8611017 0.02074754 0.8395487 0.02099627 0.8551678 0.02099627 0.8551678 0.3156161 0.894136 0.3082135 0.9153235 0.3082135 0.9153235 0.02099627 0.8551678 0.1315196 0.8759684 0.1315196 0.8759684 0.4913645 0.9136977 0.4817196 0.9491791 0.4817196 0.9491791 0.3156161 0.894136 0.2502874 0.8960359 0.3156161 0.894136 0.1704408 0.8611017 0.1331649 0.8261327 0.1331649 0.8261327 0.420916 0.8965017 0.4913645 0.9136977 0.4913645 0.9136977 0.1672123 0.881592 0.08249658 0.95495 0.1672123 0.881592 0.1233668 0.8374277 0.1331649 0.8261327 0.1233668 0.8374277 0.1672123 0.881592 0.2502874 0.8960359 0.2502874 0.8960359 0.07330697 0.9393844 0.1315196 0.8759684 0.07330697 0.9393844 0.3069107 0.8677011 0.2499665 0.8722769 0.2499665 0.8722769 0.08249658 0.95495 0.07330697 0.9393844 0.08249658 0.95495 0.3435409 0.867376 0.4280902 0.8685231 0.3435409 0.867376 0.273424 0.8007827 0.3069107 0.8677011 0.3069107 0.8677011 0.3209487 0.924781 0.3082135 0.9153235 0.3209487 0.924781 0.4280902 0.8685231 0.5196394 0.8896787 0.4280902 0.8685231 0.1364184 0.8577734 0.02074754 0.8395487 0.02074754 0.8395487 0.5196394 0.8896787 0.6060486 0.9210472 0.5196394 0.8896787 0.4817196 0.9491791 0.4941833 0.9557558 0.4941833 0.9557558 0.1233668 0.8374277 0.1364184 0.8577734 0.1364184 0.8577734 0.5962035 0.9440953 0.6060486 0.9210472 0.6060486 0.9210472 0.3501591 0.8941593 0.420916 0.8965017 0.420916 0.8965017 0.5210837 0.9201002 0.5962035 0.9440953 0.5962035 0.9440953 0.273424 0.8007827 0.2846564 0.7896823 0.273424 0.8007827 0.3501591 0.8941593 0.3209487 0.924781 0.3501591 0.8941593 0.4941833 0.9557558 0.5210837 0.9201002 0.5210837 0.9201002 0.2846564 0.7896823 0.3435409 0.867376 0.2846564 0.7896823 0.7275291 0.3133874 0.71144 0.06623846 0.8369787 0.2094421 0.7711483 0.01683604 0.71144 0.06623846 0.6737793 0.02327847 0.9092301 0.3194698 0.8369787 0.2094421 0.9227928 0.3078117 0.9363555 0.1150628 0.71144 0.06623846 0.7711483 0.01683604 0.8369787 0.2094421 0.9363555 0.2961536 0.9227928 0.3078117 0.654057 0.113717 0.6737793 0.02327847 0.71144 0.06623846 0.3810393 0.5043997 0.4371348 0.5468568 0.4158238 0.5547924 0.3052176 0.6308985 0.1286178 0.4402905 0.3810393 0.5043997 0.278994 0.3303955 0.2468503 0.128786 0.3909487 0.2485787 0.3810393 0.5043997 0.4082307 0.4757701 0.4371348 0.5468568 0.1612538 0.1924782 0.1348112 0.03435975 0.2468503 0.128786 0.5693424 0.4368203 0.3909487 0.2485787 0.4714967 0.1895144 0.3909487 0.2485787 0.2468503 0.128786 0.3771026 0.1352696 0.5693424 0.4368203 0.4082307 0.4757701 0.3909487 0.2485787 0.1043493 0.006944596 0.08355307 0.08375322 0.05212873 0.03234571 0.278994 0.3303955 0.08453655 0.2495634 0.1612538 0.1924782 0.4714967 0.1895144 0.6289052 0.2668222 0.5693424 0.4368203 0.08453655 0.2495634 0.008333981 0.1929987 0.02438867 0.1407654 0.4714967 0.1895144 0.5735163 0.1775416 0.6289052 0.2668222 0.08453655 0.2495634 0.04545897 0.3979778 0.02360153 0.2753337 0.04545897 0.3979778 0.003438174 0.3283596 0.02360153 0.2753337 0.02438867 0.1407654 0.1612538 0.1924782 0.08453655 0.2495634 0.278994 0.3303955 0.4082307 0.4757701 0.3810393 0.5043997 0.08355307 0.08375322 0.003301024 0.05609655 0.05212873 0.03234571 0.003301024 0.05609655 0.03166514 0.003202199 0.05212873 0.03234571 0.2229371 0.03391253 0.1348112 0.03435975 0.1836541 0.006292998 0.1348112 0.03435975 0.2229371 0.03391253 0.2468503 0.128786 0.2468503 0.128786 0.2849725 0.08521211 0.3285859 0.06933826 0.2468503 0.128786 0.3285859 0.06933826 0.3771026 0.1352696 0.1286178 0.4402905 0.08965533 0.6332969 0.04541897 0.476345 0.3052176 0.6308985 0.1851205 0.6590386 0.1286178 0.4402905 0.1286178 0.4402905 0.1851205 0.6590386 0.08965533 0.6332969 0.08965533 0.6332969 0.02417129 0.5708135 0.04541897 0.476345 0.3909487 0.2485787 0.4082307 0.4757701 0.278994 0.3303955 0.05212873 0.03234571 0.03166514 0.003202199 0.1043493 0.006944596 0.1286178 0.4402905 0.278994 0.3303955 0.3810393 0.5043997 0.5196394 0.8896787 0.5210837 0.9201002 0.6060486 0.9210472 0.6060486 0.9210472 0.5210837 0.9201002 0.5962035 0.9440953 0.5210837 0.9201002 0.4913645 0.9136977 0.4941833 0.9557558 0.4913645 0.9136977 0.5210837 0.9201002 0.5196394 0.8896787 0.4941833 0.9557558 0.4913645 0.9136977 0.4817196 0.9491791 0.420916 0.8965017 0.4913645 0.9136977 0.4280902 0.8685231 0.4280902 0.8685231 0.4913645 0.9136977 0.5196394 0.8896787 0.3435409 0.867376 0.3501591 0.8941593 0.4280902 0.8685231 0.4280902 0.8685231 0.3501591 0.8941593 0.420916 0.8965017 0.3501591 0.8941593 0.3156161 0.894136 0.3209487 0.924781 0.3156161 0.894136 0.3501591 0.8941593 0.3435409 0.867376 0.3209487 0.924781 0.3156161 0.894136 0.3082135 0.9153235 0.3069107 0.8677011 0.2502874 0.8960359 0.3156161 0.894136 0.3069107 0.8677011 0.3156161 0.894136 0.3435409 0.867376 0.2499665 0.8722769 0.2502874 0.8960359 0.3069107 0.8677011 0.273424 0.8007827 0.3069107 0.8677011 0.2846564 0.7896823 0.2846564 0.7896823 0.3069107 0.8677011 0.3435409 0.867376 0.1704408 0.8611017 0.1672123 0.881592 0.2499665 0.8722769 0.1672123 0.881592 0.2502874 0.8960359 0.2499665 0.8722769 0.1672123 0.881592 0.1315196 0.8759684 0.08249658 0.95495 0.1364184 0.8577734 0.1672123 0.881592 0.1704408 0.8611017 0.1672123 0.881592 0.1364184 0.8577734 0.1315196 0.8759684 0.02099627 0.8551678 0.1364184 0.8577734 0.02074754 0.8395487 0.1233668 0.8374277 0.1364184 0.8577734 0.1331649 0.8261327 0.1331649 0.8261327 0.1364184 0.8577734 0.1704408 0.8611017 0.1315196 0.8759684 0.1364184 0.8577734 0.02099627 0.8551678 0.08249658 0.95495 0.1315196 0.8759684 0.07330697 0.9393844 0.5196394 0.8896787 0.6060486 0.9210472 0.5210837 0.9201002 0.6060486 0.9210472 0.5962035 0.9440953 0.5210837 0.9201002 0.5210837 0.9201002 0.4941833 0.9557558 0.4913645 0.9136977 0.4913645 0.9136977 0.5196394 0.8896787 0.5210837 0.9201002 0.4941833 0.9557558 0.4817196 0.9491791 0.4913645 0.9136977 0.420916 0.8965017 0.4280902 0.8685231 0.4913645 0.9136977 0.4280902 0.8685231 0.5196394 0.8896787 0.4913645 0.9136977 0.3435409 0.867376 0.4280902 0.8685231 0.3501591 0.8941593 0.4280902 0.8685231 0.420916 0.8965017 0.3501591 0.8941593 0.3501591 0.8941593 0.3209487 0.924781 0.3156161 0.894136 0.3156161 0.894136 0.3435409 0.867376 0.3501591 0.8941593 0.3209487 0.924781 0.3082135 0.9153235 0.3156161 0.894136 0.3069107 0.8677011 0.3156161 0.894136 0.2502874 0.8960359 0.3069107 0.8677011 0.3435409 0.867376 0.3156161 0.894136 0.2499665 0.8722769 0.3069107 0.8677011 0.2502874 0.8960359 0.273424 0.8007827 0.2846564 0.7896823 0.3069107 0.8677011 0.2846564 0.7896823 0.3435409 0.867376 0.3069107 0.8677011 0.1704408 0.8611017 0.2499665 0.8722769 0.1672123 0.881592 0.1672123 0.881592 0.2499665 0.8722769 0.2502874 0.8960359 0.1672123 0.881592 0.08249658 0.95495 0.1315196 0.8759684 0.1364184 0.8577734 0.1704408 0.8611017 0.1672123 0.881592 0.1672123 0.881592 0.1315196 0.8759684 0.1364184 0.8577734 0.02099627 0.8551678 0.02074754 0.8395487 0.1364184 0.8577734 0.1233668 0.8374277 0.1331649 0.8261327 0.1364184 0.8577734 0.1331649 0.8261327 0.1704408 0.8611017 0.1364184 0.8577734 0.1315196 0.8759684 0.02099627 0.8551678 0.1364184 0.8577734 0.08249658 0.95495 0.07330697 0.9393844 0.1315196 0.8759684 0.2499665 0.8722769 0.1704408 0.8611017 0.1704408 0.8611017 0.02099627 0.8551678 0.02074754 0.8395487 0.02099627 0.8551678 0.3156161 0.894136 0.3082135 0.9153235 0.3082135 0.9153235 0.02099627 0.8551678 0.1315196 0.8759684 0.1315196 0.8759684 0.4817196 0.9491791 0.4913645 0.9136977 0.4817196 0.9491791 0.3156161 0.894136 0.2502874 0.8960359 0.3156161 0.894136 0.1704408 0.8611017 0.1331649 0.8261327 0.1331649 0.8261327 0.420916 0.8965017 0.4913645 0.9136977 0.4913645 0.9136977 0.1672123 0.881592 0.08249658 0.95495 0.1672123 0.881592 0.1233668 0.8374277 0.1331649 0.8261327 0.1233668 0.8374277 0.2502874 0.8960359 0.1672123 0.881592 0.2502874 0.8960359 0.1315196 0.8759684 0.07330697 0.9393844 0.07330697 0.9393844 0.3069107 0.8677011 0.2499665 0.8722769 0.2499665 0.8722769 0.07330697 0.9393844 0.08249658 0.95495 0.08249658 0.95495 0.4280902 0.8685231 0.3435409 0.867376 0.3435409 0.867376 0.273424 0.8007827 0.3069107 0.8677011 0.3069107 0.8677011 0.3209487 0.924781 0.3082135 0.9153235 0.3209487 0.924781 0.4280902 0.8685231 0.5196394 0.8896787 0.4280902 0.8685231 0.02074754 0.8395487 0.1364184 0.8577734 0.02074754 0.8395487 0.5196394 0.8896787 0.6060486 0.9210472 0.5196394 0.8896787 0.4817196 0.9491791 0.4941833 0.9557558 0.4941833 0.9557558 0.1364184 0.8577734 0.1233668 0.8374277 0.1364184 0.8577734 0.5962035 0.9440953 0.6060486 0.9210472 0.6060486 0.9210472 0.3501591 0.8941593 0.420916 0.8965017 0.420916 0.8965017 0.5962035 0.9440953 0.5210837 0.9201002 0.5962035 0.9440953 0.2846564 0.7896823 0.273424 0.8007827 0.273424 0.8007827 0.3209487 0.924781 0.3501591 0.8941593 0.3501591 0.8941593 0.4941833 0.9557558 0.5210837 0.9201002 0.5210837 0.9201002 0.3435409 0.867376 0.2846564 0.7896823 0.2846564 0.7896823 0.7275291 0.3133874 0.71144 0.06623846 0.8369787 0.2094421 0.7711483 0.01683604 0.71144 0.06623846 0.6737793 0.02327847 0.9092301 0.3194698 0.8369787 0.2094421 0.9227928 0.3078117 0.9363555 0.1150628 0.71144 0.06623846 0.7711483 0.01683604 0.8369787 0.2094421 0.9363555 0.2961536 0.9227928 0.3078117 0.654057 0.113717 0.6737793 0.02327847 0.71144 0.06623846 0.7275291 0.3133874 0.71144 0.06623846 0.8369787 0.2094421 0.7711483 0.01683604 0.71144 0.06623846 0.6737793 0.02327847 0.9092301 0.3194698 0.8369787 0.2094421 0.9227928 0.3078117 0.9363555 0.1150628 0.71144 0.06623846 0.7711483 0.01683604 0.8369787 0.2094421 0.9363555 0.2961536 0.9227928 0.3078117 0.654057 0.113717 0.6737793 0.02327847 0.71144 0.06623846 0.278994 0.3303955 0.1612538 0.1924782 0.2468503 0.128786 0.1612538 0.1924782 0.08355307 0.08375322 0.1348112 0.03435975 0.1043493 0.006944596 0.1348112 0.03435975 0.08355307 0.08375322 0.278994 0.3303955 0.1286178 0.4402905 0.08453655 0.2495634 0.08453655 0.2495634 0.1286178 0.4402905 0.04545897 0.3979778 0.02438867 0.1407654 0.08355307 0.08375322 0.1612538 0.1924782 0.08355307 0.08375322 0.02438867 0.1407654 0.003301024 0.05609655 0.278994 0.3303955 0.1612538 0.1924782 0.2468503 0.128786 0.1612538 0.1924782 0.08355307 0.08375322 0.1348112 0.03435975 0.1043493 0.006944596 0.1348112 0.03435975 0.08355307 0.08375322 0.278994 0.3303955 0.1286178 0.4402905 0.08453655 0.2495634 0.08453655 0.2495634 0.1286178 0.4402905 0.04545897 0.3979778 0.02438867 0.1407654 0.08355307 0.08375322 0.1612538 0.1924782 0.08355307 0.08375322 0.02438867 0.1407654 0.003301024 0.05609655 0.278994 0.3303955 0.1612538 0.1924782 0.2468503 0.128786 0.1612538 0.1924782 0.08355307 0.08375322 0.1348112 0.03435975 0.1043493 0.006944596 0.1348112 0.03435975 0.08355307 0.08375322 0.278994 0.3303955 0.1286178 0.4402905 0.08453655 0.2495634 0.08453655 0.2495634 0.1286178 0.4402905 0.04545897 0.3979778 0.02438867 0.1407654 0.08355307 0.08375322 0.1612538 0.1924782 0.08355307 0.08375322 0.02438867 0.1407654 0.003301024 0.05609655 0.278994 0.3303955 0.1612538 0.1924782 0.2468503 0.128786 0.1612538 0.1924782 0.08355307 0.08375322 0.1348112 0.03435975 0.1043493 0.006944596 0.1348112 0.03435975 0.08355307 0.08375322 0.278994 0.3303955 0.1286178 0.4402905 0.08453655 0.2495634 0.08453655 0.2495634 0.1286178 0.4402905 0.04545897 0.3979778 0.02438867 0.1407654 0.08355307 0.08375322 0.1612538 0.1924782 0.08355307 0.08375322 0.02438867 0.1407654 0.003301024 0.05609655 0.278994 0.3303955 0.1612538 0.1924782 0.2468503 0.128786 0.1612538 0.1924782 0.08355307 0.08375322 0.1348112 0.03435975 0.1043493 0.006944596 0.1348112 0.03435975 0.08355307 0.08375322 0.278994 0.3303955 0.1286178 0.4402905 0.08453655 0.2495634 0.08453655 0.2495634 0.1286178 0.4402905 0.04545897 0.3979778 0.02438867 0.1407654 0.08355307 0.08375322 0.1612538 0.1924782 0.08355307 0.08375322 0.02438867 0.1407654 0.003301024 0.05609655 0.278994 0.3303955 0.1612538 0.1924782 0.2468503 0.128786 0.1612538 0.1924782 0.08355307 0.08375322 0.1348112 0.03435975 0.1043493 0.006944596 0.1348112 0.03435975 0.08355307 0.08375322 0.278994 0.3303955 0.1286178 0.4402905 0.08453655 0.2495634 0.08453655 0.2495634 0.1286178 0.4402905 0.04545897 0.3979778 0.02438867 0.1407654 0.08355307 0.08375322 0.1612538 0.1924782 0.08355307 0.08375322 0.02438867 0.1407654 0.003301024 0.05609655 0.278994 0.3303955 0.1612538 0.1924782 0.2468503 0.128786 0.1612538 0.1924782 0.08355307 0.08375322 0.1348112 0.03435975 0.1043493 0.006944596 0.1348112 0.03435975 0.08355307 0.08375322 0.278994 0.3303955 0.1286178 0.4402905 0.08453655 0.2495634 0.08453655 0.2495634 0.1286178 0.4402905 0.04545897 0.3979778 0.02438867 0.1407654 0.08355307 0.08375322 0.1612538 0.1924782 0.08355307 0.08375322 0.02438867 0.1407654 0.003301024 0.05609655 0.278994 0.3303955 0.1612538 0.1924782 0.2468503 0.128786 0.1612538 0.1924782 0.08355307 0.08375322 0.1348112 0.03435975 0.1043493 0.006944596 0.1348112 0.03435975 0.08355307 0.08375322 0.278994 0.3303955 0.1286178 0.4402905 0.08453655 0.2495634 0.08453655 0.2495634 0.1286178 0.4402905 0.04545897 0.3979778 0.02438867 0.1407654 0.08355307 0.08375322 0.1612538 0.1924782 0.08355307 0.08375322 0.02438867 0.1407654 0.003301024 0.05609655 0.278994 0.3303955 0.1612538 0.1924782 0.2468503 0.128786 0.1612538 0.1924782 0.08355307 0.08375322 0.1348112 0.03435975 0.1043493 0.006944596 0.1348112 0.03435975 0.08355307 0.08375322 0.278994 0.3303955 0.1286178 0.4402905 0.08453655 0.2495634 0.08453655 0.2495634 0.1286178 0.4402905 0.04545897 0.3979778 0.02438867 0.1407654 0.08355307 0.08375322 0.1612538 0.1924782 0.08355307 0.08375322 0.02438867 0.1407654 0.003301024 0.05609655 0.278994 0.3303955 0.1612538 0.1924782 0.2468503 0.128786 0.1612538 0.1924782 0.08355307 0.08375322 0.1348112 0.03435975 0.1043493 0.006944596 0.1348112 0.03435975 0.08355307 0.08375322 0.278994 0.3303955 0.1286178 0.4402905 0.08453655 0.2495634 0.08453655 0.2495634 0.1286178 0.4402905 0.04545897 0.3979778 0.02438867 0.1407654 0.08355307 0.08375322 0.1612538 0.1924782 0.08355307 0.08375322 0.02438867 0.1407654 0.003301024 0.05609655 0.278994 0.3303955 0.1612538 0.1924782 0.2468503 0.128786 0.1612538 0.1924782 0.08355307 0.08375322 0.1348112 0.03435975 0.1043493 0.006944596 0.1348112 0.03435975 0.08355307 0.08375322 0.278994 0.3303955 0.1286178 0.4402905 0.08453655 0.2495634 0.08453655 0.2495634 0.1286178 0.4402905 0.04545897 0.3979778 0.02438867 0.1407654 0.08355307 0.08375322 0.1612538 0.1924782 0.08355307 0.08375322 0.02438867 0.1407654 0.003301024 0.05609655 0.278994 0.3303955 0.1612538 0.1924782 0.2468503 0.128786 0.1612538 0.1924782 0.08355307 0.08375322 0.1348112 0.03435975 0.1043493 0.006944596 0.1348112 0.03435975 0.08355307 0.08375322 0.278994 0.3303955 0.1286178 0.4402905 0.08453655 0.2495634 0.08453655 0.2495634 0.1286178 0.4402905 0.04545897 0.3979778 0.02438867 0.1407654 0.08355307 0.08375322 0.1612538 0.1924782 0.08355307 0.08375322 0.02438867 0.1407654 0.003301024 0.05609655 0.278994 0.3303955 0.1612538 0.1924782 0.2468503 0.128786 0.1612538 0.1924782 0.08355307 0.08375322 0.1348112 0.03435975 0.1043493 0.006944596 0.1348112 0.03435975 0.08355307 0.08375322 0.278994 0.3303955 0.1286178 0.4402905 0.08453655 0.2495634 0.08453655 0.2495634 0.1286178 0.4402905 0.04545897 0.3979778 0.02438867 0.1407654 0.08355307 0.08375322 0.1612538 0.1924782 0.08355307 0.08375322 0.02438867 0.1407654 0.003301024 0.05609655 0.278994 0.3303955 0.1612538 0.1924782 0.2468503 0.128786 0.1612538 0.1924782 0.08355307 0.08375322 0.1348112 0.03435975 0.1043493 0.006944596 0.1348112 0.03435975 0.08355307 0.08375322 0.278994 0.3303955 0.1286178 0.4402905 0.08453655 0.2495634 0.08453655 0.2495634 0.1286178 0.4402905 0.04545897 0.3979778 0.02438867 0.1407654 0.08355307 0.08375322 0.1612538 0.1924782 0.08355307 0.08375322 0.02438867 0.1407654 0.003301024 0.05609655 0.278994 0.3303955 0.1612538 0.1924782 0.2468503 0.128786 0.1612538 0.1924782 0.08355307 0.08375322 0.1348112 0.03435975 0.1043493 0.006944596 0.1348112 0.03435975 0.08355307 0.08375322 0.278994 0.3303955 0.1286178 0.4402905 0.08453655 0.2495634 0.08453655 0.2495634 0.1286178 0.4402905 0.04545897 0.3979778 0.02438867 0.1407654 0.08355307 0.08375322 0.1612538 0.1924782 0.08355307 0.08375322 0.02438867 0.1407654 0.003301024 0.05609655 0.278994 0.3303955 0.1612538 0.1924782 0.2468503 0.128786 0.1612538 0.1924782 0.08355307 0.08375322 0.1348112 0.03435975 0.1043493 0.006944596 0.1348112 0.03435975 0.08355307 0.08375322 0.278994 0.3303955 0.1286178 0.4402905 0.08453655 0.2495634 0.08453655 0.2495634 0.1286178 0.4402905 0.04545897 0.3979778 0.02438867 0.1407654 0.08355307 0.08375322 0.1612538 0.1924782 0.08355307 0.08375322 0.02438867 0.1407654 0.003301024 0.05609655 0.278994 0.3303955 0.1612538 0.1924782 0.2468503 0.128786 0.1612538 0.1924782 0.08355307 0.08375322 0.1348112 0.03435975 0.1043493 0.006944596 0.1348112 0.03435975 0.08355307 0.08375322 0.278994 0.3303955 0.1286178 0.4402905 0.08453655 0.2495634 0.08453655 0.2495634 0.1286178 0.4402905 0.04545897 0.3979778 0.02438867 0.1407654 0.08355307 0.08375322 0.1612538 0.1924782 0.08355307 0.08375322 0.02438867 0.1407654 0.003301024 0.05609655 0.278994 0.3303955 0.1612538 0.1924782 0.2468503 0.128786 0.1612538 0.1924782 0.08355307 0.08375322 0.1348112 0.03435975 0.1043493 0.006944596 0.1348112 0.03435975 0.08355307 0.08375322 0.278994 0.3303955 0.1286178 0.4402905 0.08453655 0.2495634 0.08453655 0.2495634 0.1286178 0.4402905 0.04545897 0.3979778 0.02438867 0.1407654 0.08355307 0.08375322 0.1612538 0.1924782 0.08355307 0.08375322 0.02438867 0.1407654 0.003301024 0.05609655 0.278994 0.3303955 0.1612538 0.1924782 0.2468503 0.128786 0.1612538 0.1924782 0.08355307 0.08375322 0.1348112 0.03435975 0.1043493 0.006944596 0.1348112 0.03435975 0.08355307 0.08375322 0.278994 0.3303955 0.1286178 0.4402905 0.08453655 0.2495634 0.08453655 0.2495634 0.1286178 0.4402905 0.04545897 0.3979778 0.02438867 0.1407654 0.08355307 0.08375322 0.1612538 0.1924782 0.08355307 0.08375322 0.02438867 0.1407654 0.003301024 0.05609655 0.278994 0.3303955 0.1612538 0.1924782 0.2468503 0.128786 0.1612538 0.1924782 0.08355307 0.08375322 0.1348112 0.03435975 0.1043493 0.006944596 0.1348112 0.03435975 0.08355307 0.08375322 0.278994 0.3303955 0.1286178 0.4402905 0.08453655 0.2495634 0.08453655 0.2495634 0.1286178 0.4402905 0.04545897 0.3979778 0.02438867 0.1407654 0.08355307 0.08375322 0.1612538 0.1924782 0.08355307 0.08375322 0.02438867 0.1407654 0.003301024 0.05609655 0.278994 0.3303955 0.1612538 0.1924782 0.2468503 0.128786 0.1612538 0.1924782 0.08355307 0.08375322 0.1348112 0.03435975 0.1043493 0.006944596 0.1348112 0.03435975 0.08355307 0.08375322 0.278994 0.3303955 0.1286178 0.4402905 0.08453655 0.2495634 0.08453655 0.2495634 0.1286178 0.4402905 0.04545897 0.3979778 0.02438867 0.1407654 0.08355307 0.08375322 0.1612538 0.1924782 0.08355307 0.08375322 0.02438867 0.1407654 0.003301024 0.05609655 0.278994 0.3303955 0.1612538 0.1924782 0.2468503 0.128786 0.1612538 0.1924782 0.08355307 0.08375322 0.1348112 0.03435975 0.1043493 0.006944596 0.1348112 0.03435975 0.08355307 0.08375322 0.278994 0.3303955 0.1286178 0.4402905 0.08453655 0.2495634 0.08453655 0.2495634 0.1286178 0.4402905 0.04545897 0.3979778 0.02438867 0.1407654 0.08355307 0.08375322 0.1612538 0.1924782 0.08355307 0.08375322 0.02438867 0.1407654 0.003301024 0.05609655 0.278994 0.3303955 0.1612538 0.1924782 0.2468503 0.128786 0.1612538 0.1924782 0.08355307 0.08375322 0.1348112 0.03435975 0.1043493 0.006944596 0.1348112 0.03435975 0.08355307 0.08375322 0.278994 0.3303955 0.1286178 0.4402905 0.08453655 0.2495634 0.08453655 0.2495634 0.1286178 0.4402905 0.04545897 0.3979778 0.02438867 0.1407654 0.08355307 0.08375322 0.1612538 0.1924782 0.08355307 0.08375322 0.02438867 0.1407654 0.003301024 0.05609655 0.278994 0.3303955 0.1612538 0.1924782 0.2468503 0.128786 0.1612538 0.1924782 0.08355307 0.08375322 0.1348112 0.03435975 0.1043493 0.006944596 0.1348112 0.03435975 0.08355307 0.08375322 0.278994 0.3303955 0.1286178 0.4402905 0.08453655 0.2495634 0.08453655 0.2495634 0.1286178 0.4402905 0.04545897 0.3979778 0.02438867 0.1407654 0.08355307 0.08375322 0.1612538 0.1924782 0.08355307 0.08375322 0.02438867 0.1407654 0.003301024 0.05609655 0.278994 0.3303955 0.1612538 0.1924782 0.2468503 0.128786 0.1612538 0.1924782 0.08355307 0.08375322 0.1348112 0.03435975 0.1043493 0.006944596 0.1348112 0.03435975 0.08355307 0.08375322 0.278994 0.3303955 0.1286178 0.4402905 0.08453655 0.2495634 0.08453655 0.2495634 0.1286178 0.4402905 0.04545897 0.3979778 0.02438867 0.1407654 0.08355307 0.08375322 0.1612538 0.1924782 0.08355307 0.08375322 0.02438867 0.1407654 0.003301024 0.05609655 0.278994 0.3303955 0.1612538 0.1924782 0.2468503 0.128786 0.1612538 0.1924782 0.08355307 0.08375322 0.1348112 0.03435975 0.1043493 0.006944596 0.1348112 0.03435975 0.08355307 0.08375322 0.278994 0.3303955 0.1286178 0.4402905 0.08453655 0.2495634 0.08453655 0.2495634 0.1286178 0.4402905 0.04545897 0.3979778 0.02438867 0.1407654 0.08355307 0.08375322 0.1612538 0.1924782 0.08355307 0.08375322 0.02438867 0.1407654 0.003301024 0.05609655 0.278994 0.3303955 0.1612538 0.1924782 0.2468503 0.128786 0.1612538 0.1924782 0.08355307 0.08375322 0.1348112 0.03435975 0.1043493 0.006944596 0.1348112 0.03435975 0.08355307 0.08375322 0.278994 0.3303955 0.1286178 0.4402905 0.08453655 0.2495634 0.08453655 0.2495634 0.1286178 0.4402905 0.04545897 0.3979778 0.02438867 0.1407654 0.08355307 0.08375322 0.1612538 0.1924782 0.08355307 0.08375322 0.02438867 0.1407654 0.003301024 0.05609655 0.278994 0.3303955 0.1612538 0.1924782 0.2468503 0.128786 0.1612538 0.1924782 0.08355307 0.08375322 0.1348112 0.03435975 0.1043493 0.006944596 0.1348112 0.03435975 0.08355307 0.08375322 0.278994 0.3303955 0.1286178 0.4402905 0.08453655 0.2495634 0.08453655 0.2495634 0.1286178 0.4402905 0.04545897 0.3979778 0.02438867 0.1407654 0.08355307 0.08375322 0.1612538 0.1924782 0.08355307 0.08375322 0.02438867 0.1407654 0.003301024 0.05609655 0.278994 0.3303955 0.1612538 0.1924782 0.2468503 0.128786 0.1612538 0.1924782 0.08355307 0.08375322 0.1348112 0.03435975 0.1043493 0.006944596 0.1348112 0.03435975 0.08355307 0.08375322 0.278994 0.3303955 0.1286178 0.4402905 0.08453655 0.2495634 0.08453655 0.2495634 0.1286178 0.4402905 0.04545897 0.3979778 0.02438867 0.1407654 0.08355307 0.08375322 0.1612538 0.1924782 0.08355307 0.08375322 0.02438867 0.1407654 0.003301024 0.05609655 0.278994 0.3303955 0.1612538 0.1924782 0.2468503 0.128786 0.1612538 0.1924782 0.08355307 0.08375322 0.1348112 0.03435975 0.1043493 0.006944596 0.1348112 0.03435975 0.08355307 0.08375322 0.278994 0.3303955 0.1286178 0.4402905 0.08453655 0.2495634 0.08453655 0.2495634 0.1286178 0.4402905 0.04545897 0.3979778 0.02438867 0.1407654 0.08355307 0.08375322 0.1612538 0.1924782 0.08355307 0.08375322 0.02438867 0.1407654 0.003301024 0.05609655 0.278994 0.3303955 0.1612538 0.1924782 0.2468503 0.128786 0.1612538 0.1924782 0.08355307 0.08375322 0.1348112 0.03435975 0.1043493 0.006944596 0.1348112 0.03435975 0.08355307 0.08375322 0.278994 0.3303955 0.1286178 0.4402905 0.08453655 0.2495634 0.08453655 0.2495634 0.1286178 0.4402905 0.04545897 0.3979778 0.02438867 0.1407654 0.08355307 0.08375322 0.1612538 0.1924782 0.08355307 0.08375322 0.02438867 0.1407654 0.003301024 0.05609655 0.278994 0.3303955 0.1612538 0.1924782 0.2468503 0.128786 0.1612538 0.1924782 0.08355307 0.08375322 0.1348112 0.03435975 0.1043493 0.006944596 0.1348112 0.03435975 0.08355307 0.08375322 0.278994 0.3303955 0.1286178 0.4402905 0.08453655 0.2495634 0.08453655 0.2495634 0.1286178 0.4402905 0.04545897 0.3979778 0.02438867 0.1407654 0.08355307 0.08375322 0.1612538 0.1924782 0.08355307 0.08375322 0.02438867 0.1407654 0.003301024 0.05609655 0.278994 0.3303955 0.1612538 0.1924782 0.2468503 0.128786 0.1612538 0.1924782 0.08355307 0.08375322 0.1348112 0.03435975 0.1043493 0.006944596 0.1348112 0.03435975 0.08355307 0.08375322 0.278994 0.3303955 0.1286178 0.4402905 0.08453655 0.2495634 0.08453655 0.2495634 0.1286178 0.4402905 0.04545897 0.3979778 0.02438867 0.1407654 0.08355307 0.08375322 0.1612538 0.1924782 0.08355307 0.08375322 0.02438867 0.1407654 0.003301024 0.05609655 0.278994 0.3303955 0.1612538 0.1924782 0.2468503 0.128786 0.1612538 0.1924782 0.08355307 0.08375322 0.1348112 0.03435975 0.1043493 0.006944596 0.1348112 0.03435975 0.08355307 0.08375322 0.278994 0.3303955 0.1286178 0.4402905 0.08453655 0.2495634 0.08453655 0.2495634 0.1286178 0.4402905 0.04545897 0.3979778 0.02438867 0.1407654 0.08355307 0.08375322 0.1612538 0.1924782 0.08355307 0.08375322 0.02438867 0.1407654 0.003301024 0.05609655 0.4913645 0.9136977 0.4913645 0.9136977 0.4817196 0.9491791 0.420916 0.8965017 0.420916 0.8965017 0.4913645 0.9136977 0.4280902 0.8685231 0.5196394 0.8896787 0.5196394 0.8896787 0.6060486 0.9210472 0.6060486 0.9210472 0.5196394 0.8896787 0.4941833 0.9557558 0.4817196 0.9491791 0.4817196 0.9491791 0.5962035 0.9440953 0.5962035 0.9440953 0.6060486 0.9210472 0.5210837 0.9201002 0.5210837 0.9201002 0.5962035 0.9440953 0.5210837 0.9201002 0.4941833 0.9557558 0.4941833 0.9557558 0.2499665 0.8722769 0.2499665 0.8722769 0.1704408 0.8611017 0.02074754 0.8395487 0.02074754 0.8395487 0.02099627 0.8551678 0.3156161 0.894136 0.3156161 0.894136 0.3082135 0.9153235 0.1315196 0.8759684 0.02099627 0.8551678 0.02099627 0.8551678 0.4913645 0.9136977 0.4913645 0.9136977 0.4817196 0.9491791 0.3156161 0.894136 0.2502874 0.8960359 0.2502874 0.8960359 0.1704408 0.8611017 0.1704408 0.8611017 0.1331649 0.8261327 0.420916 0.8965017 0.420916 0.8965017 0.4913645 0.9136977 0.08249658 0.95495 0.08249658 0.95495 0.1672123 0.881592 0.1233668 0.8374277 0.1331649 0.8261327 0.1331649 0.8261327 0.1672123 0.881592 0.1672123 0.881592 0.2502874 0.8960359 0.1315196 0.8759684 0.1315196 0.8759684 0.07330697 0.9393844 0.3069107 0.8677011 0.3069107 0.8677011 0.2499665 0.8722769 0.08249658 0.95495 0.07330697 0.9393844 0.07330697 0.9393844 0.3435409 0.867376 0.4280902 0.8685231 0.4280902 0.8685231 0.273424 0.8007827 0.273424 0.8007827 0.3069107 0.8677011 0.3209487 0.924781 0.3082135 0.9153235 0.3082135 0.9153235 0.4280902 0.8685231 0.5196394 0.8896787 0.5196394 0.8896787 0.1364184 0.8577734 0.1364184 0.8577734 0.02074754 0.8395487 0.6060486 0.9210472 0.6060486 0.9210472 0.5196394 0.8896787 0.4941833 0.9557558 0.4817196 0.9491791 0.4817196 0.9491791 0.1233668 0.8374277 0.1233668 0.8374277 0.1364184 0.8577734 0.5962035 0.9440953 0.5962035 0.9440953 0.6060486 0.9210472 0.420916 0.8965017 0.3501591 0.8941593 0.3501591 0.8941593 0.5210837 0.9201002 0.5210837 0.9201002 0.5962035 0.9440953 0.273424 0.8007827 0.2846564 0.7896823 0.2846564 0.7896823 0.3501591 0.8941593 0.3209487 0.924781 0.3209487 0.924781 0.4941833 0.9557558 0.4941833 0.9557558 0.5210837 0.9201002 0.2846564 0.7896823 0.3435409 0.867376 0.3435409 0.867376 0.7275291 0.3133874 0.654057 0.113717 0.71144 0.06623846 0.9092301 0.3194698 0.7275291 0.3133874 0.8369787 0.2094421 0.9363555 0.1150628 0.8369787 0.2094421 0.71144 0.06623846 0.8369787 0.2094421 0.9363555 0.1150628 0.9363555 0.2961536 0.7275291 0.3133874 0.654057 0.113717 0.71144 0.06623846 0.9092301 0.3194698 0.7275291 0.3133874 0.8369787 0.2094421 0.9363555 0.1150628 0.8369787 0.2094421 0.71144 0.06623846 0.8369787 0.2094421 0.9363555 0.1150628 0.9363555 0.2961536 0.3156161 0.894136 0.3156161 0.894136 0.3082135 0.9153235 0.4913645 0.9136977 0.4913645 0.9136977 0.4817196 0.9491791 0.4913645 0.9136977 0.420916 0.8965017 0.420916 0.8965017 0.4280902 0.8685231 0.4280902 0.8685231 0.3435409 0.867376 0.273424 0.8007827 0.273424 0.8007827 0.3069107 0.8677011 0.3209487 0.924781 0.3082135 0.9153235 0.3082135 0.9153235 0.5196394 0.8896787 0.5196394 0.8896787 0.4280902 0.8685231 0.5196394 0.8896787 0.6060486 0.9210472 0.6060486 0.9210472 0.4941833 0.9557558 0.4817196 0.9491791 0.4817196 0.9491791 0.5962035 0.9440953 0.5962035 0.9440953 0.6060486 0.9210472 0.420916 0.8965017 0.3501591 0.8941593 0.3501591 0.8941593 0.5210837 0.9201002 0.5210837 0.9201002 0.5962035 0.9440953 0.273424 0.8007827 0.2846564 0.7896823 0.2846564 0.7896823 0.3501591 0.8941593 0.3209487 0.924781 0.3209487 0.924781 0.4941833 0.9557558 0.4941833 0.9557558 0.5210837 0.9201002 0.3435409 0.867376 0.3435409 0.867376 0.2846564 0.7896823 0.1704408 0.8611017 0.2499665 0.8722769 0.2499665 0.8722769 0.02074754 0.8395487 0.02074754 0.8395487 0.02099627 0.8551678 0.3082135 0.9153235 0.3156161 0.894136 0.3156161 0.894136 0.02099627 0.8551678 0.02099627 0.8551678 0.1315196 0.8759684 0.4817196 0.9491791 0.4913645 0.9136977 0.4913645 0.9136977 0.2502874 0.8960359 0.2502874 0.8960359 0.3156161 0.894136 0.1704408 0.8611017 0.1704408 0.8611017 0.1331649 0.8261327 0.4913645 0.9136977 0.420916 0.8965017 0.420916 0.8965017 0.1672123 0.881592 0.08249658 0.95495 0.08249658 0.95495 0.1331649 0.8261327 0.1331649 0.8261327 0.1233668 0.8374277 0.2502874 0.8960359 0.1672123 0.881592 0.1672123 0.881592 0.1315196 0.8759684 0.1315196 0.8759684 0.07330697 0.9393844 0.2499665 0.8722769 0.3069107 0.8677011 0.3069107 0.8677011 0.08249658 0.95495 0.07330697 0.9393844 0.07330697 0.9393844 0.4280902 0.8685231 0.4280902 0.8685231 0.3435409 0.867376 0.273424 0.8007827 0.273424 0.8007827 0.3069107 0.8677011 0.3082135 0.9153235 0.3082135 0.9153235 0.3209487 0.924781 0.4280902 0.8685231 0.5196394 0.8896787 0.5196394 0.8896787 0.1364184 0.8577734 0.1364184 0.8577734 0.02074754 0.8395487 0.5196394 0.8896787 0.6060486 0.9210472 0.6060486 0.9210472 0.4817196 0.9491791 0.4817196 0.9491791 0.4941833 0.9557558 0.1364184 0.8577734 0.1233668 0.8374277 0.1233668 0.8374277 0.5962035 0.9440953 0.5962035 0.9440953 0.6060486 0.9210472 0.420916 0.8965017 0.3501591 0.8941593 0.3501591 0.8941593 0.5210837 0.9201002 0.5210837 0.9201002 0.5962035 0.9440953 0.273424 0.8007827 0.2846564 0.7896823 0.2846564 0.7896823 0.3501591 0.8941593 0.3209487 0.924781 0.3209487 0.924781 0.4941833 0.9557558 0.4941833 0.9557558 0.5210837 0.9201002 0.3435409 0.867376 0.3435409 0.867376 0.2846564 0.7896823 0.2499665 0.8722769 0.2499665 0.8722769 0.1704408 0.8611017 0.02074754 0.8395487 0.02074754 0.8395487 0.02099627 0.8551678 0.3156161 0.894136 0.3156161 0.894136 0.3082135 0.9153235 0.02099627 0.8551678 0.02099627 0.8551678 0.1315196 0.8759684 0.4913645 0.9136977 0.4913645 0.9136977 0.4817196 0.9491791 0.3156161 0.894136 0.2502874 0.8960359 0.2502874 0.8960359 0.1704408 0.8611017 0.1704408 0.8611017 0.1331649 0.8261327 0.420916 0.8965017 0.420916 0.8965017 0.4913645 0.9136977 0.1672123 0.881592 0.08249658 0.95495 0.08249658 0.95495 0.1233668 0.8374277 0.1331649 0.8261327 0.1331649 0.8261327 0.1672123 0.881592 0.1672123 0.881592 0.2502874 0.8960359 0.07330697 0.9393844 0.1315196 0.8759684 0.1315196 0.8759684 0.3069107 0.8677011 0.3069107 0.8677011 0.2499665 0.8722769 0.08249658 0.95495 0.07330697 0.9393844 0.07330697 0.9393844 0.3435409 0.867376 0.4280902 0.8685231 0.4280902 0.8685231 0.273424 0.8007827 0.273424 0.8007827 0.3069107 0.8677011 0.3209487 0.924781 0.3082135 0.9153235 0.3082135 0.9153235 0.4280902 0.8685231 0.5196394 0.8896787 0.5196394 0.8896787 0.1364184 0.8577734 0.1364184 0.8577734 0.02074754 0.8395487 0.5196394 0.8896787 0.6060486 0.9210472 0.6060486 0.9210472 0.4817196 0.9491791 0.4817196 0.9491791 0.4941833 0.9557558 0.1233668 0.8374277 0.1233668 0.8374277 0.1364184 0.8577734 0.5962035 0.9440953 0.5962035 0.9440953 0.6060486 0.9210472 0.3501591 0.8941593 0.3501591 0.8941593 0.420916 0.8965017 0.5210837 0.9201002 0.5210837 0.9201002 0.5962035 0.9440953 0.273424 0.8007827 0.2846564 0.7896823 0.2846564 0.7896823 0.3501591 0.8941593 0.3209487 0.924781 0.3209487 0.924781 0.4941833 0.9557558 0.4941833 0.9557558 0.5210837 0.9201002 0.2846564 0.7896823 0.3435409 0.867376 0.3435409 0.867376 0.7275291 0.3133874 0.654057 0.113717 0.71144 0.06623846 0.9092301 0.3194698 0.7275291 0.3133874 0.8369787 0.2094421 0.9363555 0.1150628 0.8369787 0.2094421 0.71144 0.06623846 0.8369787 0.2094421 0.9363555 0.1150628 0.9363555 0.2961536 0.278994 0.3303955 0.1612538 0.1924782 0.2468503 0.128786 0.1612538 0.1924782 0.08355307 0.08375322 0.1348112 0.03435975 0.1043493 0.006944596 0.1348112 0.03435975 0.08355307 0.08375322 0.278994 0.3303955 0.1286178 0.4402905 0.08453655 0.2495634 0.08453655 0.2495634 0.1286178 0.4402905 0.04545897 0.3979778 0.02438867 0.1407654 0.08355307 0.08375322 0.1612538 0.1924782 0.08355307 0.08375322 0.02438867 0.1407654 0.003301024 0.05609655 0.2499665 0.8722769 0.2499665 0.8722769 0.1704408 0.8611017 0.02099627 0.8551678 0.02074754 0.8395487 0.02074754 0.8395487 0.3156161 0.894136 0.3156161 0.894136 0.3082135 0.9153235 0.02099627 0.8551678 0.02099627 0.8551678 0.1315196 0.8759684 0.4817196 0.9491791 0.4913645 0.9136977 0.4913645 0.9136977 0.3156161 0.894136 0.2502874 0.8960359 0.2502874 0.8960359 0.1704408 0.8611017 0.1704408 0.8611017 0.1331649 0.8261327 0.420916 0.8965017 0.420916 0.8965017 0.4913645 0.9136977 0.1672123 0.881592 0.08249658 0.95495 0.08249658 0.95495 0.1233668 0.8374277 0.1331649 0.8261327 0.1331649 0.8261327 0.2502874 0.8960359 0.1672123 0.881592 0.1672123 0.881592 0.1315196 0.8759684 0.1315196 0.8759684 0.07330697 0.9393844 0.3069107 0.8677011 0.3069107 0.8677011 0.2499665 0.8722769 0.07330697 0.9393844 0.07330697 0.9393844 0.08249658 0.95495 0.4280902 0.8685231 0.4280902 0.8685231 0.3435409 0.867376 0.273424 0.8007827 0.273424 0.8007827 0.3069107 0.8677011 0.3209487 0.924781 0.3082135 0.9153235 0.3082135 0.9153235 0.4280902 0.8685231 0.5196394 0.8896787 0.5196394 0.8896787 0.02074754 0.8395487 0.1364184 0.8577734 0.1364184 0.8577734 0.5196394 0.8896787 0.6060486 0.9210472 0.6060486 0.9210472 0.4817196 0.9491791 0.4817196 0.9491791 0.4941833 0.9557558 0.1364184 0.8577734 0.1233668 0.8374277 0.1233668 0.8374277 0.5962035 0.9440953 0.5962035 0.9440953 0.6060486 0.9210472 0.3501591 0.8941593 0.3501591 0.8941593 0.420916 0.8965017 0.5962035 0.9440953 0.5210837 0.9201002 0.5210837 0.9201002 0.2846564 0.7896823 0.2846564 0.7896823 0.273424 0.8007827 0.3209487 0.924781 0.3209487 0.924781 0.3501591 0.8941593 0.4941833 0.9557558 0.4941833 0.9557558 0.5210837 0.9201002 0.3435409 0.867376 0.3435409 0.867376 0.2846564 0.7896823 0.7275291 0.3133874 0.654057 0.113717 0.71144 0.06623846 0.9092301 0.3194698 0.7275291 0.3133874 0.8369787 0.2094421 0.9363555 0.1150628 0.8369787 0.2094421 0.71144 0.06623846 0.8369787 0.2094421 0.9363555 0.1150628 0.9363555 0.2961536 0.7275291 0.3133874 0.654057 0.113717 0.71144 0.06623846 0.9092301 0.3194698 0.7275291 0.3133874 0.8369787 0.2094421 0.9363555 0.1150628 0.8369787 0.2094421 0.71144 0.06623846 0.8369787 0.2094421 0.9363555 0.1150628 0.9363555 0.2961536</float_array>
          <technique_common>
            <accessor source="#Vert_019-mesh-map-0-array" count="5655" stride="2">
              <param name="S" type="float"/>
              <param name="T" type="float"/>
            </accessor>
          </technique_common>
        </source>
        <vertices id="Vert_019-mesh-vertices">
          <input semantic="POSITION" source="#Vert_019-mesh-positions"/>
        </vertices>
        <triangles material="Leavs-material" count="1885">
          <input semantic="VERTEX" source="#Vert_019-mesh-vertices" offset="0"/>
          <input semantic="NORMAL" source="#Vert_019-mesh-normals" offset="1"/>
          <input semantic="TEXCOORD" source="#Vert_019-mesh-map-0" offset="2" set="0"/>
          <p>2 0 0 0 0 1 1 0 2 3 1 3 4 1 4 2 1 5 32 2 6 9 3 7 6 4 8 2 5 9 5 5 10 0 5 11 33 6 12 20 7 13 9 8 14 11 9 15 6 9 16 7 9 17 6 10 18 9 10 19 8 10 20 11 11 21 5 11 22 6 11 23 21 12 24 31 13 25 34 14 26 32 15 27 10 16 28 33 17 29 7 18 30 12 18 31 11 18 32 10 19 33 19 19 34 14 19 35 7 20 36 13 20 37 12 20 38 10 21 39 16 22 40 15 23 41 16 24 42 17 24 43 15 24 44 14 25 45 33 26 46 10 27 47 32 28 48 5 28 49 2 28 50 31 29 51 18 30 52 34 31 53 18 32 54 22 32 55 34 32 56 24 33 57 20 33 58 23 33 59 20 34 60 24 34 61 9 34 62 9 35 63 25 35 64 26 35 65 9 36 66 26 36 67 8 36 68 4 37 69 29 37 70 27 37 71 3 38 72 28 38 73 4 38 74 4 39 75 28 39 76 29 39 77 29 40 78 30 40 79 27 40 80 6 41 81 5 41 82 32 41 83 34 42 84 22 42 85 21 42 86 4 43 87 32 43 88 2 43 89 37 44 90 35 44 91 36 44 92 38 45 93 39 45 94 37 45 95 67 46 96 44 47 97 41 48 98 37 49 99 40 49 100 35 49 101 68 50 102 55 51 103 44 52 104 46 53 105 41 53 106 42 53 107 41 54 108 44 54 109 43 54 110 46 55 111 40 55 112 41 55 113 56 56 114 66 57 115 69 58 116 67 59 117 45 60 118 68 61 119 42 62 120 47 62 121 46 62 122 45 63 123 54 63 124 49 63 125 42 64 126 48 64 127 47 64 128 45 65 129 51 66 130 50 67 131 51 68 132 52 68 133 50 68 134 49 69 135 68 70 136 45 71 137 67 72 138 40 72 139 37 72 140 66 73 141 53 74 142 69 75 143 53 76 144 57 76 145 69 76 146 59 77 147 55 77 148 58 77 149 55 78 150 59 78 151 44 78 152 44 79 153 60 79 154 61 79 155 44 80 156 61 80 157 43 80 158 39 81 159 64 81 160 62 81 161 38 82 162 63 82 163 39 82 164 39 83 165 63 83 166 64 83 167 64 84 168 65 84 169 62 84 170 41 85 171 40 85 172 67 85 173 69 86 174 57 86 175 56 86 176 39 87 177 67 87 178 37 87 179 72 88 180 70 88 181 71 88 182 73 89 183 74 89 184 72 89 185 102 90 186 79 91 187 76 92 188 72 93 189 75 93 190 70 93 191 103 94 192 90 95 193 79 96 194 81 97 195 76 97 196 77 97 197 76 98 198 79 98 199 78 98 200 81 99 201 75 99 202 76 99 203 91 100 204 101 101 205 104 102 206 102 103 207 80 104 208 103 105 209 77 106 210 82 106 211 81 106 212 80 107 213 89 107 214 84 107 215 77 108 216 83 108 217 82 108 218 80 109 219 86 110 220 85 111 221 86 112 222 87 112 223 85 112 224 84 113 225 103 114 226 80 115 227 102 116 228 75 116 229 72 116 230 101 117 231 88 118 232 104 119 233 88 120 234 92 120 235 104 120 236 94 121 237 90 121 238 93 121 239 90 122 240 94 122 241 79 122 242 79 123 243 95 123 244 96 123 245 79 124 246 96 124 247 78 124 248 74 125 249 99 125 250 97 125 251 73 126 252 98 126 253 74 126 254 74 127 255 98 127 256 99 127 257 99 128 258 100 128 259 97 128 260 76 129 261 75 129 262 102 129 263 104 130 264 92 130 265 91 130 266 74 131 267 102 131 268 72 131 269 107 132 270 105 132 271 106 132 272 108 133 273 109 133 274 107 133 275 137 134 276 114 135 277 111 136 278 107 137 279 110 137 280 105 137 281 138 138 282 125 139 283 114 140 284 116 141 285 111 141 286 112 141 287 111 142 288 114 142 289 113 142 290 116 143 291 110 143 292 111 143 293 126 144 294 136 145 295 139 146 296 137 147 297 115 148 298 138 149 299 112 150 300 117 150 301 116 150 302 115 151 303 124 151 304 119 151 305 112 152 306 118 152 307 117 152 308 115 153 309 121 154 310 120 155 311 121 156 312 122 156 313 120 156 314 119 157 315 138 158 316 115 159 317 137 160 318 110 160 319 107 160 320 136 161 321 123 162 322 139 163 323 123 164 324 127 164 325 139 164 326 129 165 327 125 165 328 128 165 329 125 166 330 129 166 331 114 166 332 114 167 333 130 167 334 131 167 335 114 168 336 131 168 337 113 168 338 109 169 339 134 169 340 132 169 341 108 170 342 133 170 343 109 170 344 109 171 345 133 171 346 134 171 347 134 172 348 135 172 349 132 172 350 111 173 351 110 173 352 137 173 353 139 174 354 127 174 355 126 174 356 109 175 357 137 175 358 107 175 359 142 176 360 140 176 361 141 176 362 143 177 363 144 177 364 142 177 365 172 178 366 149 179 367 146 180 368 142 181 369 145 181 370 140 181 371 173 182 372 160 183 373 149 184 374 151 185 375 146 185 376 147 185 377 146 186 378 149 186 379 148 186 380 151 187 381 145 187 382 146 187 383 161 188 384 171 189 385 174 190 386 172 191 387 150 192 388 173 193 389 147 194 390 152 194 391 151 194 392 150 195 393 159 195 394 154 195 395 147 196 396 153 196 397 152 196 398 150 197 399 156 198 400 155 199 401 156 200 402 157 200 403 155 200 404 154 201 405 173 202 406 150 203 407 172 204 408 145 204 409 142 204 410 171 205 411 158 206 412 174 207 413 158 208 414 162 208 415 174 208 416 164 209 417 160 209 418 163 209 419 160 210 420 164 210 421 149 210 422 149 211 423 165 211 424 166 211 425 149 212 426 166 212 427 148 212 428 144 213 429 169 213 430 167 213 431 143 214 432 168 214 433 144 214 434 144 215 435 168 215 436 169 215 437 169 216 438 170 216 439 167 216 440 146 217 441 145 217 442 172 217 443 174 218 444 162 218 445 161 218 446 144 219 447 172 219 448 142 219 449 177 220 450 175 220 451 176 220 452 178 221 453 179 221 454 177 221 455 207 222 456 184 223 457 181 224 458 177 225 459 180 225 460 175 225 461 208 226 462 195 227 463 184 228 464 186 229 465 181 229 466 182 229 467 181 230 468 184 230 469 183 230 470 186 231 471 180 231 472 181 231 473 196 232 474 206 233 475 209 234 476 207 235 477 185 236 478 208 237 479 182 238 480 187 238 481 186 238 482 185 239 483 194 239 484 189 239 485 182 240 486 188 240 487 187 240 488 185 241 489 191 242 490 190 243 491 191 244 492 192 244 493 190 244 494 189 245 495 208 246 496 185 247 497 207 248 498 180 248 499 177 248 500 206 249 501 193 250 502 209 251 503 193 252 504 197 252 505 209 252 506 199 253 507 195 253 508 198 253 509 195 254 510 199 254 511 184 254 512 184 255 513 200 255 514 201 255 515 184 256 516 201 256 517 183 256 518 179 257 519 204 257 520 202 257 521 178 258 522 203 258 523 179 258 524 179 259 525 203 259 526 204 259 527 204 260 528 205 260 529 202 260 530 181 261 531 180 261 532 207 261 533 209 262 534 197 262 535 196 262 536 179 263 537 207 263 538 177 263 539 212 264 540 210 264 541 211 264 542 213 265 543 214 265 544 212 265 545 242 266 546 219 267 547 216 268 548 212 269 549 215 269 550 210 269 551 243 270 552 230 271 553 219 272 554 221 273 555 216 273 556 217 273 557 216 274 558 219 274 559 218 274 560 221 275 561 215 275 562 216 275 563 231 276 564 241 277 565 244 278 566 242 279 567 220 280 568 243 281 569 217 282 570 222 282 571 221 282 572 220 283 573 229 283 574 224 283 575 217 284 576 223 284 577 222 284 578 220 285 579 226 286 580 225 287 581 226 288 582 227 288 583 225 288 584 224 289 585 243 290 586 220 291 587 242 292 588 215 292 589 212 292 590 241 293 591 228 294 592 244 295 593 228 296 594 232 296 595 244 296 596 234 297 597 230 297 598 233 297 599 230 298 600 234 298 601 219 298 602 219 299 603 235 299 604 236 299 605 219 300 606 236 300 607 218 300 608 214 301 609 239 301 610 237 301 611 213 302 612 238 302 613 214 302 614 214 303 615 238 303 616 239 303 617 239 304 618 240 304 619 237 304 620 216 305 621 215 305 622 242 305 623 244 306 624 232 306 625 231 306 626 214 307 627 242 307 628 212 307 629 247 308 630 245 308 631 246 308 632 248 309 633 249 309 634 247 309 635 277 310 636 254 311 637 251 312 638 247 313 639 250 313 640 245 313 641 278 314 642 265 315 643 254 316 644 256 317 645 251 317 646 252 317 647 251 318 648 254 318 649 253 318 650 256 319 651 250 319 652 251 319 653 266 320 654 276 321 655 279 322 656 277 323 657 255 324 658 278 325 659 252 326 660 257 326 661 256 326 662 255 327 663 264 327 664 259 327 665 252 328 666 258 328 667 257 328 668 255 329 669 261 330 670 260 331 671 261 332 672 262 332 673 260 332 674 259 333 675 278 334 676 255 335 677 277 336 678 250 336 679 247 336 680 276 337 681 263 338 682 279 339 683 263 340 684 267 340 685 279 340 686 269 341 687 265 341 688 268 341 689 265 342 690 269 342 691 254 342 692 254 343 693 270 343 694 271 343 695 254 344 696 271 344 697 253 344 698 249 345 699 274 345 700 272 345 701 248 346 702 273 346 703 249 346 704 249 347 705 273 347 706 274 347 707 274 348 708 275 348 709 272 348 710 251 349 711 250 349 712 277 349 713 279 350 714 267 350 715 266 350 716 249 351 717 277 351 718 247 351 719 282 352 720 280 352 721 281 352 722 283 353 723 284 353 724 282 353 725 312 354 726 289 355 727 286 356 728 282 357 729 285 357 730 280 357 731 313 358 732 300 359 733 289 360 734 291 361 735 286 361 736 287 361 737 286 362 738 289 362 739 288 362 740 291 363 741 285 363 742 286 363 743 301 364 744 311 365 745 314 366 746 312 367 747 290 368 748 313 369 749 287 370 750 292 370 751 291 370 752 290 371 753 299 371 754 294 371 755 287 372 756 293 372 757 292 372 758 290 373 759 296 374 760 295 375 761 296 376 762 297 376 763 295 376 764 294 377 765 313 378 766 290 379 767 312 380 768 285 380 769 282 380 770 311 381 771 298 382 772 314 383 773 298 384 774 302 384 775 314 384 776 304 385 777 300 385 778 303 385 779 300 386 780 304 386 781 289 386 782 289 387 783 305 387 784 306 387 785 289 388 786 306 388 787 288 388 788 284 389 789 309 389 790 307 389 791 283 390 792 308 390 793 284 390 794 284 391 795 308 391 796 309 391 797 309 392 798 310 392 799 307 392 800 286 393 801 285 393 802 312 393 803 314 394 804 302 394 805 301 394 806 284 395 807 312 395 808 282 395 809 317 396 810 315 396 811 316 396 812 318 397 813 319 397 814 317 397 815 347 398 816 324 399 817 321 400 818 317 401 819 320 401 820 315 401 821 348 402 822 335 403 823 324 404 824 326 405 825 321 405 826 322 405 827 321 406 828 324 406 829 323 406 830 326 407 831 320 407 832 321 407 833 336 408 834 346 409 835 349 410 836 347 411 837 325 412 838 348 413 839 322 414 840 327 414 841 326 414 842 325 415 843 334 415 844 329 415 845 322 416 846 328 416 847 327 416 848 325 417 849 331 418 850 330 419 851 331 420 852 332 420 853 330 420 854 329 421 855 348 422 856 325 423 857 347 424 858 320 424 859 317 424 860 346 425 861 333 426 862 349 427 863 333 428 864 337 428 865 349 428 866 339 429 867 335 429 868 338 429 869 335 430 870 339 430 871 324 430 872 324 431 873 340 431 874 341 431 875 324 432 876 341 432 877 323 432 878 319 433 879 344 433 880 342 433 881 318 434 882 343 434 883 319 434 884 319 435 885 343 435 886 344 435 887 344 436 888 345 436 889 342 436 890 321 437 891 320 437 892 347 437 893 349 438 894 337 438 895 336 438 896 319 439 897 347 439 898 317 439 899 352 440 900 350 440 901 351 440 902 353 441 903 354 441 904 352 441 905 382 442 906 359 443 907 356 444 908 352 445 909 355 445 910 350 445 911 383 446 912 370 447 913 359 448 914 361 449 915 356 449 916 357 449 917 356 450 918 359 450 919 358 450 920 361 451 921 355 451 922 356 451 923 371 452 924 381 453 925 384 454 926 382 455 927 360 456 928 383 457 929 357 458 930 362 458 931 361 458 932 360 459 933 369 459 934 364 459 935 357 460 936 363 460 937 362 460 938 360 461 939 366 462 940 365 463 941 366 464 942 367 464 943 365 464 944 364 465 945 383 466 946 360 467 947 382 468 948 355 468 949 352 468 950 381 469 951 368 470 952 384 471 953 368 472 954 372 472 955 384 472 956 374 473 957 370 473 958 373 473 959 370 474 960 374 474 961 359 474 962 359 475 963 375 475 964 376 475 965 359 476 966 376 476 967 358 476 968 354 477 969 379 477 970 377 477 971 353 478 972 378 478 973 354 478 974 354 479 975 378 479 976 379 479 977 379 480 978 380 480 979 377 480 980 356 481 981 355 481 982 382 481 983 384 482 984 372 482 985 371 482 986 354 483 987 382 483 988 352 483 989 387 484 990 385 484 991 386 484 992 388 485 993 389 485 994 387 485 995 417 486 996 394 487 997 391 488 998 387 489 999 390 489 1000 385 489 1001 418 490 1002 405 491 1003 394 492 1004 396 493 1005 391 493 1006 392 493 1007 391 494 1008 394 494 1009 393 494 1010 396 495 1011 390 495 1012 391 495 1013 406 496 1014 416 497 1015 419 498 1016 417 499 1017 395 500 1018 418 501 1019 392 502 1020 397 502 1021 396 502 1022 395 503 1023 404 503 1024 399 503 1025 392 504 1026 398 504 1027 397 504 1028 395 505 1029 401 506 1030 400 507 1031 401 508 1032 402 508 1033 400 508 1034 399 509 1035 418 510 1036 395 511 1037 417 512 1038 390 512 1039 387 512 1040 416 513 1041 403 514 1042 419 515 1043 403 516 1044 407 516 1045 419 516 1046 409 517 1047 405 517 1048 408 517 1049 405 518 1050 409 518 1051 394 518 1052 394 519 1053 410 519 1054 411 519 1055 394 520 1056 411 520 1057 393 520 1058 389 521 1059 414 521 1060 412 521 1061 388 522 1062 413 522 1063 389 522 1064 389 523 1065 413 523 1066 414 523 1067 414 524 1068 415 524 1069 412 524 1070 391 525 1071 390 525 1072 417 525 1073 419 526 1074 407 526 1075 406 526 1076 389 527 1077 417 527 1078 387 527 1079 422 528 1080 420 528 1081 421 528 1082 423 529 1083 424 529 1084 422 529 1085 452 530 1086 429 531 1087 426 532 1088 422 533 1089 425 533 1090 420 533 1091 453 534 1092 440 535 1093 429 536 1094 431 537 1095 426 537 1096 427 537 1097 426 538 1098 429 538 1099 428 538 1100 431 539 1101 425 539 1102 426 539 1103 441 540 1104 451 541 1105 454 542 1106 452 543 1107 430 544 1108 453 545 1109 427 546 1110 432 546 1111 431 546 1112 430 547 1113 439 547 1114 434 547 1115 427 548 1116 433 548 1117 432 548 1118 430 549 1119 436 550 1120 435 551 1121 436 552 1122 437 552 1123 435 552 1124 434 553 1125 453 554 1126 430 555 1127 452 556 1128 425 556 1129 422 556 1130 451 557 1131 438 558 1132 454 559 1133 438 560 1134 442 560 1135 454 560 1136 444 561 1137 440 561 1138 443 561 1139 440 562 1140 444 562 1141 429 562 1142 429 563 1143 445 563 1144 446 563 1145 429 564 1146 446 564 1147 428 564 1148 424 565 1149 449 565 1150 447 565 1151 423 566 1152 448 566 1153 424 566 1154 424 567 1155 448 567 1156 449 567 1157 449 568 1158 450 568 1159 447 568 1160 426 569 1161 425 569 1162 452 569 1163 454 570 1164 442 570 1165 441 570 1166 424 571 1167 452 571 1168 422 571 1169 457 572 1170 455 572 1171 456 572 1172 458 573 1173 459 573 1174 457 573 1175 487 574 1176 464 575 1177 461 576 1178 457 577 1179 460 577 1180 455 577 1181 488 578 1182 475 579 1183 464 580 1184 466 581 1185 461 581 1186 462 581 1187 461 582 1188 464 582 1189 463 582 1190 466 583 1191 460 583 1192 461 583 1193 476 584 1194 486 585 1195 489 586 1196 487 587 1197 465 588 1198 488 589 1199 462 590 1200 467 590 1201 466 590 1202 465 591 1203 474 591 1204 469 591 1205 462 592 1206 468 592 1207 467 592 1208 465 593 1209 471 594 1210 470 595 1211 471 596 1212 472 596 1213 470 596 1214 469 597 1215 488 598 1216 465 599 1217 487 600 1218 460 600 1219 457 600 1220 486 601 1221 473 602 1222 489 603 1223 473 604 1224 477 604 1225 489 604 1226 479 605 1227 475 605 1228 478 605 1229 475 606 1230 479 606 1231 464 606 1232 464 607 1233 480 607 1234 481 607 1235 464 608 1236 481 608 1237 463 608 1238 459 609 1239 484 609 1240 482 609 1241 458 610 1242 483 610 1243 459 610 1244 459 611 1245 483 611 1246 484 611 1247 484 612 1248 485 612 1249 482 612 1250 461 613 1251 460 613 1252 487 613 1253 489 614 1254 477 614 1255 476 614 1256 459 615 1257 487 615 1258 457 615 1259 492 616 1260 490 616 1261 491 616 1262 493 617 1263 494 617 1264 492 617 1265 522 618 1266 499 619 1267 496 620 1268 492 621 1269 495 621 1270 490 621 1271 523 622 1272 510 623 1273 499 624 1274 501 625 1275 496 625 1276 497 625 1277 496 626 1278 499 626 1279 498 626 1280 501 627 1281 495 627 1282 496 627 1283 511 628 1284 521 629 1285 524 630 1286 522 631 1287 500 632 1288 523 633 1289 497 634 1290 502 634 1291 501 634 1292 500 635 1293 509 635 1294 504 635 1295 497 636 1296 503 636 1297 502 636 1298 500 637 1299 506 638 1300 505 639 1301 506 640 1302 507 640 1303 505 640 1304 504 641 1305 523 642 1306 500 643 1307 522 644 1308 495 644 1309 492 644 1310 521 645 1311 508 646 1312 524 647 1313 508 648 1314 512 648 1315 524 648 1316 514 649 1317 510 649 1318 513 649 1319 510 650 1320 514 650 1321 499 650 1322 499 651 1323 515 651 1324 516 651 1325 499 652 1326 516 652 1327 498 652 1328 494 653 1329 519 653 1330 517 653 1331 493 654 1332 518 654 1333 494 654 1334 494 655 1335 518 655 1336 519 655 1337 519 656 1338 520 656 1339 517 656 1340 496 657 1341 495 657 1342 522 657 1343 524 658 1344 512 658 1345 511 658 1346 494 659 1347 522 659 1348 492 659 1349 527 660 1350 525 660 1351 526 660 1352 528 661 1353 529 661 1354 527 661 1355 557 662 1356 534 663 1357 531 664 1358 527 665 1359 530 665 1360 525 665 1361 558 666 1362 545 667 1363 534 668 1364 536 669 1365 531 669 1366 532 669 1367 531 670 1368 534 670 1369 533 670 1370 536 671 1371 530 671 1372 531 671 1373 546 672 1374 556 673 1375 559 674 1376 557 675 1377 535 676 1378 558 677 1379 532 678 1380 537 678 1381 536 678 1382 535 679 1383 544 679 1384 539 679 1385 532 680 1386 538 680 1387 537 680 1388 535 681 1389 541 682 1390 540 683 1391 541 684 1392 542 684 1393 540 684 1394 539 685 1395 558 686 1396 535 687 1397 557 688 1398 530 688 1399 527 688 1400 556 689 1401 543 690 1402 559 691 1403 543 692 1404 547 692 1405 559 692 1406 549 693 1407 545 693 1408 548 693 1409 545 694 1410 549 694 1411 534 694 1412 534 695 1413 550 695 1414 551 695 1415 534 696 1416 551 696 1417 533 696 1418 529 697 1419 554 697 1420 552 697 1421 528 698 1422 553 698 1423 529 698 1424 529 699 1425 553 699 1426 554 699 1427 554 700 1428 555 700 1429 552 700 1430 531 701 1431 530 701 1432 557 701 1433 559 702 1434 547 702 1435 546 702 1436 529 703 1437 557 703 1438 527 703 1439 562 704 1440 560 704 1441 561 704 1442 563 705 1443 564 705 1444 562 705 1445 592 706 1446 569 707 1447 566 708 1448 562 709 1449 565 709 1450 560 709 1451 593 710 1452 580 711 1453 569 712 1454 571 713 1455 566 713 1456 567 713 1457 566 714 1458 569 714 1459 568 714 1460 571 715 1461 565 715 1462 566 715 1463 581 716 1464 591 717 1465 594 718 1466 592 719 1467 570 720 1468 593 721 1469 567 722 1470 572 722 1471 571 722 1472 570 723 1473 579 723 1474 574 723 1475 567 724 1476 573 724 1477 572 724 1478 570 725 1479 576 726 1480 575 727 1481 576 728 1482 577 728 1483 575 728 1484 574 729 1485 593 730 1486 570 731 1487 592 732 1488 565 732 1489 562 732 1490 591 733 1491 578 734 1492 594 735 1493 578 736 1494 582 736 1495 594 736 1496 584 737 1497 580 737 1498 583 737 1499 580 738 1500 584 738 1501 569 738 1502 569 739 1503 585 739 1504 586 739 1505 569 740 1506 586 740 1507 568 740 1508 564 741 1509 589 741 1510 587 741 1511 563 742 1512 588 742 1513 564 742 1514 564 743 1515 588 743 1516 589 743 1517 589 744 1518 590 744 1519 587 744 1520 566 745 1521 565 745 1522 592 745 1523 594 746 1524 582 746 1525 581 746 1526 564 747 1527 592 747 1528 562 747 1529 597 748 1530 595 748 1531 596 748 1532 598 749 1533 599 749 1534 597 749 1535 627 750 1536 604 751 1537 601 752 1538 597 753 1539 600 753 1540 595 753 1541 628 754 1542 615 755 1543 604 756 1544 606 757 1545 601 757 1546 602 757 1547 601 758 1548 604 758 1549 603 758 1550 606 759 1551 600 759 1552 601 759 1553 616 760 1554 626 761 1555 629 762 1556 627 763 1557 605 764 1558 628 765 1559 602 766 1560 607 766 1561 606 766 1562 605 767 1563 614 767 1564 609 767 1565 602 768 1566 608 768 1567 607 768 1568 605 769 1569 611 770 1570 610 771 1571 611 772 1572 612 772 1573 610 772 1574 609 773 1575 628 774 1576 605 775 1577 627 776 1578 600 776 1579 597 776 1580 626 777 1581 613 778 1582 629 779 1583 613 780 1584 617 780 1585 629 780 1586 619 781 1587 615 781 1588 618 781 1589 615 782 1590 619 782 1591 604 782 1592 604 783 1593 620 783 1594 621 783 1595 604 784 1596 621 784 1597 603 784 1598 599 785 1599 624 785 1600 622 785 1601 598 786 1602 623 786 1603 599 786 1604 599 787 1605 623 787 1606 624 787 1607 624 788 1608 625 788 1609 622 788 1610 601 789 1611 600 789 1612 627 789 1613 629 790 1614 617 790 1615 616 790 1616 599 791 1617 627 791 1618 597 791 1619 632 792 1620 630 792 1621 631 792 1622 633 793 1623 634 793 1624 632 793 1625 662 794 1626 639 795 1627 636 796 1628 632 797 1629 635 797 1630 630 797 1631 663 798 1632 650 799 1633 639 800 1634 641 801 1635 636 801 1636 637 801 1637 636 802 1638 639 802 1639 638 802 1640 641 803 1641 635 803 1642 636 803 1643 651 804 1644 661 805 1645 664 806 1646 662 807 1647 640 808 1648 663 809 1649 637 810 1650 642 810 1651 641 810 1652 640 811 1653 649 811 1654 644 811 1655 637 812 1656 643 812 1657 642 812 1658 640 813 1659 646 814 1660 645 815 1661 646 816 1662 647 816 1663 645 816 1664 644 817 1665 663 818 1666 640 819 1667 662 820 1668 635 820 1669 632 820 1670 661 821 1671 648 822 1672 664 823 1673 648 824 1674 652 824 1675 664 824 1676 654 825 1677 650 825 1678 653 825 1679 650 826 1680 654 826 1681 639 826 1682 639 827 1683 655 827 1684 656 827 1685 639 828 1686 656 828 1687 638 828 1688 634 829 1689 659 829 1690 657 829 1691 633 830 1692 658 830 1693 634 830 1694 634 831 1695 658 831 1696 659 831 1697 659 832 1698 660 832 1699 657 832 1700 636 833 1701 635 833 1702 662 833 1703 664 834 1704 652 834 1705 651 834 1706 634 835 1707 662 835 1708 632 835 1709 667 836 1710 665 836 1711 666 836 1712 668 837 1713 669 837 1714 667 837 1715 697 838 1716 674 839 1717 671 840 1718 667 841 1719 670 841 1720 665 841 1721 698 842 1722 685 843 1723 674 844 1724 676 845 1725 671 845 1726 672 845 1727 671 846 1728 674 846 1729 673 846 1730 676 847 1731 670 847 1732 671 847 1733 686 848 1734 696 849 1735 699 850 1736 697 851 1737 675 852 1738 698 853 1739 672 854 1740 677 854 1741 676 854 1742 675 855 1743 684 855 1744 679 855 1745 672 856 1746 678 856 1747 677 856 1748 675 857 1749 681 858 1750 680 859 1751 681 860 1752 682 860 1753 680 860 1754 679 861 1755 698 862 1756 675 863 1757 697 864 1758 670 864 1759 667 864 1760 696 865 1761 683 866 1762 699 867 1763 683 868 1764 687 868 1765 699 868 1766 689 869 1767 685 869 1768 688 869 1769 685 870 1770 689 870 1771 674 870 1772 674 871 1773 690 871 1774 691 871 1775 674 872 1776 691 872 1777 673 872 1778 669 873 1779 694 873 1780 692 873 1781 668 874 1782 693 874 1783 669 874 1784 669 875 1785 693 875 1786 694 875 1787 694 876 1788 695 876 1789 692 876 1790 671 877 1791 670 877 1792 697 877 1793 699 878 1794 687 878 1795 686 878 1796 669 879 1797 697 879 1798 667 879 1799 702 880 1800 700 880 1801 701 880 1802 703 881 1803 704 881 1804 702 881 1805 732 882 1806 709 883 1807 706 884 1808 702 885 1809 705 885 1810 700 885 1811 733 886 1812 720 887 1813 709 888 1814 711 889 1815 706 889 1816 707 889 1817 706 890 1818 709 890 1819 708 890 1820 711 891 1821 705 891 1822 706 891 1823 721 892 1824 731 893 1825 734 894 1826 732 895 1827 710 896 1828 733 897 1829 707 898 1830 712 898 1831 711 898 1832 710 899 1833 719 899 1834 714 899 1835 707 900 1836 713 900 1837 712 900 1838 710 901 1839 716 902 1840 715 903 1841 716 904 1842 717 904 1843 715 904 1844 714 905 1845 733 906 1846 710 907 1847 732 908 1848 705 908 1849 702 908 1850 731 909 1851 718 910 1852 734 911 1853 718 912 1854 722 912 1855 734 912 1856 724 913 1857 720 913 1858 723 913 1859 720 914 1860 724 914 1861 709 914 1862 709 915 1863 725 915 1864 726 915 1865 709 916 1866 726 916 1867 708 916 1868 704 917 1869 729 917 1870 727 917 1871 703 918 1872 728 918 1873 704 918 1874 704 919 1875 728 919 1876 729 919 1877 729 920 1878 730 920 1879 727 920 1880 706 921 1881 705 921 1882 732 921 1883 734 922 1884 722 922 1885 721 922 1886 704 923 1887 732 923 1888 702 923 1889 737 924 1890 735 924 1891 736 924 1892 738 925 1893 739 925 1894 737 925 1895 767 926 1896 744 927 1897 741 928 1898 737 929 1899 740 929 1900 735 929 1901 768 930 1902 755 931 1903 744 932 1904 746 933 1905 741 933 1906 742 933 1907 741 934 1908 744 934 1909 743 934 1910 746 935 1911 740 935 1912 741 935 1913 756 936 1914 766 937 1915 769 938 1916 767 939 1917 745 940 1918 768 941 1919 742 942 1920 747 942 1921 746 942 1922 745 943 1923 754 943 1924 749 943 1925 742 944 1926 748 944 1927 747 944 1928 745 945 1929 751 946 1930 750 947 1931 751 948 1932 752 948 1933 750 948 1934 749 949 1935 768 950 1936 745 951 1937 767 952 1938 740 952 1939 737 952 1940 766 953 1941 753 954 1942 769 955 1943 753 956 1944 757 956 1945 769 956 1946 759 957 1947 755 957 1948 758 957 1949 755 958 1950 759 958 1951 744 958 1952 744 959 1953 760 959 1954 761 959 1955 744 960 1956 761 960 1957 743 960 1958 739 961 1959 764 961 1960 762 961 1961 738 962 1962 763 962 1963 739 962 1964 739 963 1965 763 963 1966 764 963 1967 764 964 1968 765 964 1969 762 964 1970 741 965 1971 740 965 1972 767 965 1973 769 966 1974 757 966 1975 756 966 1976 739 967 1977 767 967 1978 737 967 1979 772 968 1980 770 968 1981 771 968 1982 773 969 1983 774 969 1984 772 969 1985 802 970 1986 779 971 1987 776 972 1988 772 973 1989 775 973 1990 770 973 1991 803 974 1992 790 975 1993 779 976 1994 781 977 1995 776 977 1996 777 977 1997 776 978 1998 779 978 1999 778 978 2000 781 979 2001 775 979 2002 776 979 2003 791 980 2004 801 981 2005 804 982 2006 802 983 2007 780 984 2008 803 985 2009 777 986 2010 782 986 2011 781 986 2012 780 987 2013 789 987 2014 784 987 2015 777 988 2016 783 988 2017 782 988 2018 780 989 2019 786 990 2020 785 991 2021 786 992 2022 787 992 2023 785 992 2024 784 993 2025 803 994 2026 780 995 2027 802 996 2028 775 996 2029 772 996 2030 801 997 2031 788 998 2032 804 999 2033 788 1000 2034 792 1000 2035 804 1000 2036 794 1001 2037 790 1001 2038 793 1001 2039 790 1002 2040 794 1002 2041 779 1002 2042 779 1003 2043 795 1003 2044 796 1003 2045 779 1004 2046 796 1004 2047 778 1004 2048 774 1005 2049 799 1005 2050 797 1005 2051 773 1006 2052 798 1006 2053 774 1006 2054 774 1007 2055 798 1007 2056 799 1007 2057 799 1008 2058 800 1008 2059 797 1008 2060 776 1009 2061 775 1009 2062 802 1009 2063 804 1010 2064 792 1010 2065 791 1010 2066 774 1011 2067 802 1011 2068 772 1011 2069 807 1012 2070 805 1012 2071 806 1012 2072 808 1013 2073 809 1013 2074 807 1013 2075 837 1014 2076 814 1015 2077 811 1016 2078 807 1017 2079 810 1017 2080 805 1017 2081 838 1018 2082 825 1019 2083 814 1020 2084 816 1021 2085 811 1021 2086 812 1021 2087 811 1022 2088 814 1022 2089 813 1022 2090 816 1023 2091 810 1023 2092 811 1023 2093 826 1024 2094 836 1025 2095 839 1026 2096 837 1027 2097 815 1028 2098 838 1029 2099 812 1030 2100 817 1030 2101 816 1030 2102 815 1031 2103 824 1031 2104 819 1031 2105 812 1032 2106 818 1032 2107 817 1032 2108 815 1033 2109 821 1034 2110 820 1035 2111 821 1036 2112 822 1036 2113 820 1036 2114 819 1037 2115 838 1038 2116 815 1039 2117 837 1040 2118 810 1040 2119 807 1040 2120 836 1041 2121 823 1042 2122 839 1043 2123 823 1044 2124 827 1044 2125 839 1044 2126 829 1045 2127 825 1045 2128 828 1045 2129 825 1046 2130 829 1046 2131 814 1046 2132 814 1047 2133 830 1047 2134 831 1047 2135 814 1048 2136 831 1048 2137 813 1048 2138 809 1049 2139 834 1049 2140 832 1049 2141 808 1050 2142 833 1050 2143 809 1050 2144 809 1051 2145 833 1051 2146 834 1051 2147 834 1052 2148 835 1052 2149 832 1052 2150 811 1053 2151 810 1053 2152 837 1053 2153 839 1054 2154 827 1054 2155 826 1054 2156 809 1055 2157 837 1055 2158 807 1055 2159 842 1056 2160 840 1056 2161 841 1056 2162 843 1057 2163 844 1057 2164 842 1057 2165 872 1058 2166 849 1059 2167 846 1060 2168 842 1061 2169 845 1061 2170 840 1061 2171 873 1062 2172 860 1063 2173 849 1064 2174 851 1065 2175 846 1065 2176 847 1065 2177 846 1066 2178 849 1066 2179 848 1066 2180 851 1067 2181 845 1067 2182 846 1067 2183 861 1068 2184 871 1069 2185 874 1070 2186 872 1071 2187 850 1072 2188 873 1073 2189 847 1074 2190 852 1074 2191 851 1074 2192 850 1075 2193 859 1075 2194 854 1075 2195 847 1076 2196 853 1076 2197 852 1076 2198 850 1077 2199 856 1078 2200 855 1079 2201 856 1080 2202 857 1080 2203 855 1080 2204 854 1081 2205 873 1082 2206 850 1083 2207 872 1084 2208 845 1084 2209 842 1084 2210 871 1085 2211 858 1086 2212 874 1087 2213 858 1088 2214 862 1088 2215 874 1088 2216 864 1089 2217 860 1089 2218 863 1089 2219 860 1090 2220 864 1090 2221 849 1090 2222 849 1091 2223 865 1091 2224 866 1091 2225 849 1092 2226 866 1092 2227 848 1092 2228 844 1093 2229 869 1093 2230 867 1093 2231 843 1094 2232 868 1094 2233 844 1094 2234 844 1095 2235 868 1095 2236 869 1095 2237 869 1096 2238 870 1096 2239 867 1096 2240 846 1097 2241 845 1097 2242 872 1097 2243 874 1098 2244 862 1098 2245 861 1098 2246 844 1099 2247 872 1099 2248 842 1099 2249 877 1100 2250 875 1100 2251 876 1100 2252 878 1101 2253 879 1101 2254 877 1101 2255 907 1102 2256 884 1103 2257 881 1104 2258 877 1105 2259 880 1105 2260 875 1105 2261 908 1106 2262 895 1107 2263 884 1108 2264 886 1109 2265 881 1109 2266 882 1109 2267 881 1110 2268 884 1110 2269 883 1110 2270 886 1111 2271 880 1111 2272 881 1111 2273 896 1112 2274 906 1113 2275 909 1114 2276 907 1115 2277 885 1116 2278 908 1117 2279 882 1118 2280 887 1118 2281 886 1118 2282 885 1119 2283 894 1119 2284 889 1119 2285 882 1120 2286 888 1120 2287 887 1120 2288 885 1121 2289 891 1122 2290 890 1123 2291 891 1124 2292 892 1124 2293 890 1124 2294 889 1125 2295 908 1126 2296 885 1127 2297 907 1128 2298 880 1128 2299 877 1128 2300 906 1129 2301 893 1130 2302 909 1131 2303 893 1132 2304 897 1132 2305 909 1132 2306 899 1133 2307 895 1133 2308 898 1133 2309 895 1134 2310 899 1134 2311 884 1134 2312 884 1135 2313 900 1135 2314 901 1135 2315 884 1136 2316 901 1136 2317 883 1136 2318 879 1137 2319 904 1137 2320 902 1137 2321 878 1138 2322 903 1138 2323 879 1138 2324 879 1139 2325 903 1139 2326 904 1139 2327 904 1140 2328 905 1140 2329 902 1140 2330 881 1141 2331 880 1141 2332 907 1141 2333 909 1142 2334 897 1142 2335 896 1142 2336 879 1143 2337 907 1143 2338 877 1143 2339 912 1144 2340 910 1144 2341 911 1144 2342 913 1145 2343 914 1145 2344 912 1145 2345 942 1146 2346 919 1147 2347 916 1148 2348 912 1149 2349 915 1149 2350 910 1149 2351 943 1150 2352 930 1151 2353 919 1152 2354 921 1153 2355 916 1153 2356 917 1153 2357 916 1154 2358 919 1154 2359 918 1154 2360 921 1155 2361 915 1155 2362 916 1155 2363 931 1156 2364 941 1157 2365 944 1158 2366 942 1159 2367 920 1160 2368 943 1161 2369 917 1162 2370 922 1162 2371 921 1162 2372 920 1163 2373 929 1163 2374 924 1163 2375 917 1164 2376 923 1164 2377 922 1164 2378 920 1165 2379 926 1166 2380 925 1167 2381 926 1168 2382 927 1168 2383 925 1168 2384 924 1169 2385 943 1170 2386 920 1171 2387 942 1172 2388 915 1172 2389 912 1172 2390 941 1173 2391 928 1174 2392 944 1175 2393 928 1176 2394 932 1176 2395 944 1176 2396 934 1177 2397 930 1177 2398 933 1177 2399 930 1178 2400 934 1178 2401 919 1178 2402 919 1179 2403 935 1179 2404 936 1179 2405 919 1180 2406 936 1180 2407 918 1180 2408 914 1181 2409 939 1181 2410 937 1181 2411 913 1182 2412 938 1182 2413 914 1182 2414 914 1183 2415 938 1183 2416 939 1183 2417 939 1184 2418 940 1184 2419 937 1184 2420 916 1185 2421 915 1185 2422 942 1185 2423 944 1186 2424 932 1186 2425 931 1186 2426 914 1187 2427 942 1187 2428 912 1187 2429 947 1188 2430 945 1188 2431 946 1188 2432 948 1189 2433 949 1189 2434 947 1189 2435 977 1190 2436 954 1191 2437 951 1192 2438 947 1193 2439 950 1193 2440 945 1193 2441 978 1194 2442 965 1195 2443 954 1196 2444 956 1197 2445 951 1197 2446 952 1197 2447 951 1198 2448 954 1198 2449 953 1198 2450 956 1199 2451 950 1199 2452 951 1199 2453 966 1200 2454 976 1201 2455 979 1202 2456 977 1203 2457 955 1204 2458 978 1205 2459 952 1206 2460 957 1206 2461 956 1206 2462 955 1207 2463 964 1207 2464 959 1207 2465 952 1208 2466 958 1208 2467 957 1208 2468 955 1209 2469 961 1210 2470 960 1211 2471 961 1212 2472 962 1212 2473 960 1212 2474 959 1213 2475 978 1214 2476 955 1215 2477 977 1216 2478 950 1216 2479 947 1216 2480 976 1217 2481 963 1218 2482 979 1219 2483 963 1220 2484 967 1220 2485 979 1220 2486 969 1221 2487 965 1221 2488 968 1221 2489 965 1222 2490 969 1222 2491 954 1222 2492 954 1223 2493 970 1223 2494 971 1223 2495 954 1224 2496 971 1224 2497 953 1224 2498 949 1225 2499 974 1225 2500 972 1225 2501 948 1226 2502 973 1226 2503 949 1226 2504 949 1227 2505 973 1227 2506 974 1227 2507 974 1228 2508 975 1228 2509 972 1228 2510 951 1229 2511 950 1229 2512 977 1229 2513 979 1230 2514 967 1230 2515 966 1230 2516 949 1231 2517 977 1231 2518 947 1231 2519 982 1232 2520 980 1232 2521 981 1232 2522 983 1233 2523 984 1233 2524 982 1233 2525 1012 1234 2526 989 1235 2527 986 1236 2528 982 1237 2529 985 1237 2530 980 1237 2531 1013 1238 2532 1000 1239 2533 989 1240 2534 991 1241 2535 986 1241 2536 987 1241 2537 986 1242 2538 989 1242 2539 988 1242 2540 991 1243 2541 985 1243 2542 986 1243 2543 1001 1244 2544 1011 1245 2545 1014 1246 2546 1012 1247 2547 990 1248 2548 1013 1249 2549 987 1250 2550 992 1250 2551 991 1250 2552 990 1251 2553 999 1251 2554 994 1251 2555 987 1252 2556 993 1252 2557 992 1252 2558 990 1253 2559 996 1254 2560 995 1255 2561 996 1256 2562 997 1256 2563 995 1256 2564 994 1257 2565 1013 1258 2566 990 1259 2567 1012 1260 2568 985 1260 2569 982 1260 2570 1011 1261 2571 998 1262 2572 1014 1263 2573 998 1264 2574 1002 1264 2575 1014 1264 2576 1004 1265 2577 1000 1265 2578 1003 1265 2579 1000 1266 2580 1004 1266 2581 989 1266 2582 989 1267 2583 1005 1267 2584 1006 1267 2585 989 1268 2586 1006 1268 2587 988 1268 2588 984 1269 2589 1009 1269 2590 1007 1269 2591 983 1270 2592 1008 1270 2593 984 1270 2594 984 1271 2595 1008 1271 2596 1009 1271 2597 1009 1272 2598 1010 1272 2599 1007 1272 2600 986 1273 2601 985 1273 2602 1012 1273 2603 1014 1274 2604 1002 1274 2605 1001 1274 2606 984 1275 2607 1012 1275 2608 982 1275 2609 1017 1276 2610 1015 1276 2611 1016 1276 2612 1018 1277 2613 1019 1277 2614 1017 1277 2615 1047 1278 2616 1024 1279 2617 1021 1280 2618 1017 1281 2619 1020 1281 2620 1015 1281 2621 1048 1282 2622 1035 1283 2623 1024 1284 2624 1026 1285 2625 1021 1285 2626 1022 1285 2627 1021 1286 2628 1024 1286 2629 1023 1286 2630 1026 1287 2631 1020 1287 2632 1021 1287 2633 1036 1288 2634 1046 1289 2635 1049 1290 2636 1047 1291 2637 1025 1292 2638 1048 1293 2639 1022 1294 2640 1027 1294 2641 1026 1294 2642 1025 1295 2643 1034 1295 2644 1029 1295 2645 1022 1296 2646 1028 1296 2647 1027 1296 2648 1025 1297 2649 1031 1298 2650 1030 1299 2651 1031 1300 2652 1032 1300 2653 1030 1300 2654 1029 1301 2655 1048 1302 2656 1025 1303 2657 1047 1304 2658 1020 1304 2659 1017 1304 2660 1046 1305 2661 1033 1306 2662 1049 1307 2663 1033 1308 2664 1037 1308 2665 1049 1308 2666 1039 1309 2667 1035 1309 2668 1038 1309 2669 1035 1310 2670 1039 1310 2671 1024 1310 2672 1024 1311 2673 1040 1311 2674 1041 1311 2675 1024 1312 2676 1041 1312 2677 1023 1312 2678 1019 1313 2679 1044 1313 2680 1042 1313 2681 1018 1314 2682 1043 1314 2683 1019 1314 2684 1019 1315 2685 1043 1315 2686 1044 1315 2687 1044 1316 2688 1045 1316 2689 1042 1316 2690 1021 1317 2691 1020 1317 2692 1047 1317 2693 1049 1318 2694 1037 1318 2695 1036 1318 2696 1019 1319 2697 1047 1319 2698 1017 1319 2699 1052 1320 2700 1050 1320 2701 1051 1320 2702 1053 1321 2703 1054 1321 2704 1052 1321 2705 1082 1322 2706 1059 1323 2707 1056 1324 2708 1052 1325 2709 1055 1325 2710 1050 1325 2711 1083 1326 2712 1070 1327 2713 1059 1328 2714 1061 1329 2715 1056 1329 2716 1057 1329 2717 1056 1330 2718 1059 1330 2719 1058 1330 2720 1061 1331 2721 1055 1331 2722 1056 1331 2723 1071 1332 2724 1081 1333 2725 1084 1334 2726 1082 1335 2727 1060 1336 2728 1083 1337 2729 1057 1338 2730 1062 1338 2731 1061 1338 2732 1060 1339 2733 1069 1339 2734 1064 1339 2735 1057 1340 2736 1063 1340 2737 1062 1340 2738 1060 1341 2739 1066 1342 2740 1065 1343 2741 1066 1344 2742 1067 1344 2743 1065 1344 2744 1064 1345 2745 1083 1346 2746 1060 1347 2747 1082 1348 2748 1055 1348 2749 1052 1348 2750 1081 1349 2751 1068 1350 2752 1084 1351 2753 1068 1352 2754 1072 1352 2755 1084 1352 2756 1074 1353 2757 1070 1353 2758 1073 1353 2759 1070 1354 2760 1074 1354 2761 1059 1354 2762 1059 1355 2763 1075 1355 2764 1076 1355 2765 1059 1356 2766 1076 1356 2767 1058 1356 2768 1054 1357 2769 1079 1357 2770 1077 1357 2771 1053 1358 2772 1078 1358 2773 1054 1358 2774 1054 1359 2775 1078 1359 2776 1079 1359 2777 1079 1360 2778 1080 1360 2779 1077 1360 2780 1056 1361 2781 1055 1361 2782 1082 1361 2783 1084 1362 2784 1072 1362 2785 1071 1362 2786 1054 1363 2787 1082 1363 2788 1052 1363 2789 1087 1364 2790 1085 1364 2791 1086 1364 2792 1088 1365 2793 1089 1365 2794 1087 1365 2795 1117 1366 2796 1094 1367 2797 1091 1368 2798 1087 1369 2799 1090 1369 2800 1085 1369 2801 1118 1370 2802 1105 1371 2803 1094 1372 2804 1096 1373 2805 1091 1373 2806 1092 1373 2807 1091 1374 2808 1094 1374 2809 1093 1374 2810 1096 1375 2811 1090 1375 2812 1091 1375 2813 1106 1376 2814 1116 1377 2815 1119 1378 2816 1117 1379 2817 1095 1380 2818 1118 1381 2819 1092 1382 2820 1097 1382 2821 1096 1382 2822 1095 1383 2823 1104 1383 2824 1099 1383 2825 1092 1384 2826 1098 1384 2827 1097 1384 2828 1095 1385 2829 1101 1386 2830 1100 1387 2831 1101 1388 2832 1102 1388 2833 1100 1388 2834 1099 1389 2835 1118 1390 2836 1095 1391 2837 1117 1392 2838 1090 1392 2839 1087 1392 2840 1116 1393 2841 1103 1394 2842 1119 1395 2843 1103 1396 2844 1107 1396 2845 1119 1396 2846 1109 1397 2847 1105 1397 2848 1108 1397 2849 1105 1398 2850 1109 1398 2851 1094 1398 2852 1094 1399 2853 1110 1399 2854 1111 1399 2855 1094 1400 2856 1111 1400 2857 1093 1400 2858 1089 1401 2859 1114 1401 2860 1112 1401 2861 1088 1402 2862 1113 1402 2863 1089 1402 2864 1089 1403 2865 1113 1403 2866 1114 1403 2867 1114 1404 2868 1115 1404 2869 1112 1404 2870 1091 1405 2871 1090 1405 2872 1117 1405 2873 1119 1406 2874 1107 1406 2875 1106 1406 2876 1089 1407 2877 1117 1407 2878 1087 1407 2879 1122 1408 2880 1120 1408 2881 1121 1408 2882 1123 1409 2883 1124 1409 2884 1122 1409 2885 1152 1410 2886 1129 1411 2887 1126 1412 2888 1122 1413 2889 1125 1413 2890 1120 1413 2891 1153 1414 2892 1140 1415 2893 1129 1416 2894 1131 1417 2895 1126 1417 2896 1127 1417 2897 1126 1418 2898 1129 1418 2899 1128 1418 2900 1131 1419 2901 1125 1419 2902 1126 1419 2903 1141 1420 2904 1151 1421 2905 1154 1422 2906 1152 1423 2907 1130 1424 2908 1153 1425 2909 1127 1426 2910 1132 1426 2911 1131 1426 2912 1130 1427 2913 1139 1427 2914 1134 1427 2915 1127 1428 2916 1133 1428 2917 1132 1428 2918 1130 1429 2919 1136 1430 2920 1135 1431 2921 1136 1432 2922 1137 1432 2923 1135 1432 2924 1134 1433 2925 1153 1434 2926 1130 1435 2927 1152 1436 2928 1125 1436 2929 1122 1436 2930 1151 1437 2931 1138 1438 2932 1154 1439 2933 1138 1440 2934 1142 1440 2935 1154 1440 2936 1144 1441 2937 1140 1441 2938 1143 1441 2939 1140 1442 2940 1144 1442 2941 1129 1442 2942 1129 1443 2943 1145 1443 2944 1146 1443 2945 1129 1444 2946 1146 1444 2947 1128 1444 2948 1124 1445 2949 1149 1445 2950 1147 1445 2951 1123 1446 2952 1148 1446 2953 1124 1446 2954 1124 1447 2955 1148 1447 2956 1149 1447 2957 1149 1448 2958 1150 1448 2959 1147 1448 2960 1126 1449 2961 1125 1449 2962 1152 1449 2963 1154 1450 2964 1142 1450 2965 1141 1450 2966 1124 1451 2967 1152 1451 2968 1122 1451 2969 1157 1452 2970 1155 1452 2971 1156 1452 2972 1158 1453 2973 1159 1453 2974 1157 1453 2975 1187 1454 2976 1164 1455 2977 1161 1456 2978 1157 1457 2979 1160 1457 2980 1155 1457 2981 1188 1458 2982 1175 1459 2983 1164 1460 2984 1166 1461 2985 1161 1461 2986 1162 1461 2987 1161 1462 2988 1164 1462 2989 1163 1462 2990 1166 1463 2991 1160 1463 2992 1161 1463 2993 1176 1464 2994 1186 1465 2995 1189 1466 2996 1187 1467 2997 1165 1468 2998 1188 1469 2999 1162 1470 3000 1167 1470 3001 1166 1470 3002 1165 1471 3003 1174 1471 3004 1169 1471 3005 1162 1472 3006 1168 1472 3007 1167 1472 3008 1165 1473 3009 1171 1474 3010 1170 1475 3011 1171 1476 3012 1172 1476 3013 1170 1476 3014 1169 1477 3015 1188 1478 3016 1165 1479 3017 1187 1480 3018 1160 1480 3019 1157 1480 3020 1186 1481 3021 1173 1482 3022 1189 1483 3023 1173 1484 3024 1177 1484 3025 1189 1484 3026 1179 1485 3027 1175 1485 3028 1178 1485 3029 1175 1486 3030 1179 1486 3031 1164 1486 3032 1164 1487 3033 1180 1487 3034 1181 1487 3035 1164 1488 3036 1181 1488 3037 1163 1488 3038 1159 1489 3039 1184 1489 3040 1182 1489 3041 1158 1490 3042 1183 1490 3043 1159 1490 3044 1159 1491 3045 1183 1491 3046 1184 1491 3047 1184 1492 3048 1185 1492 3049 1182 1492 3050 1161 1493 3051 1160 1493 3052 1187 1493 3053 1189 1494 3054 1177 1494 3055 1176 1494 3056 1159 1495 3057 1187 1495 3058 1157 1495 3059 1191 1496 3060 1193 1497 3061 1190 1498 3062 1190 1498 3063 1193 1497 3064 1192 1499 3065 1193 1497 3066 1195 1500 3067 1194 1501 3068 1195 1500 3069 1193 1497 3070 1191 1496 3071 1194 1501 3072 1195 1500 3073 1196 1502 3074 1197 1503 3075 1195 1500 3076 1198 1504 3077 1198 1504 3078 1195 1500 3079 1191 1496 3080 1200 1505 3081 1199 1506 3082 1202 1507 3083 1199 1506 3084 1201 1508 3085 1202 1507 3086 1202 1507 3087 1203 1509 3088 1204 1510 3089 1204 1510 3090 1200 1505 3091 1202 1507 3092 1203 1509 3093 1205 1511 3094 1204 1510 3095 1206 1512 3096 1207 1512 3097 1204 1512 3098 1207 1513 3099 1200 1505 3100 1204 1510 3101 1195 1514 3102 1205 1515 3103 1196 1516 3104 1197 1517 3105 1204 1518 3106 1195 1519 3107 1198 1520 3108 1200 1521 3109 1207 1522 3110 1190 1523 3111 1200 1524 3112 1191 1525 3113 1194 1526 3114 1205 1527 3115 1203 1528 3116 1192 1529 3117 1199 1530 3118 1190 1531 3119 1193 1532 3120 1201 1533 3121 1192 1534 3122 1193 1535 3123 1203 1536 3124 1202 1537 3125 1209 1538 3126 1211 1539 3127 1208 1540 3128 1208 1540 3129 1211 1539 3130 1210 1541 3131 1211 1539 3132 1213 1542 3133 1212 1543 3134 1213 1542 3135 1211 1539 3136 1209 1538 3137 1212 1543 3138 1213 1542 3139 1214 1544 3140 1215 1545 3141 1213 1542 3142 1216 1546 3143 1216 1546 3144 1213 1542 3145 1209 1538 3146 1217 1547 3147 1218 1548 3148 1216 1546 3149 1216 1546 3150 1218 1548 3151 1215 1545 3152 1218 1548 3153 1220 1549 3154 1219 1550 3155 1220 1549 3156 1218 1548 3157 1217 1547 3158 1219 1550 3159 1220 1549 3160 1221 1551 3161 1223 1552 3162 1222 1553 3163 1220 1549 3164 1223 1552 3165 1220 1549 3166 1217 1547 3167 1224 1554 3168 1222 1553 3169 1223 1552 3170 1225 1555 3171 1223 1552 3172 1226 1556 3173 1226 1556 3174 1223 1552 3175 1217 1547 3176 1227 1557 3177 1228 1558 3178 1224 1554 3179 1228 1558 3180 1222 1553 3181 1224 1554 3182 1228 1558 3183 1230 1559 3184 1229 1560 3185 1231 1561 3186 1228 1558 3187 1227 1557 3188 1228 1558 3189 1231 1561 3190 1230 1559 3191 1235 1562 3192 1231 1561 3193 1232 1563 3194 1233 1564 3195 1231 1561 3196 1234 1565 3197 1234 1565 3198 1231 1561 3199 1227 1557 3200 1230 1559 3201 1231 1561 3202 1235 1562 3203 1229 1560 3204 1230 1559 3205 1236 1566 3206 1238 1567 3207 1237 1568 3208 1240 1569 3209 1237 1568 3210 1239 1570 3211 1240 1569 3212 1240 1569 3213 1241 1571 3214 1242 1572 3215 1242 1572 3216 1238 1567 3217 1240 1569 3218 1241 1571 3219 1243 1573 3220 1242 1572 3221 1244 1574 3222 1245 1575 3223 1242 1572 3224 1245 1575 3225 1238 1567 3226 1242 1572 3227 1246 1576 3228 1245 1575 3229 1247 1577 3230 1245 1575 3231 1244 1574 3232 1247 1577 3233 1247 1577 3234 1248 1578 3235 1249 1579 3236 1249 1579 3237 1246 1576 3238 1247 1577 3239 1248 1578 3240 1250 1580 3241 1249 1579 3242 1252 1581 3243 1249 1579 3244 1251 1582 3245 1252 1581 3246 1246 1576 3247 1249 1579 3248 1253 1583 3249 1252 1581 3250 1251 1582 3251 1254 1584 3252 1255 1585 3253 1252 1581 3254 1255 1585 3255 1246 1576 3256 1252 1581 3257 1256 1586 3258 1253 1583 3259 1257 1587 3260 1257 1587 3261 1253 1583 3262 1251 1582 3263 1257 1587 3264 1258 1588 3265 1259 1589 3266 1260 1590 3267 1256 1586 3268 1257 1587 3269 1257 1587 3270 1259 1589 3271 1260 1590 3272 1264 1591 3273 1261 1592 3274 1260 1590 3275 1262 1593 3276 1263 1594 3277 1260 1590 3278 1263 1594 3279 1256 1586 3280 1260 1590 3281 1259 1589 3282 1264 1591 3283 1260 1590 3284 1258 1588 3285 1265 1595 3286 1259 1589 3287 1224 1596 3288 1256 1597 3289 1227 1598 3290 1232 1599 3291 1264 1600 3292 1235 1601 3293 1220 1602 3294 1250 1603 3295 1221 1604 3296 1230 1605 3297 1264 1606 3298 1259 1607 3299 1213 1608 3300 1243 1609 3301 1214 1610 3302 1220 1611 3303 1251 1612 3304 1249 1613 3305 1227 1614 3306 1263 1615 3307 1234 1616 3308 1215 1617 3309 1242 1618 3310 1213 1619 3311 1229 1620 3312 1257 1621 3313 1228 1622 3314 1233 1623 3315 1263 1624 3316 1262 1625 3317 1228 1626 3318 1251 1627 3319 1222 1628 3320 1230 1629 3321 1265 1630 3322 1236 1630 3323 1223 1631 3324 1253 1632 3325 1224 1633 3326 1229 1634 3327 1265 1635 3328 1258 1636 3329 1217 1637 3330 1245 1638 3331 1246 1639 3332 1225 1640 3333 1252 1641 3334 1223 1642 3335 1219 1643 3336 1250 1644 3337 1248 1645 3338 1216 1646 3339 1238 1647 3340 1245 1648 3341 1231 1649 3342 1261 1650 3343 1232 1651 3344 1208 1652 3345 1238 1653 3346 1209 1654 3347 1212 1655 3348 1243 1656 3349 1241 1657 3350 1233 1658 3351 1260 1659 3352 1231 1660 3353 1210 1661 3354 1237 1662 3355 1208 1663 3356 1215 1664 3357 1247 1665 3358 1244 1666 3359 1211 1667 3360 1239 1668 3361 1210 1669 3362 1225 1670 3363 1255 1671 3364 1254 1672 3365 1218 1673 3366 1248 1674 3367 1247 1675 3368 1212 1676 3369 1240 1677 3370 1211 1678 3371 1226 1679 3372 1246 1680 3373 1255 1681 3374 1266 1682 3375 1274 1683 3376 1275 1684 3377 1270 1685 3378 1274 1685 3379 1272 1685 3380 1268 1686 3381 1275 1687 3382 1273 1688 3383 1269 1689 3384 1274 1690 3385 1270 1691 3386 1275 1692 3387 1271 1693 3388 1273 1694 3389 1267 1695 3390 1272 1695 3391 1274 1695 3392 1276 1696 3393 1284 1697 3394 1285 1698 3395 1280 1699 3396 1284 1699 3397 1282 1699 3398 1278 1700 3399 1285 1701 3400 1283 1702 3401 1279 1703 3402 1284 1704 3403 1280 1705 3404 1285 1706 3405 1281 1707 3406 1283 1708 3407 1277 1709 3408 1282 1709 3409 1284 1709 3410 1287 1710 3411 1289 1711 3412 1286 1712 3413 1286 1712 3414 1289 1711 3415 1288 1713 3416 1289 1711 3417 1291 1714 3418 1290 1715 3419 1291 1714 3420 1289 1711 3421 1287 1710 3422 1290 1715 3423 1291 1714 3424 1292 1716 3425 1293 1717 3426 1291 1714 3427 1294 1718 3428 1294 1718 3429 1291 1714 3430 1287 1710 3431 1295 1719 3432 1296 1720 3433 1294 1718 3434 1294 1718 3435 1296 1720 3436 1293 1717 3437 1296 1720 3438 1298 1721 3439 1297 1722 3440 1298 1721 3441 1296 1720 3442 1295 1719 3443 1297 1722 3444 1298 1721 3445 1299 1723 3446 1300 1724 3447 1298 1725 3448 1295 1726 3449 1301 1727 3450 1300 1724 3451 1302 1728 3452 1302 1728 3453 1300 1724 3454 1295 1726 3455 1304 1729 3456 1303 1730 3457 1306 1731 3458 1303 1730 3459 1305 1732 3460 1306 1731 3461 1306 1731 3462 1307 1733 3463 1308 1734 3464 1308 1734 3465 1304 1729 3466 1306 1731 3467 1307 1733 3468 1309 1735 3469 1308 1734 3470 1310 1736 3471 1311 1737 3472 1308 1734 3473 1311 1737 3474 1304 1729 3475 1308 1734 3476 1312 1738 3477 1311 1737 3478 1313 1739 3479 1311 1737 3480 1310 1736 3481 1313 1739 3482 1313 1739 3483 1314 1740 3484 1315 1741 3485 1315 1741 3486 1312 1738 3487 1313 1739 3488 1314 1740 3489 1316 1742 3490 1315 1741 3491 1317 1743 3492 1312 1738 3493 1315 1741 3494 1318 1744 3495 1319 1745 3496 1317 1746 3497 1319 1745 3498 1312 1747 3499 1317 1746 3500 1298 1748 3501 1316 1749 3502 1299 1750 3503 1291 1751 3504 1309 1752 3505 1292 1753 3506 1291 1754 3507 1310 1755 3508 1308 1756 3509 1294 1757 3510 1312 1758 3511 1295 1759 3512 1301 1760 3513 1317 1761 3514 1300 1762 3515 1297 1763 3516 1316 1764 3517 1314 1765 3518 1287 1766 3519 1311 1767 3520 1294 1768 3521 1287 1769 3522 1303 1770 3523 1304 1771 3524 1290 1772 3525 1309 1773 3526 1307 1774 3527 1288 1775 3528 1303 1776 3529 1286 1777 3530 1293 1778 3531 1313 1779 3532 1310 1780 3533 1289 1781 3534 1305 1782 3535 1288 1783 3536 1301 1784 3537 1319 1785 3538 1318 1786 3539 1296 1787 3540 1314 1788 3541 1313 1789 3542 1290 1790 3543 1306 1791 3544 1289 1792 3545 1295 1793 3546 1319 1794 3547 1302 1795 3548 1321 1796 3549 1323 1797 3550 1320 1798 3551 1320 1798 3552 1323 1797 3553 1322 1799 3554 1323 1797 3555 1325 1800 3556 1324 1801 3557 1325 1800 3558 1323 1797 3559 1321 1796 3560 1324 1801 3561 1325 1800 3562 1326 1802 3563 1327 1803 3564 1325 1800 3565 1328 1804 3566 1328 1804 3567 1325 1800 3568 1321 1796 3569 1329 1805 3570 1330 1806 3571 1328 1804 3572 1328 1804 3573 1330 1806 3574 1327 1803 3575 1330 1806 3576 1332 1807 3577 1331 1808 3578 1332 1807 3579 1330 1806 3580 1329 1805 3581 1331 1808 3582 1332 1807 3583 1333 1809 3584 1335 1810 3585 1334 1811 3586 1332 1807 3587 1335 1810 3588 1332 1807 3589 1329 1805 3590 1336 1812 3591 1334 1811 3592 1335 1810 3593 1337 1813 3594 1335 1810 3595 1338 1814 3596 1338 1814 3597 1335 1810 3598 1329 1805 3599 1339 1815 3600 1340 1816 3601 1336 1812 3602 1340 1816 3603 1334 1811 3604 1336 1812 3605 1340 1816 3606 1342 1817 3607 1341 1818 3608 1343 1819 3609 1340 1816 3610 1339 1815 3611 1340 1816 3612 1343 1819 3613 1342 1817 3614 1347 1820 3615 1343 1819 3616 1344 1821 3617 1345 1822 3618 1343 1819 3619 1346 1823 3620 1346 1823 3621 1343 1819 3622 1339 1815 3623 1342 1817 3624 1343 1819 3625 1347 1820 3626 1341 1818 3627 1342 1817 3628 1348 1824 3629 1350 1825 3630 1349 1826 3631 1352 1827 3632 1349 1826 3633 1351 1828 3634 1352 1827 3635 1352 1827 3636 1353 1829 3637 1354 1830 3638 1354 1830 3639 1350 1825 3640 1352 1827 3641 1353 1829 3642 1355 1831 3643 1354 1830 3644 1356 1832 3645 1357 1833 3646 1354 1830 3647 1357 1833 3648 1350 1825 3649 1354 1830 3650 1358 1834 3651 1357 1833 3652 1359 1835 3653 1357 1833 3654 1356 1832 3655 1359 1835 3656 1359 1835 3657 1360 1836 3658 1361 1837 3659 1361 1837 3660 1358 1834 3661 1359 1835 3662 1360 1836 3663 1362 1838 3664 1361 1837 3665 1364 1839 3666 1361 1837 3667 1363 1840 3668 1364 1839 3669 1358 1834 3670 1361 1837 3671 1365 1841 3672 1364 1839 3673 1363 1840 3674 1366 1842 3675 1367 1843 3676 1364 1839 3677 1367 1843 3678 1358 1834 3679 1364 1839 3680 1368 1844 3681 1365 1841 3682 1369 1845 3683 1369 1845 3684 1365 1841 3685 1363 1840 3686 1369 1845 3687 1370 1846 3688 1371 1847 3689 1372 1848 3690 1368 1844 3691 1369 1845 3692 1369 1845 3693 1371 1847 3694 1372 1848 3695 1376 1849 3696 1373 1850 3697 1372 1848 3698 1374 1851 3699 1375 1852 3700 1372 1848 3701 1375 1852 3702 1368 1844 3703 1372 1848 3704 1371 1847 3705 1376 1849 3706 1372 1848 3707 1370 1846 3708 1377 1853 3709 1371 1847 3710 1339 1854 3711 1365 1855 3712 1368 1856 3713 1344 1857 3714 1376 1858 3715 1347 1859 3716 1333 1860 3717 1361 1861 3718 1362 1862 3719 1347 1863 3720 1371 1864 3721 1342 1864 3722 1326 1865 3723 1354 1866 3724 1355 1867 3725 1334 1868 3726 1361 1869 3727 1332 1870 3728 1339 1871 3729 1375 1872 3730 1346 1873 3731 1325 1874 3732 1356 1875 3733 1354 1876 3734 1340 1877 3735 1370 1878 3736 1369 1879 3737 1346 1880 3738 1374 1881 3739 1345 1882 3740 1334 1883 3741 1369 1884 3742 1363 1885 3743 1342 1886 3744 1377 1887 3745 1348 1888 3746 1336 1889 3747 1364 1890 3748 1365 1891 3749 1341 1892 3750 1377 1893 3751 1370 1894 3752 1328 1895 3753 1358 1896 3754 1329 1897 3755 1337 1898 3756 1364 1899 3757 1335 1900 3758 1333 1901 3759 1360 1902 3760 1331 1903 3761 1328 1904 3762 1350 1905 3763 1357 1906 3764 1343 1907 3765 1373 1908 3766 1344 1909 3767 1321 1910 3768 1349 1911 3769 1350 1912 3770 1326 1913 3771 1353 1914 3772 1324 1915 3773 1343 1916 3774 1374 1917 3775 1372 1918 3776 1322 1919 3777 1349 1920 3778 1320 1921 3779 1327 1922 3780 1359 1923 3781 1356 1924 3782 1323 1925 3783 1351 1926 3784 1322 1927 3785 1337 1928 3786 1367 1929 3787 1366 1930 3788 1330 1931 3789 1360 1932 3790 1359 1933 3791 1324 1934 3792 1352 1935 3793 1323 1936 3794 1329 1937 3795 1367 1938 3796 1338 1938 3797 1379 1939 3798 1381 1940 3799 1378 1941 3800 1378 1941 3801 1381 1940 3802 1380 1942 3803 1381 1940 3804 1383 1943 3805 1382 1944 3806 1383 1943 3807 1381 1940 3808 1379 1939 3809 1382 1944 3810 1383 1943 3811 1384 1945 3812 1385 1946 3813 1383 1943 3814 1386 1947 3815 1386 1947 3816 1383 1943 3817 1379 1939 3818 1387 1948 3819 1388 1949 3820 1386 1947 3821 1386 1947 3822 1388 1949 3823 1385 1946 3824 1388 1949 3825 1390 1950 3826 1389 1951 3827 1390 1950 3828 1388 1949 3829 1387 1948 3830 1389 1951 3831 1390 1950 3832 1391 1952 3833 1393 1953 3834 1392 1954 3835 1390 1950 3836 1393 1953 3837 1390 1950 3838 1387 1948 3839 1394 1955 3840 1392 1954 3841 1393 1953 3842 1395 1956 3843 1393 1953 3844 1396 1957 3845 1396 1957 3846 1393 1953 3847 1387 1948 3848 1397 1958 3849 1398 1959 3850 1394 1955 3851 1398 1959 3852 1392 1954 3853 1394 1955 3854 1398 1959 3855 1400 1960 3856 1399 1961 3857 1401 1962 3858 1398 1959 3859 1397 1958 3860 1398 1959 3861 1401 1962 3862 1400 1960 3863 1405 1963 3864 1401 1962 3865 1402 1964 3866 1403 1965 3867 1401 1962 3868 1404 1966 3869 1404 1966 3870 1401 1962 3871 1397 1958 3872 1400 1960 3873 1401 1962 3874 1405 1963 3875 1399 1961 3876 1400 1960 3877 1406 1967 3878 1408 1968 3879 1407 1969 3880 1410 1970 3881 1407 1969 3882 1409 1971 3883 1410 1970 3884 1410 1970 3885 1411 1972 3886 1412 1973 3887 1412 1973 3888 1408 1968 3889 1410 1970 3890 1411 1972 3891 1413 1974 3892 1412 1973 3893 1414 1975 3894 1415 1976 3895 1412 1973 3896 1415 1976 3897 1408 1968 3898 1412 1973 3899 1416 1977 3900 1415 1976 3901 1417 1978 3902 1415 1976 3903 1414 1975 3904 1417 1978 3905 1417 1978 3906 1418 1979 3907 1419 1980 3908 1419 1980 3909 1416 1977 3910 1417 1978 3911 1418 1979 3912 1420 1981 3913 1419 1980 3914 1422 1982 3915 1419 1980 3916 1421 1983 3917 1422 1982 3918 1416 1977 3919 1419 1980 3920 1423 1984 3921 1422 1982 3922 1421 1983 3923 1424 1985 3924 1425 1986 3925 1422 1982 3926 1425 1986 3927 1416 1977 3928 1422 1982 3929 1426 1987 3930 1423 1984 3931 1427 1988 3932 1427 1988 3933 1423 1984 3934 1421 1983 3935 1427 1988 3936 1428 1989 3937 1429 1990 3938 1430 1991 3939 1426 1987 3940 1427 1988 3941 1427 1988 3942 1429 1990 3943 1430 1991 3944 1434 1992 3945 1431 1993 3946 1430 1991 3947 1432 1994 3948 1433 1995 3949 1430 1991 3950 1433 1995 3951 1426 1987 3952 1430 1991 3953 1429 1990 3954 1434 1992 3955 1430 1991 3956 1428 1989 3957 1435 1996 3958 1429 1990 3959 1394 1997 3960 1426 1998 3961 1397 1999 3962 1402 2000 3963 1434 2001 3964 1405 2002 3965 1390 2003 3966 1420 2004 3967 1391 2005 3968 1405 2006 3969 1429 2007 3970 1400 2008 3971 1383 2009 3972 1413 2010 3973 1384 2011 3974 1390 2012 3975 1421 2013 3976 1419 2014 3977 1397 2015 3978 1433 2016 3979 1404 2017 3980 1385 2018 3981 1412 2019 3982 1383 2020 3983 1398 2021 3984 1428 2022 3985 1427 2023 3986 1403 2024 3987 1433 2025 3988 1432 2026 3989 1398 2027 3990 1421 2028 3991 1392 2029 3992 1406 2030 3993 1429 2031 3994 1435 2032 3995 1393 2033 3996 1423 2034 3997 1394 2035 3998 1399 2036 3999 1435 2037 4000 1428 2038 4001 1387 2039 4002 1415 2040 4003 1416 2041 4004 1395 2042 4005 1422 2043 4006 1393 2044 4007 1389 2045 4008 1420 2046 4009 1418 2047 4010 1386 2048 4011 1408 2049 4012 1415 2050 4013 1401 2051 4014 1431 2052 4015 1402 2053 4016 1379 2054 4017 1407 2055 4018 1408 2056 4019 1384 2057 4020 1411 2058 4021 1382 2059 4022 1403 2060 4023 1430 2061 4024 1401 2062 4025 1380 2063 4026 1407 2064 4027 1378 2065 4028 1388 2066 4029 1414 2067 4030 1385 2068 4031 1381 2069 4032 1409 2070 4033 1380 2070 4034 1395 2071 4035 1425 2072 4036 1424 2073 4037 1388 2074 4038 1418 2075 4039 1417 2076 4040 1382 2077 4041 1410 2078 4042 1381 2079 4043 1396 2080 4044 1416 2081 4045 1425 2082 4046 1436 2083 4047 1444 2084 4048 1445 2085 4049 1440 2086 4050 1444 2086 4051 1442 2086 4052 1438 2087 4053 1445 2088 4054 1443 2089 4055 1439 2090 4056 1444 2091 4057 1440 2092 4058 1445 2093 4059 1441 2094 4060 1443 2095 4061 1437 2096 4062 1442 2096 4063 1444 2096 4064 1448 2097 4065 1446 2097 4066 1447 2097 4067 1449 2098 4068 1450 2098 4069 1448 2098 4070 1478 2099 4071 1455 2100 4072 1452 2101 4073 1448 2102 4074 1451 2102 4075 1446 2102 4076 1479 2103 4077 1466 2104 4078 1455 2105 4079 1457 2106 4080 1452 2106 4081 1453 2106 4082 1452 2107 4083 1455 2107 4084 1454 2107 4085 1457 2108 4086 1451 2108 4087 1452 2108 4088 1467 2109 4089 1477 2110 4090 1480 2111 4091 1478 2112 4092 1456 2113 4093 1479 2114 4094 1453 2115 4095 1458 2115 4096 1457 2115 4097 1456 2116 4098 1465 2116 4099 1460 2116 4100 1453 2117 4101 1459 2117 4102 1458 2117 4103 1456 2118 4104 1462 2119 4105 1461 2120 4106 1462 2121 4107 1463 2121 4108 1461 2121 4109 1460 2122 4110 1479 2123 4111 1456 2124 4112 1478 2125 4113 1451 2125 4114 1448 2125 4115 1477 2126 4116 1464 2127 4117 1480 2128 4118 1464 2129 4119 1468 2129 4120 1480 2129 4121 1470 2130 4122 1466 2130 4123 1469 2130 4124 1466 2131 4125 1470 2131 4126 1455 2131 4127 1455 2132 4128 1471 2132 4129 1472 2132 4130 1455 2133 4131 1472 2133 4132 1454 2133 4133 1450 2134 4134 1475 2134 4135 1473 2134 4136 1449 2135 4137 1474 2135 4138 1450 2135 4139 1450 2136 4140 1474 2136 4141 1475 2136 4142 1475 2137 4143 1476 2137 4144 1473 2137 4145 1452 2138 4146 1451 2138 4147 1478 2138 4148 1480 2139 4149 1468 2139 4150 1467 2139 4151 1450 2140 4152 1478 2140 4153 1448 2140 4154 1482 2141 4155 1484 2142 4156 1481 2143 4157 1481 2143 4158 1484 2142 4159 1483 2144 4160 1484 2142 4161 1486 2145 4162 1485 2146 4163 1486 2145 4164 1484 2142 4165 1482 2141 4166 1485 2146 4167 1486 2145 4168 1487 2147 4169 1488 2148 4170 1486 2145 4171 1489 2149 4172 1489 2149 4173 1486 2145 4174 1482 2141 4175 1490 2150 4176 1491 2151 4177 1489 2149 4178 1489 2149 4179 1491 2151 4180 1488 2148 4181 1491 2151 4182 1493 2152 4183 1492 2153 4184 1493 2152 4185 1491 2151 4186 1490 2150 4187 1492 2153 4188 1493 2152 4189 1494 2154 4190 1496 2155 4191 1495 2156 4192 1493 2152 4193 1496 2155 4194 1493 2152 4195 1490 2150 4196 1497 2157 4197 1495 2156 4198 1496 2155 4199 1498 2158 4200 1496 2155 4201 1499 2159 4202 1499 2159 4203 1496 2155 4204 1490 2150 4205 1500 2160 4206 1501 2161 4207 1497 2157 4208 1501 2161 4209 1495 2156 4210 1497 2157 4211 1501 2161 4212 1503 2162 4213 1502 2163 4214 1504 2164 4215 1501 2161 4216 1500 2160 4217 1501 2161 4218 1504 2164 4219 1503 2162 4220 1508 2165 4221 1504 2164 4222 1505 2166 4223 1506 2167 4224 1504 2164 4225 1507 2168 4226 1507 2168 4227 1504 2164 4228 1500 2160 4229 1503 2162 4230 1504 2164 4231 1508 2165 4232 1502 2163 4233 1503 2162 4234 1509 2169 4235 1511 2170 4236 1510 2171 4237 1513 2172 4238 1510 2171 4239 1512 2173 4240 1513 2172 4241 1513 2172 4242 1514 2174 4243 1515 2175 4244 1515 2175 4245 1511 2170 4246 1513 2172 4247 1514 2174 4248 1516 2176 4249 1515 2175 4250 1517 2177 4251 1518 2178 4252 1515 2175 4253 1518 2178 4254 1511 2170 4255 1515 2175 4256 1519 2179 4257 1518 2178 4258 1520 2180 4259 1518 2178 4260 1517 2177 4261 1520 2180 4262 1520 2180 4263 1521 2181 4264 1522 2182 4265 1522 2182 4266 1519 2179 4267 1520 2180 4268 1521 2181 4269 1523 2183 4270 1522 2182 4271 1525 2184 4272 1522 2182 4273 1524 2185 4274 1525 2184 4275 1519 2179 4276 1522 2182 4277 1526 2186 4278 1525 2184 4279 1524 2185 4280 1527 2187 4281 1528 2188 4282 1525 2184 4283 1528 2188 4284 1519 2179 4285 1525 2184 4286 1529 2189 4287 1526 2186 4288 1530 2190 4289 1530 2190 4290 1526 2186 4291 1524 2185 4292 1530 2190 4293 1531 2191 4294 1532 2192 4295 1533 2193 4296 1529 2189 4297 1530 2190 4298 1530 2190 4299 1532 2192 4300 1533 2193 4301 1537 2194 4302 1534 2195 4303 1533 2193 4304 1535 2196 4305 1536 2197 4306 1533 2193 4307 1536 2197 4308 1529 2189 4309 1533 2193 4310 1532 2192 4311 1537 2194 4312 1533 2193 4313 1531 2191 4314 1538 2198 4315 1532 2192 4316 1497 2199 4317 1529 2200 4318 1500 2201 4319 1508 2202 4320 1534 2203 4321 1537 2204 4322 1493 2205 4323 1523 2206 4324 1494 2207 4325 1508 2208 4326 1532 2209 4327 1503 2210 4328 1487 2211 4329 1515 2212 4330 1516 2213 4331 1493 2214 4332 1524 2215 4333 1522 2216 4334 1500 2217 4335 1536 2218 4336 1507 2219 4337 1488 2220 4338 1515 2221 4339 1486 2222 4340 1501 2223 4341 1531 2224 4342 1530 2225 4343 1506 2226 4344 1536 2227 4345 1535 2228 4346 1495 2229 4347 1530 2230 4348 1524 2231 4349 1503 2232 4350 1538 2233 4351 1509 2234 4352 1496 2235 4353 1526 2236 4354 1497 2237 4355 1509 2238 4356 1531 2239 4357 1502 2240 4358 1489 2241 4359 1519 2242 4360 1490 2243 4361 1498 2244 4362 1525 2245 4363 1496 2246 4364 1492 2247 4365 1523 2248 4366 1521 2249 4367 1489 2250 4368 1511 2251 4369 1518 2252 4370 1505 2253 4371 1533 2254 4372 1534 2253 4373 1482 2255 4374 1510 2256 4375 1511 2257 4376 1487 2258 4377 1514 2259 4378 1485 2260 4379 1504 2261 4380 1535 2262 4381 1533 2263 4382 1483 2264 4383 1510 2265 4384 1481 2266 4385 1491 2267 4386 1517 2268 4387 1488 2268 4388 1483 2269 4389 1513 2270 4390 1512 2271 4391 1499 2272 4392 1527 2273 4393 1498 2274 4394 1492 2275 4395 1520 2276 4396 1491 2277 4397 1485 2278 4398 1513 2279 4399 1484 2280 4400 1490 2281 4401 1528 2282 4402 1499 2283 4403 1539 2284 4404 1547 2285 4405 1548 2286 4406 1543 2287 4407 1547 2287 4408 1545 2287 4409 1541 2288 4410 1548 2289 4411 1546 2290 4412 1542 2291 4413 1547 2292 4414 1543 2293 4415 1548 2294 4416 1544 2295 4417 1546 2296 4418 1540 2297 4419 1545 2297 4420 1547 2297 4421 1549 2298 4422 1557 2299 4423 1558 2300 4424 1553 2301 4425 1557 2301 4426 1555 2301 4427 1551 2302 4428 1558 2303 4429 1556 2304 4430 1552 2305 4431 1557 2306 4432 1553 2307 4433 1558 2308 4434 1554 2309 4435 1556 2310 4436 1550 2311 4437 1555 2311 4438 1557 2311 4439 32 2 4440 33 2312 4441 9 3 4442 33 6 4443 31 2313 4444 20 7 4445 21 12 4446 20 2314 4447 31 13 4448 32 15 4449 4 2315 4450 10 16 4451 10 21 4452 4 2316 4453 16 22 4454 14 25 4455 31 2317 4456 33 26 4457 31 29 4458 14 2318 4459 18 30 4460 67 46 4461 68 2319 4462 44 47 4463 68 50 4464 66 2320 4465 55 51 4466 56 56 4467 55 2321 4468 66 57 4469 67 59 4470 39 2322 4471 45 60 4472 45 65 4473 39 2323 4474 51 66 4475 49 69 4476 66 2324 4477 68 70 4478 66 73 4479 49 2325 4480 53 74 4481 102 90 4482 103 2326 4483 79 91 4484 103 94 4485 101 2327 4486 90 95 4487 91 100 4488 90 2328 4489 101 101 4490 102 103 4491 74 2329 4492 80 104 4493 80 109 4494 74 2330 4495 86 110 4496 84 113 4497 101 2331 4498 103 114 4499 101 117 4500 84 2332 4501 88 118 4502 137 134 4503 138 2333 4504 114 135 4505 138 138 4506 136 2334 4507 125 139 4508 126 144 4509 125 2335 4510 136 145 4511 137 147 4512 109 2336 4513 115 148 4514 115 153 4515 109 2337 4516 121 154 4517 119 157 4518 136 2338 4519 138 158 4520 136 161 4521 119 2339 4522 123 162 4523 172 178 4524 173 2340 4525 149 179 4526 173 182 4527 171 2341 4528 160 183 4529 161 188 4530 160 2342 4531 171 189 4532 172 191 4533 144 2343 4534 150 192 4535 150 197 4536 144 2344 4537 156 198 4538 154 201 4539 171 2345 4540 173 202 4541 171 205 4542 154 2346 4543 158 206 4544 207 222 4545 208 2347 4546 184 223 4547 208 226 4548 206 2348 4549 195 227 4550 196 232 4551 195 2349 4552 206 233 4553 207 235 4554 179 2350 4555 185 236 4556 185 241 4557 179 2351 4558 191 242 4559 189 245 4560 206 2352 4561 208 246 4562 206 249 4563 189 2353 4564 193 250 4565 242 266 4566 243 2354 4567 219 267 4568 243 270 4569 241 2355 4570 230 271 4571 231 276 4572 230 2356 4573 241 277 4574 242 279 4575 214 2357 4576 220 280 4577 220 285 4578 214 2358 4579 226 286 4580 224 289 4581 241 2359 4582 243 290 4583 241 293 4584 224 2360 4585 228 294 4586 277 310 4587 278 2361 4588 254 311 4589 278 314 4590 276 2362 4591 265 315 4592 266 320 4593 265 2363 4594 276 321 4595 277 323 4596 249 2364 4597 255 324 4598 255 329 4599 249 2365 4600 261 330 4601 259 333 4602 276 2366 4603 278 334 4604 276 337 4605 259 2367 4606 263 338 4607 312 354 4608 313 2368 4609 289 355 4610 313 358 4611 311 2369 4612 300 359 4613 301 364 4614 300 2370 4615 311 365 4616 312 367 4617 284 2371 4618 290 368 4619 290 373 4620 284 2372 4621 296 374 4622 294 377 4623 311 2373 4624 313 378 4625 311 381 4626 294 2374 4627 298 382 4628 347 398 4629 348 2375 4630 324 399 4631 348 402 4632 346 2376 4633 335 403 4634 336 408 4635 335 2377 4636 346 409 4637 347 411 4638 319 2378 4639 325 412 4640 325 417 4641 319 2379 4642 331 418 4643 329 421 4644 346 2380 4645 348 422 4646 346 425 4647 329 2381 4648 333 426 4649 382 442 4650 383 2382 4651 359 443 4652 383 446 4653 381 2383 4654 370 447 4655 371 452 4656 370 2384 4657 381 453 4658 382 455 4659 354 2385 4660 360 456 4661 360 461 4662 354 2386 4663 366 462 4664 364 465 4665 381 2387 4666 383 466 4667 381 469 4668 364 2388 4669 368 470 4670 417 486 4671 418 2389 4672 394 487 4673 418 490 4674 416 2390 4675 405 491 4676 406 496 4677 405 2391 4678 416 497 4679 417 499 4680 389 2392 4681 395 500 4682 395 505 4683 389 2393 4684 401 506 4685 399 509 4686 416 2394 4687 418 510 4688 416 513 4689 399 2395 4690 403 514 4691 452 530 4692 453 2396 4693 429 531 4694 453 534 4695 451 2397 4696 440 535 4697 441 540 4698 440 2398 4699 451 541 4700 452 543 4701 424 2399 4702 430 544 4703 430 549 4704 424 2400 4705 436 550 4706 434 553 4707 451 2401 4708 453 554 4709 451 557 4710 434 2402 4711 438 558 4712 487 574 4713 488 2403 4714 464 575 4715 488 578 4716 486 2404 4717 475 579 4718 476 584 4719 475 2405 4720 486 585 4721 487 587 4722 459 2406 4723 465 588 4724 465 593 4725 459 2407 4726 471 594 4727 469 597 4728 486 2408 4729 488 598 4730 486 601 4731 469 2409 4732 473 602 4733 522 618 4734 523 2410 4735 499 619 4736 523 622 4737 521 2411 4738 510 623 4739 511 628 4740 510 2412 4741 521 629 4742 522 631 4743 494 2413 4744 500 632 4745 500 637 4746 494 2414 4747 506 638 4748 504 641 4749 521 2415 4750 523 642 4751 521 645 4752 504 2416 4753 508 646 4754 557 662 4755 558 2417 4756 534 663 4757 558 666 4758 556 2418 4759 545 667 4760 546 672 4761 545 2419 4762 556 673 4763 557 675 4764 529 2420 4765 535 676 4766 535 681 4767 529 2421 4768 541 682 4769 539 685 4770 556 2422 4771 558 686 4772 556 689 4773 539 2423 4774 543 690 4775 592 706 4776 593 2424 4777 569 707 4778 593 710 4779 591 2425 4780 580 711 4781 581 716 4782 580 2426 4783 591 717 4784 592 719 4785 564 2427 4786 570 720 4787 570 725 4788 564 2428 4789 576 726 4790 574 729 4791 591 2429 4792 593 730 4793 591 733 4794 574 2430 4795 578 734 4796 627 750 4797 628 2431 4798 604 751 4799 628 754 4800 626 2432 4801 615 755 4802 616 760 4803 615 2433 4804 626 761 4805 627 763 4806 599 2434 4807 605 764 4808 605 769 4809 599 2435 4810 611 770 4811 609 773 4812 626 2436 4813 628 774 4814 626 777 4815 609 2437 4816 613 778 4817 662 794 4818 663 2438 4819 639 795 4820 663 798 4821 661 2439 4822 650 799 4823 651 804 4824 650 2440 4825 661 805 4826 662 807 4827 634 2441 4828 640 808 4829 640 813 4830 634 2442 4831 646 814 4832 644 817 4833 661 2443 4834 663 818 4835 661 821 4836 644 2444 4837 648 822 4838 697 838 4839 698 2445 4840 674 839 4841 698 842 4842 696 2446 4843 685 843 4844 686 848 4845 685 2447 4846 696 849 4847 697 851 4848 669 2448 4849 675 852 4850 675 857 4851 669 2449 4852 681 858 4853 679 861 4854 696 2450 4855 698 862 4856 696 865 4857 679 2451 4858 683 866 4859 732 882 4860 733 2452 4861 709 883 4862 733 886 4863 731 2453 4864 720 887 4865 721 892 4866 720 2454 4867 731 893 4868 732 895 4869 704 2455 4870 710 896 4871 710 901 4872 704 2456 4873 716 902 4874 714 905 4875 731 2457 4876 733 906 4877 731 909 4878 714 2458 4879 718 910 4880 767 926 4881 768 2459 4882 744 927 4883 768 930 4884 766 2460 4885 755 931 4886 756 936 4887 755 2461 4888 766 937 4889 767 939 4890 739 2462 4891 745 940 4892 745 945 4893 739 2463 4894 751 946 4895 749 949 4896 766 2464 4897 768 950 4898 766 953 4899 749 2465 4900 753 954 4901 802 970 4902 803 2466 4903 779 971 4904 803 974 4905 801 2467 4906 790 975 4907 791 980 4908 790 2468 4909 801 981 4910 802 983 4911 774 2469 4912 780 984 4913 780 989 4914 774 2470 4915 786 990 4916 784 993 4917 801 2471 4918 803 994 4919 801 997 4920 784 2472 4921 788 998 4922 837 1014 4923 838 2473 4924 814 1015 4925 838 1018 4926 836 2474 4927 825 1019 4928 826 1024 4929 825 2475 4930 836 1025 4931 837 1027 4932 809 2476 4933 815 1028 4934 815 1033 4935 809 2477 4936 821 1034 4937 819 1037 4938 836 2478 4939 838 1038 4940 836 1041 4941 819 2479 4942 823 1042 4943 872 1058 4944 873 2480 4945 849 1059 4946 873 1062 4947 871 2481 4948 860 1063 4949 861 1068 4950 860 2482 4951 871 1069 4952 872 1071 4953 844 2483 4954 850 1072 4955 850 1077 4956 844 2484 4957 856 1078 4958 854 1081 4959 871 2485 4960 873 1082 4961 871 1085 4962 854 2486 4963 858 1086 4964 907 1102 4965 908 2487 4966 884 1103 4967 908 1106 4968 906 2488 4969 895 1107 4970 896 1112 4971 895 2489 4972 906 1113 4973 907 1115 4974 879 2490 4975 885 1116 4976 885 1121 4977 879 2491 4978 891 1122 4979 889 1125 4980 906 2492 4981 908 1126 4982 906 1129 4983 889 2493 4984 893 1130 4985 942 1146 4986 943 2494 4987 919 1147 4988 943 1150 4989 941 2495 4990 930 1151 4991 931 1156 4992 930 2496 4993 941 1157 4994 942 1159 4995 914 2497 4996 920 1160 4997 920 1165 4998 914 2498 4999 926 1166 5000 924 1169 5001 941 2499 5002 943 1170 5003 941 1173 5004 924 2500 5005 928 1174 5006 977 1190 5007 978 2501 5008 954 1191 5009 978 1194 5010 976 2502 5011 965 1195 5012 966 1200 5013 965 2503 5014 976 1201 5015 977 1203 5016 949 2504 5017 955 1204 5018 955 1209 5019 949 2505 5020 961 1210 5021 959 1213 5022 976 2506 5023 978 1214 5024 976 1217 5025 959 2507 5026 963 1218 5027 1012 1234 5028 1013 2508 5029 989 1235 5030 1013 1238 5031 1011 2509 5032 1000 1239 5033 1001 1244 5034 1000 2510 5035 1011 1245 5036 1012 1247 5037 984 2511 5038 990 1248 5039 990 1253 5040 984 2512 5041 996 1254 5042 994 1257 5043 1011 2513 5044 1013 1258 5045 1011 1261 5046 994 2514 5047 998 1262 5048 1047 1278 5049 1048 2515 5050 1024 1279 5051 1048 1282 5052 1046 2516 5053 1035 1283 5054 1036 1288 5055 1035 2517 5056 1046 1289 5057 1047 1291 5058 1019 2518 5059 1025 1292 5060 1025 1297 5061 1019 2519 5062 1031 1298 5063 1029 1301 5064 1046 2520 5065 1048 1302 5066 1046 1305 5067 1029 2521 5068 1033 1306 5069 1082 1322 5070 1083 2522 5071 1059 1323 5072 1083 1326 5073 1081 2523 5074 1070 1327 5075 1071 1332 5076 1070 2524 5077 1081 1333 5078 1082 1335 5079 1054 2525 5080 1060 1336 5081 1060 1341 5082 1054 2526 5083 1066 1342 5084 1064 1345 5085 1081 2527 5086 1083 1346 5087 1081 1349 5088 1064 2528 5089 1068 1350 5090 1117 1366 5091 1118 2529 5092 1094 1367 5093 1118 1370 5094 1116 2530 5095 1105 1371 5096 1106 1376 5097 1105 2531 5098 1116 1377 5099 1117 1379 5100 1089 2532 5101 1095 1380 5102 1095 1385 5103 1089 2533 5104 1101 1386 5105 1099 1389 5106 1116 2534 5107 1118 1390 5108 1116 1393 5109 1099 2535 5110 1103 1394 5111 1152 1410 5112 1153 2536 5113 1129 1411 5114 1153 1414 5115 1151 2537 5116 1140 1415 5117 1141 1420 5118 1140 2538 5119 1151 1421 5120 1152 1423 5121 1124 2539 5122 1130 1424 5123 1130 1429 5124 1124 2540 5125 1136 1430 5126 1134 1433 5127 1151 2541 5128 1153 1434 5129 1151 1437 5130 1134 2542 5131 1138 1438 5132 1187 1454 5133 1188 2543 5134 1164 1455 5135 1188 1458 5136 1186 2544 5137 1175 1459 5138 1176 1464 5139 1175 2545 5140 1186 1465 5141 1187 1467 5142 1159 2546 5143 1165 1468 5144 1165 1473 5145 1159 2547 5146 1171 1474 5147 1169 1477 5148 1186 2548 5149 1188 1478 5150 1186 1481 5151 1169 2549 5152 1173 1482 5153 1195 1514 5154 1204 2550 5155 1205 1515 5156 1197 1517 5157 1206 2551 5158 1204 1518 5159 1198 1520 5160 1191 2552 5161 1200 1521 5162 1190 1523 5163 1199 2553 5164 1200 1524 5165 1194 1526 5166 1196 2554 5167 1205 1527 5168 1192 1529 5169 1201 2555 5170 1199 1530 5171 1193 1532 5172 1202 2556 5173 1201 1533 5174 1193 1535 5175 1194 2557 5176 1203 1536 5177 1224 1596 5178 1253 2558 5179 1256 1597 5180 1232 1599 5181 1261 2559 5182 1264 1600 5183 1220 1602 5184 1249 2560 5185 1250 1603 5186 1230 1605 5187 1235 2561 5188 1264 1606 5189 1213 1608 5190 1242 2562 5191 1243 1609 5192 1220 1611 5193 1222 2563 5194 1251 1612 5195 1227 1614 5196 1256 2564 5197 1263 1615 5198 1215 1617 5199 1244 2565 5200 1242 1618 5201 1229 1620 5202 1258 2566 5203 1257 1621 5204 1233 1623 5205 1234 2567 5206 1263 1624 5207 1228 1626 5208 1257 2568 5209 1251 1627 5210 1230 1629 5211 1259 1629 5212 1265 1630 5213 1223 1631 5214 1252 2569 5215 1253 1632 5216 1229 1634 5217 1236 2570 5218 1265 1635 5219 1217 1637 5220 1216 2571 5221 1245 1638 5222 1225 1640 5223 1254 2572 5224 1252 1641 5225 1219 1643 5226 1221 2573 5227 1250 1644 5228 1216 1646 5229 1209 2574 5230 1238 1647 5231 1231 1649 5232 1260 2575 5233 1261 1650 5234 1208 1652 5235 1237 2576 5236 1238 1653 5237 1212 1655 5238 1214 2577 5239 1243 1656 5240 1233 1658 5241 1262 2578 5242 1260 1659 5243 1210 1661 5244 1239 2579 5245 1237 1662 5246 1215 1664 5247 1218 2580 5248 1247 1665 5249 1211 1667 5250 1240 2581 5251 1239 1668 5252 1225 1670 5253 1226 2582 5254 1255 1671 5255 1218 1673 5256 1219 2583 5257 1248 1674 5258 1212 1676 5259 1241 2584 5260 1240 1677 5261 1226 1679 5262 1217 2585 5263 1246 1680 5264 1266 1682 5265 1267 2586 5266 1274 1683 5267 1268 1686 5268 1266 2587 5269 1275 1687 5270 1269 1689 5271 1275 2588 5272 1274 1690 5273 1275 1692 5274 1269 2589 5275 1271 1693 5276 1276 1696 5277 1277 2590 5278 1284 1697 5279 1278 1700 5280 1276 2591 5281 1285 1701 5282 1279 1703 5283 1285 2592 5284 1284 1704 5285 1285 1706 5286 1279 2593 5287 1281 1707 5288 1298 1748 5289 1315 2594 5290 1316 1749 5291 1291 1751 5292 1308 2595 5293 1309 1752 5294 1291 1754 5295 1293 1755 5296 1310 1755 5297 1294 1757 5298 1311 2596 5299 1312 1758 5300 1301 1760 5301 1318 2597 5302 1317 1761 5303 1297 1763 5304 1299 2598 5305 1316 1764 5306 1287 1766 5307 1304 2599 5308 1311 1767 5309 1287 1769 5310 1286 2600 5311 1303 1770 5312 1290 1772 5313 1292 2601 5314 1309 1773 5315 1288 1775 5316 1305 2602 5317 1303 1776 5318 1293 1778 5319 1296 2603 5320 1313 1779 5321 1289 1781 5322 1306 2604 5323 1305 1782 5324 1301 1784 5325 1302 2605 5326 1319 1785 5327 1296 1787 5328 1297 2606 5329 1314 1788 5330 1290 1790 5331 1307 2607 5332 1306 1791 5333 1295 1793 5334 1312 2608 5335 1319 1794 5336 1339 1854 5337 1336 2609 5338 1365 1855 5339 1344 1857 5340 1373 2610 5341 1376 1858 5342 1333 1860 5343 1332 2611 5344 1361 1861 5345 1347 1863 5346 1376 2612 5347 1371 1864 5348 1326 1865 5349 1325 2613 5350 1354 1866 5351 1334 1868 5352 1363 2614 5353 1361 1869 5354 1339 1871 5355 1368 2615 5356 1375 1872 5357 1325 1874 5358 1327 2616 5359 1356 1875 5360 1340 1877 5361 1341 2617 5362 1370 1878 5363 1346 1880 5364 1375 2618 5365 1374 1881 5366 1334 1883 5367 1340 2619 5368 1369 1884 5369 1342 1886 5370 1371 2620 5371 1377 1887 5372 1336 1889 5373 1335 2621 5374 1364 1890 5375 1341 1892 5376 1348 2622 5377 1377 1893 5378 1328 1895 5379 1357 2623 5380 1358 1896 5381 1337 1898 5382 1366 2624 5383 1364 1899 5384 1333 1901 5385 1362 2625 5386 1360 1902 5387 1328 1904 5388 1321 2626 5389 1350 1905 5390 1343 1907 5391 1372 2627 5392 1373 1908 5393 1321 1910 5394 1320 2628 5395 1349 1911 5396 1326 1913 5397 1355 2629 5398 1353 1914 5399 1343 1916 5400 1345 2630 5401 1374 1917 5402 1322 1919 5403 1351 2631 5404 1349 1920 5405 1327 1922 5406 1330 2632 5407 1359 1923 5408 1323 1925 5409 1352 2633 5410 1351 1926 5411 1337 1928 5412 1338 2634 5413 1367 1929 5414 1330 1931 5415 1331 2635 5416 1360 1932 5417 1324 1934 5418 1353 2636 5419 1352 1935 5420 1329 1937 5421 1358 2637 5422 1367 1938 5423 1394 1997 5424 1423 2638 5425 1426 1998 5426 1402 2000 5427 1431 2639 5428 1434 2001 5429 1390 2003 5430 1419 2640 5431 1420 2004 5432 1405 2006 5433 1434 2641 5434 1429 2007 5435 1383 2009 5436 1412 2642 5437 1413 2010 5438 1390 2012 5439 1392 2643 5440 1421 2013 5441 1397 2015 5442 1426 2644 5443 1433 2016 5444 1385 2018 5445 1414 2645 5446 1412 2019 5447 1398 2021 5448 1399 2646 5449 1428 2022 5450 1403 2024 5451 1404 2647 5452 1433 2025 5453 1398 2027 5454 1427 2648 5455 1421 2028 5456 1406 2030 5457 1400 2649 5458 1429 2031 5459 1393 2033 5460 1422 2650 5461 1423 2034 5462 1399 2036 5463 1406 2651 5464 1435 2037 5465 1387 2039 5466 1386 2040 5467 1415 2040 5468 1395 2042 5469 1424 2652 5470 1422 2043 5471 1389 2045 5472 1391 2653 5473 1420 2046 5474 1386 2048 5475 1379 2049 5476 1408 2049 5477 1401 2051 5478 1430 2654 5479 1431 2052 5480 1379 2054 5481 1378 2655 5482 1407 2055 5483 1384 2057 5484 1413 2656 5485 1411 2058 5486 1403 2060 5487 1432 2657 5488 1430 2061 5489 1380 2063 5490 1409 2658 5491 1407 2064 5492 1388 2066 5493 1417 2659 5494 1414 2067 5495 1381 2069 5496 1410 2660 5497 1409 2070 5498 1395 2071 5499 1396 2661 5500 1425 2072 5501 1388 2074 5502 1389 2662 5503 1418 2075 5504 1382 2077 5505 1411 2663 5506 1410 2078 5507 1396 2080 5508 1387 2664 5509 1416 2081 5510 1436 2083 5511 1437 2665 5512 1444 2084 5513 1438 2087 5514 1436 2666 5515 1445 2088 5516 1439 2090 5517 1445 2667 5518 1444 2091 5519 1445 2093 5520 1439 2668 5521 1441 2094 5522 1478 2099 5523 1479 2669 5524 1455 2100 5525 1479 2103 5526 1477 2670 5527 1466 2104 5528 1467 2109 5529 1466 2671 5530 1477 2110 5531 1478 2112 5532 1450 2672 5533 1456 2113 5534 1456 2118 5535 1450 2673 5536 1462 2119 5537 1460 2122 5538 1477 2674 5539 1479 2123 5540 1477 2126 5541 1460 2675 5542 1464 2127 5543 1497 2199 5544 1526 2676 5545 1529 2200 5546 1508 2202 5547 1505 2677 5548 1534 2203 5549 1493 2205 5550 1522 2678 5551 1523 2206 5552 1508 2208 5553 1537 2679 5554 1532 2209 5555 1487 2211 5556 1486 2680 5557 1515 2212 5558 1493 2214 5559 1495 2681 5560 1524 2215 5561 1500 2217 5562 1529 2682 5563 1536 2218 5564 1488 2220 5565 1517 2683 5566 1515 2221 5567 1501 2223 5568 1502 2684 5569 1531 2224 5570 1506 2226 5571 1507 2685 5572 1536 2227 5573 1495 2229 5574 1501 2686 5575 1530 2230 5576 1503 2232 5577 1532 2687 5578 1538 2233 5579 1496 2235 5580 1525 2688 5581 1526 2236 5582 1509 2238 5583 1538 2689 5584 1531 2239 5585 1489 2241 5586 1518 2690 5587 1519 2242 5588 1498 2244 5589 1527 2691 5590 1525 2245 5591 1492 2247 5592 1494 2692 5593 1523 2248 5594 1489 2250 5595 1482 2693 5596 1511 2251 5597 1505 2253 5598 1504 2694 5599 1533 2254 5600 1482 2255 5601 1481 2695 5602 1510 2256 5603 1487 2258 5604 1516 2696 5605 1514 2259 5606 1504 2261 5607 1506 2697 5608 1535 2262 5609 1483 2264 5610 1512 2698 5611 1510 2265 5612 1491 2267 5613 1520 2699 5614 1517 2268 5615 1483 2269 5616 1484 2700 5617 1513 2270 5618 1499 2272 5619 1528 2701 5620 1527 2273 5621 1492 2275 5622 1521 2702 5623 1520 2276 5624 1485 2278 5625 1514 2703 5626 1513 2279 5627 1490 2281 5628 1519 2704 5629 1528 2282 5630 1539 2284 5631 1540 2705 5632 1547 2285 5633 1541 2288 5634 1539 2706 5635 1548 2289 5636 1542 2291 5637 1548 2707 5638 1547 2292 5639 1548 2294 5640 1542 2708 5641 1544 2295 5642 1549 2298 5643 1550 2709 5644 1557 2299 5645 1551 2302 5646 1549 2710 5647 1558 2303 5648 1552 2305 5649 1558 2711 5650 1557 2306 5651 1558 2308 5652 1552 2712 5653 1554 2309 5654</p>
        </triangles>
      </mesh>
    </geometry>
  </library_geometries>
  <library_visual_scenes>
    <visual_scene id="Scene" name="Scene">
      <node id="Trank_001" name="Trank.001" type="NODE">
        <matrix sid="transform">1 0 0 0 0 1 1.62921e-7 0 0 -1.62921e-7 1 0 0 0 0 1</matrix>
        <instance_geometry url="#tree_002-mesh" name="Trank.001">
          <bind_material>
            <technique_common>
              <instance_material symbol="Trank-material" target="#Trank-material">
                <bind_vertex_input semantic="UVMap" input_semantic="TEXCOORD" input_set="0"/>
              </instance_material>
            </technique_common>
          </bind_material>
        </instance_geometry>
      </node>
      <node id="Leaves_001" name="Leaves/001" type="NODE">
        <matrix sid="transform">1 0 0 0 0 1 1.62921e-7 0 0 -1.62921e-7 1 0 0 0 0 1</matrix>
        <instance_geometry url="#Vert_019-mesh" name="Leaves/001">
          <bind_material>
            <technique_common>
              <instance_material symbol="Leavs-material" target="#Leavs-material">
                <bind_vertex_input semantic="UVMap" input_semantic="TEXCOORD" input_set="0"/>
              </instance_material>
            </technique_common>
          </bind_material>
        </instance_geometry>
      </node>
      <node id="Camera" name="Camera" type="NODE">
        <matrix sid="transform">0.6859207 -0.3240135 0.6515582 7.358891 0.7276763 0.3054208 -0.6141704 -6.925791 0 0.8953956 0.4452714 4.958309 0 0 0 1</matrix>
        <instance_camera url="#Camera-camera"/>
      </node>
      <node id="Light" name="Light" type="NODE">
        <matrix sid="transform">-0.2908646 -0.7711008 0.5663932 4.076245 0.9551712 -0.1998834 0.2183912 1.005454 -0.05518906 0.6045247 0.7946723 5.903862 0 0 0 1</matrix>
        <instance_light url="#Light-light"/>
      </node>
    </visual_scene>
  </library_visual_scenes>
  <scene>
    <instance_visual_scene url="#Scene"/>
  </scene>
</COLLADA>